household_id,area_code,registered_at,notes
8cd806b7-b5b8-4bd6-beb1-270a44a3699a,AR008,2024-09-29,
513a8c22-0038-4f7d-97a9-b44e4daf2e14,AR002,2026-04-20,
186907b6-3a61-456c-8bac-2a720b63e680,AR001,2025-05-14,
e3ac83bc-9ef5-4457-be20-d86c991a48ca,AR003,2025-02-07,
129b7e04-b0c0-4595-a526-9b48815af1a7,AR002,2025-02-24,
8c327e35-801d-465e-9820-c8ce3c00bc68,AR016,2024-04-20,
805a916b-d592-41cf-890e-055a64576a3c,AR002,2025-02-12,
e7c02160-9c6b-4d06-8cfe-716013883cd2,AR008,2025-01-03,
1ce3bde6-9e5a-42cd-9add-8306dd0f56b2,AR017,2026-07-26,
a1d37a31-a5d6-4e34-8d91-8720d7a93623,AR012,2026-06-16,
dec05c07-4ecd-487d-af3b-ae6b3ddb6dfd,AR003,2025-03-03,
852ee83f-e93f-4e5d-945d-6e452ba86076,AR022,2024-06-25,
4f653660-4ee5-406d-ad0d-c4d70245e689,AR018,2025-09-10,
7e594e36-2de5-4768-8670-2f9750d2ed91,AR019,2025-02-10,
57b24f6a-671d-4e10-b1a6-c88430e04b0c,AR002,2026-02-22,
f515c4b8-c830-42b5-8d8b-51d8d2cd3afe,AR002,2025-07-23,
3128eaf0-3d03-4de7-9555-62e7dc75ea9f,AR027,2024-11-08,
628f536f-6ada-4acd-ae14-bc62dfaa5c8b,AR006,2025-01-27,
40ffb6b0-594f-415b-b0e4-4a76ca8861be,AR004,2026-05-16,
26c7a631-84bf-4845-ac6d-d76aadc9d6ef,AR007,2024-07-20,
87099c22-e456-4346-b8ec-8d06ef3522a1,AR015,2024-06-08,
bd8db93a-2403-494c-bbc8-15f86a709105,AR029,2025-07-04,
dece5487-c11a-47d7-8aad-a0bbe1c40bf1,AR004,2025-10-31,
97fc81ba-93fc-4922-8454-392d11fbc178,AR027,2025-05-18,
0dc18a98-f320-49cd-a3e7-b324110045ec,AR001,2024-09-25,
6e35951f-3823-419e-8442-0e71e220b557,AR010,2025-07-26,
97ebb2bf-6a7e-4d06-90a4-a132b38581b8,AR014,2026-07-28,
be94deb2-550b-454e-91c6-2fc28e658f10,AR002,2026-06-21,
4292483d-660f-4b9e-98b2-91556e9bb3be,AR002,2024-09-16,
b84f5495-99f5-41a1-ae21-8bab28eac937,AR006,2024-10-08,
fb9410ab-bfae-4fd5-ad76-443a4f2d8292,AR029,2024-10-21,
8bef87e9-3f01-4e5a-a2c6-bb34f1eba19e,AR012,2026-05-06,
e60e3792-8a22-4a06-a0a4-ab4cb3183b79,AR027,2026-03-28,
9db036d0-fa60-4f3e-a079-7731619efe80,AR022,2025-09-14,
3532274c-1f07-4b06-96ff-622e3ff8af8d,AR007,2026-02-04,
c42580f4-b13d-412e-98ce-133e693bf472,AR021,2025-09-21,
a67a1e7f-656f-4aac-a842-776e6c7e96cc,AR001,2025-04-25,
6e40d7e4-f562-4f73-b18d-3b403a2d8548,AR002,2025-12-23,
b980dd5a-755d-4764-ba69-86beab810b6e,AR023,2026-05-08,
ad30b799-b242-4a28-a378-7aa096f7b903,AR021,2025-09-07,
9e9d9445-0493-4365-8bb0-789993f79c65,AR003,2024-12-03,
a865d1a2-2bbc-4d41-8bed-065c044ebe31,AR009,2025-03-04,
d6b8b930-afe3-42b0-ac61-6961fc401a6c,AR013,2025-11-17,
16ec42f5-d73d-46a2-b16a-5af03771fa73,AR025,2025-11-26,
e64a9cbb-de67-4465-8417-53444b2785e0,AR013,2025-04-03,
bfa89ce1-6458-4a85-87d1-e4faacf28f34,AR006,2026-03-26,
04490969-5b41-457a-a378-b0dfdcc058db,AR005,2024-08-28,
253ab49c-7f9d-4cb5-b7c3-733541ea947c,AR006,2024-07-28,
26a4ddeb-c62a-4bde-8589-80dcab478339,AR015,2026-08-01,
75002ea5-efb6-4cce-b494-936e886db746,AR025,2024-05-01,
eaa21645-d92f-43a1-b353-1470d290d9f2,AR006,2026-08-03,
5c559d2e-6a83-418c-8a12-1ecbee3f6f1a,AR004,2025-07-21,
71a8a674-e462-477d-ac0f-7d66c76f3e2e,AR004,2025-01-20,
c22aaaed-26d0-46f9-a9e7-252d28d4ee6f,AR019,2025-11-12,
9a5f59dd-1f9d-4b0b-bcd5-1949801ae0f1,AR022,2026-02-27,
eb961610-90a6-473b-bf67-4594b48b9e43,AR002,2026-07-13,
6922a7a3-5b38-409d-b1ad-0b11d4559062,AR001,2024-11-29,
27724007-e36b-4a43-8af7-bafd8ccdea00,AR012,2026-07-22,
c13474ea-39ea-48c5-8493-566d5397dd90,AR002,2025-06-28,
62203def-5ff5-45c8-8df5-9dfeaade1653,AR023,2025-09-16,
72d9ca14-f788-429f-a7df-87a555933ac0,AR004,2024-05-04,
e0c1e422-82c7-4c1f-8f2e-677d04b1b298,AR002,2024-06-05,
34ef1097-e80f-47d2-a25d-71cc08a36c4c,AR027,2024-09-11,
fe259e26-23de-4373-aa25-ef40d99800f3,AR003,2024-11-26,
da91ffd0-4b3d-4eb8-b0e8-7b609dbcc285,AR004,2025-05-08,
f93936ac-3ee2-4ea8-a483-ba6dbedf5a8b,AR002,2025-10-24,
51fe83a6-f549-49b6-be7f-f5ab87abb014,AR002,2026-04-01,
2df2b118-4eac-4897-b359-369b3e1e04d8,AR001,2024-05-03,
76170acc-507e-4709-b616-0c055c01b0e3,AR001,2025-09-23,
53391980-403b-422b-a9c9-53c47cf74594,AR003,2025-08-15,
55e555d4-6690-4001-b4fc-af339c94ce6a,AR001,2026-04-23,
503ca02f-cb6e-4c36-9caa-78c5ceef1322,AR012,2025-12-26,
2395fa12-7836-404a-aae1-5405fe09ac14,AR016,2025-02-17,
f450c18f-ecb5-4298-a38d-054b783eb6c1,AR006,2025-08-18,
4cad851d-f2bb-4195-b686-9a973147137f,AR005,2025-04-01,
71d96325-92b0-405e-8fa5-87f3ffcc6d6a,AR008,2026-02-20,
bbded315-839e-4caa-a7a4-0a21b78a2f16,AR025,2026-06-13,
5db3030f-3985-4c69-b9d1-f829a9f1e884,AR024,2024-07-14,
779904cc-d3c9-43d5-8fb4-f2931b36fe1a,AR001,2025-08-13,
c01fec30-ca2e-49cd-a300-4b292c8850d7,AR003,2025-10-13,
b623c42f-52cc-4579-a7f1-278409c5f5c2,AR004,2025-12-18,
f852124f-49c9-45f9-896f-5fc02309019a,AR004,2025-01-28,
5fafbfe2-084d-4ae4-ac21-f692e4a0d6c8,AR011,2025-04-21,
02979efc-1bf7-4321-9ad6-385a9a926792,AR006,2025-09-19,
d8828098-0e51-40da-b18b-f72c8eaf0595,AR001,2024-06-05,
36bd45d4-aab6-462c-9a32-d8ac418d4a1b,AR005,2024-06-30,
80d6a3ee-f171-4c32-a324-3db38ada30c8,AR009,2026-03-04,
8c35411a-c287-4165-a5a4-89c2f10ef1e2,AR002,2025-02-11,
9c71fc32-adff-4f81-acd9-1cf5ae465a36,AR023,2024-05-03,
06883683-4ba2-4dcc-a171-e67179bcdc08,AR001,2025-06-25,
d2ac4437-b8e3-4fce-9a6d-0de259804b7d,AR027,2026-07-28,
60093b00-b28b-4342-b8ab-a3df205fd95f,AR002,2026-05-01,
7b814239-ca0f-4d5c-9190-04b7ab1e9c80,AR023,2025-01-20,
bbb9b059-1c84-4aba-bb0d-912660295181,AR026,2024-06-30,
5fa0f2ba-730d-4087-bbc1-75bb647cf97f,AR030,2026-05-04,
2d6eba08-9257-4241-bcc0-c062293f6280,AR022,2025-05-05,
f1971d2e-b828-4db4-9c5c-9ed82ba0f99d,AR021,2025-06-17,
b4388bf1-e48a-4e33-a74b-36d75ff5a167,AR014,2025-12-19,
3d76ca3a-126f-46d9-9f92-fb9820c07838,AR021,2025-02-20,
29bc5e77-6a50-4060-9981-382f114ae78a,AR002,2024-07-21,
4178440e-8fcc-4cc6-8c68-d784abb12338,AR010,2026-01-27,
6bcd8f9e-17e2-4a9d-8a0c-2c1818175f12,AR009,2026-07-07,
15faa1ed-d7ea-4ff5-b770-41af490a0c9d,AR024,2025-10-15,
f9dffc45-3fed-4270-9f77-c768f78bd10e,AR006,2025-11-23,
8172b720-1591-47d4-9109-f6e111831766,AR005,2024-11-29,
30c194e0-5924-40e4-afc0-f54d08acb8b6,AR014,2025-05-13,
73d467e1-8e61-47ac-9542-b00757b1f6ae,AR004,2026-08-08,
594ff0f4-f3dc-4a6d-8bbd-192a1808afa2,AR002,2025-11-01,
f27e772f-e556-4df7-9396-8dcb9dee887a,AR007,2024-11-22,
05b8e5f6-e97c-430c-941a-2e8628c7c4b0,AR006,2025-07-05,
a260120b-9771-402a-9d58-b08c56fc940d,AR003,2025-04-21,
f3f581cd-3a5c-49d3-8075-560e7c35fd2a,AR005,2026-01-06,
81c3ebee-c4c1-424f-b92e-ae45bd3cff98,AR005,2025-11-19,
e78aa64e-7ed0-4a10-af95-b7117e8d4afa,AR005,2026-05-02,
2b4c50d5-1078-42d1-923d-478affb58c03,AR005,2026-06-13,
baddfc83-19e0-4ae7-b313-cee906b68a6d,AR016,2026-07-22,
e001fb72-5e1c-4324-a6a1-6caac3cdf1b0,AR004,2025-02-26,
a0aa8b70-aea8-4395-8434-26afa62e2d41,AR028,2026-04-08,
9f49d62e-28ea-46ee-9d75-5c1446d87e31,AR027,2025-04-11,
4d1680d0-6818-4789-a981-178c592b1f34,AR007,2024-05-16,
6386632c-24c8-4274-8f21-1a11c234dde4,AR005,2024-12-25,
a09145e1-7a17-4f39-983b-b31e8f04358a,AR010,2025-04-10,
201f88a0-ea02-4df1-9b2c-b4acc1b94aaa,AR024,2026-05-14,
d938f6c9-f5b2-48ff-9b3b-a533235fbace,AR015,2025-06-24,
216190de-0cb1-4950-a508-cb0d2385470b,AR022,2024-07-09,
bf11de36-3cda-4143-aba5-130dc0de483d,AR009,2025-09-23,
75df5a46-82ee-4c82-9f2b-bc5bc9139c1a,AR014,2024-09-04,
9e0fba95-cc68-4b94-a438-b08b292ba92e,AR004,2024-12-15,
7ac34f85-441a-4bda-96f3-ef979703cbe5,AR019,2026-01-03,
6d9e7e01-f39b-4be4-a056-2e8c6a23cfd0,AR003,2026-04-23,
c7065f31-cc41-40f9-9b17-e85fa7ba187f,AR017,2026-08-09,
f93b4fb0-d691-4690-8f16-aa0ecbfb77f8,AR024,2025-12-26,
5b79d48a-d820-4f35-a361-34384357fd54,AR002,2025-11-07,
a0ae773a-f3f9-4aae-87df-2fe5a4462b0c,AR013,2025-01-30,
5584fa3b-d409-4d58-b558-46f645b0952e,AR002,2025-04-12,
35cf30b4-4a98-4883-af75-df32c3005078,AR018,2025-07-03,
2e718155-5bfe-4fba-98e0-c0f86b56dfd9,AR002,2024-12-03,
41c27d56-68f1-435d-bb10-e971d29fa7dc,AR028,2024-10-23,
1263203f-3065-42ff-a6e6-209534619998,AR002,2024-12-11,
9502ec3a-481b-4257-81aa-e1126daea2fd,AR029,2024-07-04,
0128463b-cfc4-44f7-9bf9-d031ec587fa0,AR022,2025-10-15,
a0363620-6f3f-4fd1-bab0-f486b8bd29d1,AR012,2024-09-06,
19bca7c0-57e3-450c-ab8e-08522af683d4,AR021,2025-08-22,
75424454-f665-4be9-b480-348dbe6d86dc,AR021,2026-03-16,
ab635338-efad-42e8-bdc1-b75547bbebad,AR028,2026-04-19,
7cad1782-5cfe-46bc-9261-1e75bd41cb1b,AR004,2026-06-05,
9357d3fe-7f9d-4ca9-bfe6-9f251685d92c,AR012,2024-05-14,
ea0ad605-565d-42eb-aec4-28607215baef,AR002,2026-03-29,
cbf0c165-704b-492f-9b4b-2a79e0463c0a,AR013,2024-08-27,
79a04f74-1054-4841-85f9-de08a1864e7a,AR003,2024-10-11,
b6efbec4-be81-4e8c-82e5-110fc9922535,AR011,2025-08-06,
f4551abd-754e-4964-8d0a-2201107ac522,AR011,2024-06-19,
a6037457-96ef-474a-9f7f-364617e75cfe,AR006,2024-06-24,
41266352-768c-4ff4-89a3-589e7bd41f08,AR009,2024-06-09,
1f7cf221-1662-459b-9638-e3983e60ef1f,AR020,2025-06-17,
5c420fcc-bdee-42fc-aec1-137c55b7df76,AR021,2025-12-07,
870bfc64-b856-496e-9083-325ffe9c27c6,AR008,2026-07-16,
cd0f112f-53a7-4693-a55b-5d67e6019b0f,AR012,2024-08-22,
3946cd36-7a22-4025-bbea-27b9d3bffc68,AR027,2024-07-25,
89d216f9-d730-4760-b19a-c0f9230e6914,AR002,2025-05-14,
7944aca7-f080-4b93-be12-ad9c0ce10bd2,AR002,2026-06-23,
25912f83-ab17-4d9f-b8ce-ebc11aa44f61,AR002,2024-09-07,
ea3f45ce-027b-4fc3-b796-fbf808917375,AR015,2025-12-07,
179b7720-5ef0-442f-ad91-820556d0228a,AR006,2025-05-03,
ed30543c-9d31-4e7f-8e15-22a24fe33430,AR020,2025-01-27,
9e307440-beb6-4e85-8cc1-6eec34de681b,AR016,2026-04-19,
cd6d9967-14e6-4c45-8645-06fced5f48b4,AR005,2026-06-30,
53544d63-f010-4fe6-9ed2-600118e59a3f,AR026,2026-06-16,
b486afa0-2ef2-49d9-baae-b20f921c848e,AR020,2024-05-11,
d7c54c17-617f-44c6-ab73-e7c6579a248d,AR004,2024-05-13,
1b857a45-6e62-4030-b73c-78ab27091f4a,AR005,2025-08-17,
9ffb9828-cbc1-4a47-86a9-5c7bd2df58ef,AR005,2025-08-18,
93b1e740-ef8b-4114-ad1d-38ea113b5719,AR003,2025-09-04,
62c4fade-68f5-491b-9e20-26da39304588,AR002,2025-10-23,
ba8b251f-6b71-4553-93d2-8ba1df7e682c,AR028,2025-05-07,
8e410a39-d5f2-46d1-8d25-af4a8bac4804,AR006,2025-10-18,
9069dd4e-1f09-4965-80f7-218281aaf3ff,AR005,2025-03-05,
94eb651b-23a5-4c93-992f-bf3c6cc5d8af,AR018,2025-09-28,
2477cb0a-0bf0-43e3-b973-8861710395df,AR010,2025-02-21,
56260051-aa53-4e4e-82e4-8e39d947664c,AR028,2024-05-23,
663253ce-2cd9-409a-a5ce-8690ef670500,AR021,2026-02-25,
f18ac202-0729-4c1a-a343-f8c08d25a9fa,AR007,2026-06-30,
ca93c9d2-0126-4e09-b9f1-0418606388f9,AR005,2025-05-22,
0e1b0596-cd3b-4c1a-83fb-b4e2f07f1dd9,AR030,2026-05-12,
6d848601-6a1d-4537-ad56-d3843acf6cee,AR018,2026-02-03,
6b66373e-bc99-45d7-88f0-21d872f5df71,AR028,2024-10-06,
d99eb566-27bd-40bd-a401-8edf5bf5c3ba,AR002,2025-08-25,
3a2862d8-0547-4dce-af57-02ebf20e6167,AR024,2025-05-03,
e57c33c2-af5e-4612-bfd8-9f4c0daddb93,AR014,2024-10-17,
29b4bbc0-8cbc-4381-961f-cc35827a84b1,AR002,2026-05-04,
e68f5acc-aee5-405f-8c10-413d84331bb3,AR012,2025-07-03,
11eead0a-f350-45b3-b045-7be3120c0d55,AR016,2026-07-25,
f08cbbe6-003e-4cb8-8959-69633ef1d287,AR001,2025-06-15,
ee293097-3dfb-4d6d-85d5-33df4342a6c9,AR006,2026-02-09,
091ecf9d-6c0d-425a-a072-6ba32ccdb35a,AR023,2024-06-22,
e1036dfb-2e4d-42c0-bba0-ee52f5443fe2,AR004,2026-01-09,
4449404e-1c34-402b-9cdd-dfc562bcc4d9,AR006,2026-03-02,
81184d84-36a3-4748-86e0-857ffeb37c8a,AR006,2026-08-11,
3970f299-91dc-41f2-beaa-a4bbc6b596cc,AR004,2026-04-30,
92914c12-6c97-43d8-a980-83fe6caa0d7f,AR027,2026-02-17,
9a5d9cab-f5ad-484d-97ca-c788fbb2cd6d,AR021,2026-02-06,
d76a69ef-1597-4cfa-897e-a8174b579abd,AR002,2024-11-19,
054cb1c9-2599-4749-8a87-1fe40c281e38,AR030,2024-07-12,
4f4b2f5b-56f3-4f6f-9147-79afe7f53bf0,AR025,2024-08-09,
9c6afe39-40ee-45ae-b5c9-ffe3f8461e3f,AR004,2024-05-13,
7a3cb452-7bcd-40ee-b9dc-2a920620634c,AR023,2024-07-03,
33051291-1bf7-49f0-84dc-0dc9e468740f,AR002,2025-07-23,
5091c815-a397-4f6f-a7f9-a810400c0e52,AR030,2025-09-18,
5a6c46b8-e402-462f-b1be-11ac0b09cb66,AR015,2025-02-05,
be4417b8-282f-45d4-8e86-0a5e7df6cacf,AR015,2025-11-19,
0e1b7ece-122f-4c33-a89c-ab81b23ce2bf,AR002,2025-03-16,
66fbf659-41e6-4862-af8c-5fbef1075e5a,AR026,2024-04-06,
37ce64d4-383f-4acb-bf2d-7f556ea56884,AR001,2026-03-04,
b497b7ad-6996-4a7a-93fe-47bd91d2094b,AR004,2024-10-23,
41ed08e0-3e0e-47c1-8414-029d9878409c,AR002,2024-06-01,
2ee522bf-3f02-49e1-9278-1cb3dfdf1e56,AR020,2025-05-13,
b708bac0-df06-4061-be32-264b179d0164,AR003,2025-10-18,
c63eb822-80e4-445a-9088-05f8760391f4,AR026,2026-01-14,
11dbdd00-3f5f-4717-94aa-10a0235ee68c,AR015,2026-03-30,
324c91da-59e2-401a-acac-34201f6e3aec,AR001,2025-11-17,
fa0ac98a-ce2e-434a-b923-7685b4deb320,AR001,2024-11-12,
eb29f6ff-b926-4d2c-a277-f64ae7aa406f,AR001,2025-06-01,
f222bdc9-014e-475f-a3fb-4c98d5c7e2bc,AR013,2026-02-12,
4c781903-0c18-46e8-8012-81aedbea3fe7,AR022,2025-05-09,
4563a2f4-cb3e-4a32-bf09-d1fca98af06e,AR004,2024-09-19,
14e6ff48-9caf-4e1b-b548-dfb514b6b208,AR024,2026-08-12,
2f412f97-fbaf-4d90-b148-3782c8928f0a,AR001,2026-08-06,
a023a53a-cdcf-4db5-83a7-d41b578a5c45,AR022,2024-05-11,
2dbb513b-478a-4ef9-a4b2-0b8fa018c47a,AR027,2024-11-11,
6b033065-b5e2-411b-bcf4-11bbd5d08c9c,AR020,2025-04-10,
1d5c7610-5b3e-434c-a30f-904a18db177a,AR017,2024-06-26,
5f9cd89a-5ce0-411b-9ce7-4316ba7a618d,AR023,2025-03-29,
bee05f0d-ab5c-4bec-8775-b13a9d02bf67,AR001,2025-05-27,
a2077028-6d03-4439-aedf-64aac424d290,AR003,2026-02-21,
14b524d1-2d3b-4682-a662-817f62e8fc0d,AR002,2024-09-17,
30e7afbe-f5eb-4eda-936c-225503c27bcb,AR008,2024-10-27,
991b8936-ad56-4433-8139-d4faaa4975ab,AR019,2025-12-09,
9a619d6e-37d9-4bb0-b5ef-4ea5d249ee83,AR014,2024-11-20,
f1363ecd-fba5-4019-9337-b37be4b05dc8,AR024,2024-11-29,
3cf468c9-4f9b-49f2-a2de-eebc74843c0f,AR002,2026-06-02,
dd29bbf6-df13-4c02-b83a-98708b3f8ab6,AR019,2026-04-06,
c98f64c5-6ae8-499d-b85e-a2ed0efdc7f6,AR003,2025-03-24,
30dc840d-d387-4199-81c2-4ebef7230a0d,AR004,2025-02-27,
8814fd85-4281-416b-9273-3a75ad6a80d3,AR017,2025-01-28,
fb4c5c08-6ca2-4c15-8a1e-49b686fe791d,AR030,2025-10-03,
903ae8b5-b4fc-4e15-b7e6-69dcabdf332e,AR013,2024-08-27,
4c30115d-e9af-4dc1-8d34-823aafd5cc6e,AR001,2025-08-01,
49007661-ab7d-4fd1-9c25-90be20ad2b10,AR013,2026-02-25,
7594bd91-240d-4078-9607-5f77caabdb99,AR001,2026-05-15,
37bc7721-f651-469d-91d1-d54e2742cc3f,AR025,2024-07-21,
1086cadf-5e01-4669-a8e8-e0039f0f2052,AR017,2024-12-16,
eced6879-7a05-421b-8f99-f75ea0d0693d,AR003,2025-07-18,
97688e5a-5d84-4bcb-9349-121c504d3c31,AR002,2026-02-22,
0024f02f-3616-433d-b4bf-ff85c86ce86f,AR003,2026-06-01,
97b44c4a-dd43-46a2-9a15-66a24b499663,AR030,2026-04-13,
1e37649a-9be0-46f7-8a08-50ac59a8836a,AR006,2026-05-24,
528e52bb-b352-49a0-81c2-bf6f5083afeb,AR021,2025-05-20,
9a911ab6-acff-4fc7-8a4d-04ed5a07f1da,AR014,2026-03-04,
5c242654-6c2a-4b31-ad23-5444afced2d0,AR011,2026-05-04,
3e89912b-029e-4a72-8aa4-8872f44d6e80,AR002,2025-12-21,
7f06d673-378b-4e90-8a12-bfabe4d3a1fe,AR028,2024-12-23,
f0c26ea0-244b-44be-8b9b-bee853a93982,AR004,2025-06-18,
f2ee472f-bb48-461a-b56b-e689136c512c,AR012,2026-04-12,
ed1fce6d-691a-46fc-a353-2a3974e30cd3,AR017,2024-11-10,
2cc534fa-e6cc-4695-bb1c-35fa65066c47,AR015,2025-06-24,
abee0be4-b968-4220-8eb6-25a8b01dcd3b,AR028,2026-03-14,
013822d1-4c8c-456b-8c47-f341801e2525,AR002,2024-12-30,
db64dd0a-3713-4c6c-8a1f-a0d2bf90cbaf,AR008,2024-04-12,
c2b1d4a0-e0b0-4950-bf47-40748ea05fbb,AR006,2025-05-10,
e8ee9bd1-fdaf-46c4-b613-fb114924837d,AR007,2026-04-05,
52c4e2ec-817e-45ec-b11f-94e4297c2c15,AR002,2025-11-27,
02c3618a-3763-4cf9-b7dd-dd0150592a22,AR002,2025-03-20,
717e8fda-6a70-44dd-99b2-ac1875b579d2,AR004,2024-04-06,
84cc46f7-6ceb-4be3-9413-510d8ea9062a,AR004,2024-06-06,
3d694f5a-9ea9-4bab-91b8-bbb9fa4aa040,AR006,2024-06-03,
c6851f0d-c2b9-4ae8-85bc-c267e19bf817,AR013,2024-08-29,
f192eeda-fdf5-4745-85e9-934e7c59ea3f,AR014,2025-04-10,
9a28d0ac-126d-4ba4-93f3-57157e4b1c3c,AR006,2025-02-06,
4f8de3d7-67ea-41d4-ac8a-586746da8f06,AR006,2024-11-23,
193bfef3-b29b-4aab-8aa5-d1173fb6dd76,AR003,2024-12-09,
04610fc8-6e3d-41b5-8a0c-52870092c245,AR012,2025-02-14,
33c8b3e4-8a5a-419f-a822-f986612ef95d,AR005,2026-04-29,
b34f20e2-2439-4b74-ab51-cdaa663deae6,AR001,2024-07-19,
7af4f882-24ae-420f-9ea8-3a6a06fde762,AR006,2026-08-15,
8ccd2698-730f-4cc1-9458-ca00f9d9e447,AR007,2025-08-18,
22a2eede-b8fa-41ac-b276-55b4fc9e44db,AR003,2025-08-11,
291790f9-725b-4985-970a-1d1db52c1ebc,AR011,2024-04-09,
8a19f34e-2832-40c6-b7bc-67d96e9b266f,AR011,2026-06-07,
cdf7e728-650c-49c4-8aee-6866d2cf9bbc,AR017,2025-07-06,
362b4a55-1422-4a77-95b3-3212f633ecf1,AR015,2025-10-16,
e19b9d68-d328-4f38-a851-ce3ca5f51b14,AR015,2026-05-30,
a3c12bb6-0bd3-4031-b4ba-d20e65af2a45,AR005,2026-02-10,
0372d9f4-8d11-446f-9710-61525db1ee83,AR021,2025-08-21,
6e3bb3cd-edaf-499a-b750-3f1fca989b01,AR010,2024-06-17,
24455265-f6bf-49f8-a467-482cdd787347,AR006,2025-09-20,
ef4277d8-7f95-45cd-80fd-56cb3b18947f,AR014,2024-07-19,
d9c36553-42e0-49a9-bf86-0579f653ec13,AR005,2024-11-23,
dbb00f16-4937-4adc-baea-246e138e53a3,AR009,2024-09-10,
d4f5e745-3a10-4b0d-bb91-9b397144e0ca,AR019,2024-08-11,
94c7cec8-228d-4211-bb8b-05a91515e05b,AR025,2024-12-10,
ca6f5116-c83b-4e62-9b6c-afef590171e6,AR027,2024-11-23,
4dbe483d-a73b-4b78-bbfd-a2fb294e3a64,AR008,2026-04-11,
17a11c7c-0293-47b7-9a02-3f82177715e3,AR009,2024-12-08,
885996b3-d773-4ef7-8984-438b80fd09ad,AR021,2026-07-12,
183e9f6a-39a5-49d3-b512-94895cec9e1a,AR005,2024-11-20,
f616216d-4754-40ba-8941-ded4a1a73460,AR023,2025-02-01,
84c17879-f05f-445c-8ab1-a4d081642b79,AR008,2024-11-03,
51c2cba1-0eb9-4601-a0dd-ef9462445ced,AR002,2025-02-11,
066b44a9-30ff-49cc-85e3-ed4483159ed3,AR001,2025-10-07,
5ef4ee86-cfcb-4b8b-9bb8-2d14c2f8a72b,AR023,2025-10-06,
e3200b9d-4f96-4b25-8aeb-ba5ae6e1bca1,AR001,2025-03-23,
807e5812-337a-4cab-ad32-09c4d40ee3fa,AR004,2025-07-08,
a7d70bfb-ce13-4929-b9c6-60de2377b302,AR005,2025-10-31,
4dce9c30-fa45-4539-94c0-23e5b3b436e8,AR003,2025-06-24,
6736c812-402d-4f4e-9f31-1d43faf02d4e,AR005,2025-05-14,
60ccdc91-8108-4c14-9ac9-58e40923161d,AR019,2026-01-27,
ee34cb77-6798-4ce9-b080-32a1a4a75637,AR001,2025-02-14,
27dcfe01-a445-430e-a91f-d2fa4ed2c220,AR023,2025-11-23,
544ed7e8-e153-4bd8-9c90-dba99b6b5338,AR024,2026-01-03,
3cc12178-e26a-43d6-bd7b-e395619d9ee0,AR005,2025-08-25,
737196dd-e33f-435b-9f6c-0282059c8132,AR002,2026-05-26,
ce37fb83-c535-4806-bc1f-dd05e39b5cef,AR013,2025-03-17,
7573667d-ef5c-434b-8e23-f39023b96e26,AR002,2024-11-23,
a3345bf1-454a-498f-b4b2-d737b608fd8c,AR005,2024-05-14,
503160c4-bb45-461e-9745-328ecba791bc,AR029,2025-12-20,
0e18931c-f07b-4c67-8334-326f0d4db1a8,AR030,2025-05-12,
5b45aeb5-73ee-4ccf-b52b-43eddddeffd6,AR020,2025-06-11,
eb4d0362-5a4f-4803-9133-520c479c5fd5,AR004,2024-11-25,
25c3ea75-eef4-4faf-9552-9e532b1afa55,AR016,2025-02-26,
3e3474a3-7b10-457f-aa9d-41234fa3bf1c,AR017,2024-09-20,
f961fa43-df85-421f-bbb5-e2a6cd0db6ae,AR005,2024-08-13,
a29def47-c94c-4419-a7bb-028bf2e7ea83,AR014,2026-05-17,
28f0f950-f8d9-4875-b764-20583f2b1944,AR001,2025-10-19,
e2a94202-85e3-4228-919b-61f1a924986d,AR003,2025-02-01,
5a09db27-9bbb-4328-9c84-6430c93f21d5,AR009,2025-05-07,
9f8ca403-340d-48e0-8dff-5037d48a2806,AR003,2025-06-30,
6b57c0f0-87b1-4c05-a7a2-f1365dabe4e0,AR003,2026-03-26,
618805a8-a88e-419c-9c8e-910559357857,AR023,2025-04-12,
73b0c082-6416-41d7-ae6a-cb535a86ed24,AR030,2024-11-17,
8c10c81c-a82a-4a7c-a583-0e3de540d8f4,AR011,2026-07-21,
c5dc52e1-445e-4dbf-aae9-e483e528e924,AR023,2025-03-27,
ec956344-4d76-4431-9ed8-b129aa49792f,AR030,2024-06-26,
23b1b122-d832-4bc2-8100-5e8118f07a6d,AR002,2025-04-11,
6607aed6-a506-49ce-a36e-3026eb183d78,AR006,2024-05-17,
05e7c7d0-7e33-4c97-b4a4-57bf5070b497,AR006,2025-10-21,
7898c884-5cce-4aef-bf56-f7b27e48f2bc,AR002,2026-08-20,
89eeb55f-9874-41bf-a57d-441cea6c31b4,AR019,2025-01-07,
ceb93a1c-f9b4-401d-9fbc-4330c9ba55ae,AR006,2026-02-19,
33b2578a-44ec-4e80-a541-ae0856eee61c,AR007,2026-08-15,
e6861680-f4c0-4d47-9b54-07c735064f4e,AR002,2026-03-20,
ca92178d-7cf2-44b1-8f69-037d192dcff6,AR003,2024-06-02,
87080ac5-6f8b-40f2-9c81-926992b0969d,AR026,2024-10-13,
f6934118-7594-467b-a739-3db42bf603c6,AR001,2025-12-27,
ff50b9a5-3b27-4094-aa35-a36472fe2603,AR003,2025-03-21,
5851eed2-12d5-428a-a9cc-3524df68d14d,AR004,2025-11-01,
6b610880-4c75-4476-a261-393ebc39fac0,AR008,2026-03-22,
a4958992-bb5b-426a-8856-4431a5e4e133,AR012,2024-04-16,
0f454d96-4c37-4b62-9a87-c99d2785b2ab,AR008,2024-09-14,
33ada3af-8bfd-46c8-82a8-b4e36ef56c4f,AR002,2025-10-11,
802442c2-955d-4095-8b1f-4429032b63fa,AR004,2025-10-20,
9eb46d0e-1707-4e76-beaf-4fa679770fdf,AR023,2024-09-13,
0c5cb62e-faed-4c32-a2cc-a1604b5dfb08,AR014,2025-07-19,
e3eee618-d004-487a-84f6-ce4cef802470,AR015,2025-09-30,
ca752b7c-6044-417c-ad53-14c8edcbadd5,AR016,2025-09-21,
edc28a42-173e-4303-8945-4c9c1e3f7ec6,AR020,2025-07-31,
ff12f81b-2205-4b17-85f0-25b57ef76594,AR001,2025-05-27,
076386cf-bec8-477c-a3d1-8082df2f4ea1,AR005,2026-07-20,
259d0266-d458-4101-a5b4-ebfb718a35c3,AR010,2025-07-02,
bffbdad1-7b2d-4417-8ec3-c70a3ccbe68d,AR005,2025-08-06,
c4d9cebd-2add-4eae-9ad2-9be76b09bfbb,AR024,2025-12-28,
fe6dbbed-fd3c-43cf-94db-182c47834c13,AR007,2025-10-18,
84138f61-6b1c-4fa2-b628-4ddc97e9cde4,AR020,2025-08-19,
5b146094-f8f1-48f5-bcd6-b3edd567c075,AR024,2025-10-09,
52f641dd-b9eb-42b2-bc34-e5cbd8d4eef0,AR008,2024-06-24,
a4f7df1f-7df6-4e0c-8d36-577c919f305a,AR026,2025-05-21,
5989329a-7c97-43f5-afd7-2c12b79eab2a,AR012,2025-06-12,
d26ed18b-65d3-44aa-9be0-df3158773474,AR024,2026-01-07,
c552dded-9c35-4686-9ddc-b636dc941495,AR005,2024-06-17,
02b2ef52-3a87-4aef-b1d3-271638b55a8d,AR008,2026-08-03,
01dbcd26-6b85-4f93-a8e2-45138a011b53,AR009,2025-05-02,
be9b2a0a-bb35-4cf2-8fd8-58b3a1ec4378,AR002,2026-03-30,
46ef5511-fcac-4ec3-a19b-09809afd4fdc,AR006,2024-10-24,
877fc630-dcbe-4b5c-a37a-6f46914b770e,AR027,2025-09-28,
0455c740-ab8c-4696-8a84-beb99f425e9d,AR014,2025-12-11,
49641cb3-734a-41e7-a23d-13257a69741e,AR003,2026-07-04,
3eb80e3b-fe82-4f12-84a2-1109dd97e11a,AR005,2024-10-05,
810579cd-6d37-4946-a011-8427c7736679,AR003,2025-09-13,
f7470214-91e6-4d86-9dc6-39f19b27be9f,AR001,2026-01-06,
72646eb8-0e26-4ec9-93e7-202de8636d5d,AR027,2024-08-19,
50f3179c-de9b-4eeb-aec5-987b33ce8697,AR006,2026-08-06,
b8eaac5e-876b-41c5-8441-d765fb56970d,AR004,2025-07-12,
cf086c1e-52db-489d-9f5b-4159a873bb92,AR012,2026-04-06,
009c74d0-084c-4280-8551-b2513cc99bed,AR001,2026-05-05,
8af2eb66-c483-4923-8d64-9514c1d34e85,AR004,2026-08-05,
74fece77-3427-47d2-a6fe-f3dbc4badb22,AR017,2026-03-14,
0cbaf737-2f0a-424d-bc1a-86495b695bee,AR014,2024-05-22,
51a5c3f3-3f4c-46c0-9c95-4a60fc2d913c,AR030,2025-08-01,
47688135-14c5-4240-92c1-6263349d057e,AR013,2024-04-06,
fa829143-55d6-4752-8b24-417d340e51dc,AR007,2026-01-03,
3149d6a7-9ca9-40af-87c7-e6818d389e28,AR020,2024-10-29,
5f248f1e-6cc0-42a0-bb57-dbc8c19d41f2,AR026,2026-06-07,
ffa6aa3d-f441-4b87-9e60-bf75402fbd3d,AR018,2026-05-21,
a51276e7-2a53-4d0d-9833-976a1a3ac14d,AR029,2026-08-09,
bb6040fd-186c-4249-9c87-ac33af4e46cb,AR021,2024-07-02,
eb006522-99d9-4c57-8af5-acb1ce9a8181,AR025,2025-01-16,
97bd9d94-ef81-428f-b500-21596db58073,AR002,2024-11-14,
3b5a5557-b781-40e1-b973-33e18df94f61,AR018,2024-06-08,
724d3f8d-f55b-4856-a34d-d1bf676b2f07,AR006,2025-11-07,
419c6902-8434-4a86-b45f-9bc52bb24ba3,AR010,2024-12-03,
dbf42753-5288-4562-828d-561a1e7b33e4,AR015,2025-06-13,
e2e6f05d-c437-48d0-aa93-d073885063fd,AR029,2025-05-08,
25892a3a-2dee-478a-9062-c6f1077d4a4c,AR030,2025-01-25,
c71a2526-b5bc-416a-b900-1530cae8b257,AR004,2025-07-11,
64c71b1b-0901-4394-b4c3-6ff1f709a18f,AR019,2026-08-03,
9004373b-c1d1-4b38-8c83-86ed48d0a59b,AR019,2026-06-19,
b9a929fd-872d-4c76-a615-a6def349f550,AR005,2025-06-13,
6cbdbb30-d519-403f-b13b-eec98b0e6f77,AR002,2025-04-15,
775f27e9-1cef-4136-8596-66292bb9f088,AR001,2024-11-24,
06bc4b07-ed89-4fa6-8ecb-aa06c1990c7c,AR020,2025-04-13,
8ad35e1a-cb01-4fa5-9c3e-3adc5786e9a6,AR008,2026-03-13,
1025ac84-e758-41c1-b21c-410f637bab2c,AR030,2025-10-08,
775704ab-bcd2-4635-bd98-3ed5d1e1142f,AR006,2025-08-02,
6ad6e19e-d0b6-4281-b8cb-7a7721fd7010,AR030,2024-04-19,
a11f7af4-08be-4409-b986-b6ba5ab2177f,AR006,2025-05-17,
7daff4b1-ec00-4e59-aad5-bd1f1254584c,AR021,2025-02-17,
39105f98-bf9f-4fbf-911a-3130027f69d1,AR002,2024-11-22,
e19878fb-c320-4fe6-bcc5-62db4f3243d8,AR010,2025-10-12,
05af7a87-0173-42f4-980b-c63c0bd2fe2d,AR022,2024-05-06,
0356eee6-b773-49e3-a4d8-80d3ae8e9c71,AR027,2025-01-13,
1b6e772e-414f-4264-8bcb-a7a0ad96d7c3,AR023,2024-08-16,
472e2437-903f-4751-9882-f0c52335c127,AR001,2024-11-10,
77e0dc26-bac7-4d57-b27f-0b5e245fca7e,AR005,2025-03-01,
28ec3381-5e99-46b2-af24-86a5a9958aec,AR001,2026-07-28,
9c0179ad-9157-408a-8a87-a48652a80265,AR002,2025-04-03,
7a7bb0f7-a510-4a77-a620-5db9e50b1090,AR016,2026-05-03,
0511bc2b-971a-4aed-aed1-b19573880c44,AR018,2025-03-17,
c95a1c5c-651a-47a2-8620-5da93bea2431,AR020,2024-12-21,
837fc245-ef7d-4439-8817-f95f6805c3f6,AR024,2025-05-06,
708861de-0922-455f-8c02-7c3cf7120253,AR019,2025-11-28,
e09acc8e-dcce-4360-86dd-1c73f37a9d48,AR022,2026-07-03,
a3dd1fbd-5dec-41c5-8b07-e854873987f1,AR001,2025-01-17,
f68e1243-ea53-4e6c-8222-ed0e1b6c5a9e,AR004,2024-12-24,
a7eda420-6d89-45ae-ae69-479db6341a2f,AR013,2025-07-04,
497f5291-14ca-4689-802f-71eacaa03c33,AR024,2024-12-08,
155987ef-6959-455d-b3e3-06c584ed531f,AR001,2024-10-15,
aee97ece-11e3-4555-a124-c1c4a577d65b,AR009,2025-06-04,
5a38f784-2f5b-46a9-b4f5-febef7cf6822,AR016,2026-07-13,
81389a54-a1d6-47f1-bef4-55c1ed9cb020,AR001,2024-07-27,
15511607-9513-48b9-bcb8-39a6c63bd84c,AR006,2025-07-13,
ae7d8c62-5697-4ce1-b3ac-1371d52e1c19,AR026,2025-01-15,
97171963-896c-4433-bfa8-d79e767bc88f,AR016,2024-06-22,
dd52fafd-7f96-4d92-b68d-36a6fab5d6a9,AR004,2025-10-12,
fa069ee8-3db2-4d4a-afb3-ea66a74f0705,AR024,2025-02-28,
7c0819ae-209b-42d7-b038-9223a627216a,AR005,2026-08-06,
12105358-5c41-4c03-bf1c-1c8d0a29d5f1,AR024,2024-07-15,
03b1eecf-edf9-4c83-8e19-1e72a001446b,AR004,2026-07-03,
067a0e03-a3ff-4067-9f7e-10e997c91bf9,AR012,2025-05-10,
79f18082-adc8-4f64-ad0a-904c0c2286a6,AR006,2025-10-21,
c76814cf-cca3-4f3e-b50f-1b5fa3cc27c0,AR004,2026-07-23,
a167b421-39bb-47c6-9729-6bdc0c03c770,AR025,2025-07-17,
d51db3e2-02ba-437b-9873-e6b9e1398f88,AR003,2024-06-01,
5a2e2880-8e12-4264-a736-c9972ca00f1f,AR002,2026-03-31,
28d22f50-9af3-4fab-b6eb-166edfa929cc,AR005,2025-12-12,
7690d35f-4095-46e7-943a-5da9f0268f41,AR018,2026-03-12,
0f76b86d-64c2-4a2d-928c-cae76099d91b,AR022,2026-05-07,
2a930296-5da3-44c3-aae9-062027e436f5,AR030,2026-02-04,
8082c58e-d543-41e0-910d-2f5b326ab4ba,AR004,2025-04-13,
943b2a60-c8b3-40de-8742-2f5fe695d8c8,AR006,2024-10-13,
489facd1-713c-4e74-b117-84464e17e5ee,AR002,2024-12-31,
6bd2161e-73ae-492f-843a-57c3723141b0,AR011,2024-10-21,
5ca80687-f025-4271-a591-e69ff401f4fb,AR030,2024-12-09,
1e6ebe26-8430-4677-bb99-c5e1288067c1,AR017,2025-09-24,
7c4c6b53-f8cf-40a4-9f2e-b9cd93f78d53,AR012,2024-07-01,
2fce877e-39ac-4d14-ba16-f42fcac105dd,AR006,2026-03-27,
6086e135-a86c-48ac-9ed8-dc20365a7fb3,AR027,2024-12-23,
10256dd2-4dda-4d5e-9abd-7289b655c8b8,AR008,2026-05-19,
5cd0d218-fcc5-4933-9a83-009cd86d28c8,AR002,2024-10-26,
4153439b-404f-40de-b1c3-1ea103a9dd3d,AR005,2026-06-09,
473b59ed-4698-4d18-9230-db522b3a93cb,AR001,2026-02-16,
a5e37b42-b954-4af2-8cde-a86c9247ff8c,AR003,2025-09-17,
b9568d86-bc90-461f-86ac-bb54e882cf3b,AR001,2024-12-27,
6ec54252-38af-4f2c-a698-76b608937cf7,AR006,2026-07-15,
22aa3ee7-ba25-4516-8bc3-64c18816de74,AR014,2026-01-12,
656ee90d-2cae-4a24-b851-acd5388eab12,AR005,2025-11-06,
d80d10fb-039b-4cd6-8850-43ad90cadb6a,AR006,2024-11-26,
78672cdc-91ea-425c-87d0-3fe1228c63fc,AR029,2024-05-09,
a34345ab-2620-4bde-b9f0-df9945a6340c,AR019,2025-03-07,
3efc9c11-3a05-4fee-ac9b-5a1365eebdbd,AR010,2025-06-08,
02367ec3-485e-43a1-b9f3-b2690e965e43,AR004,2025-11-04,
246e0ec5-5e86-40f1-a342-f830692840aa,AR026,2024-09-07,
48640a95-b8ef-492f-b548-b160dd516705,AR004,2026-05-22,
3801855a-1d56-408f-843b-83026077d600,AR005,2026-05-03,
e86a80b5-ca7f-4ff9-bdbd-b67c375ef337,AR026,2026-03-01,
5a19264d-5fa2-4033-a2e4-faddc227449a,AR009,2026-01-02,
c66eff93-39bd-422a-82ee-1f23c0e402b6,AR019,2025-07-18,
6f0a7778-7e27-4e08-bf37-1694a1a1aafe,AR012,2024-05-22,
682546fd-a536-4b7a-825c-8ab46642a195,AR015,2025-02-04,
d5151541-3d12-4b68-b1be-a8279f505862,AR004,2025-09-24,
54bdcb8d-1beb-4b4f-8623-36791c85bc8f,AR004,2026-02-20,
2b0a6d07-422e-4af6-88ba-5211d07e0b9a,AR005,2025-02-05,
7f6cb9f2-38ad-4a85-a0a0-6fbe607ef61f,AR002,2026-01-15,
67df2d4f-808b-4c16-b640-fa09c27d9404,AR025,2024-04-26,
ecf0730c-fc31-4da6-bb1b-f54e601a8a9a,AR004,2025-07-04,
8c615d28-3ae5-47cc-bd6a-7c415de73b04,AR011,2025-05-01,
a960addc-62ec-4c8d-86f6-96b5e62a8b02,AR021,2024-06-28,
799bb576-76e7-4e4a-9747-25ba61865c08,AR021,2025-12-01,
b8ebb03c-1eb4-4dde-adc9-df030fff7770,AR006,2025-07-09,
4e13ee43-9189-4f8d-b1fa-639c887a682f,AR007,2025-05-18,
39010a13-3f39-4953-ac05-470aa0ff1739,AR030,2025-12-31,
3d240875-ea3b-43fd-9b87-92399481bd3d,AR016,2026-07-07,
dc2c5637-1549-4818-b92e-ee054b9eb43a,AR022,2025-12-20,
7f159bed-bc93-4b17-905a-af81196e5d35,AR026,2026-05-18,
35212c0b-e877-48c4-849c-6fc0f0c32771,AR021,2025-01-13,
f42b8e83-6dd2-43e3-a346-52293ce9cd0e,AR003,2026-08-17,
b12ef8c9-4ffa-46fa-afd9-8ecb5eda57fc,AR011,2025-11-21,
10452bfa-3309-483b-aeda-0a1e6de5c714,AR002,2024-07-15,
3ca2b572-1498-45ea-ac03-1616118efac8,AR015,2025-04-16,
d56f60d2-aec1-4ed7-a9bf-10116ff43a7e,AR028,2025-01-16,
41b2f8b8-78b4-4208-b110-daa9df996e74,AR009,2025-01-19,
4976ad25-73c6-48a3-bb64-3ed5e9ba8ed4,AR006,2025-12-07,
0d42455c-3867-4b22-99e0-87d6f2fe1227,AR001,2025-02-19,
f8c53436-48f2-4456-a41f-76cc0b584fd4,AR029,2026-02-12,
e39f3ce7-b26b-445c-a25b-15b8a9400aab,AR002,2025-02-17,
b27b7247-5ff9-48ce-95e1-0f5507fdcd7f,AR001,2025-01-06,
14c90ed7-9ba9-49ef-8bdb-81cb7f9df985,AR004,2024-07-22,
d9060745-fa50-4f48-b479-943907c9f81a,AR001,2024-06-15,
f5fa3c68-e901-41cc-8693-44f01ebb0798,AR006,2026-08-03,
86afb626-0539-48e9-8fc0-2643936e27dc,AR009,2025-12-06,
20998625-25fa-4b3b-ab28-4654fff9d95f,AR005,2025-05-05,
1f1f078d-d878-4896-a271-66ae93775e52,AR001,2025-11-17,
0fa568e2-ac74-469f-91c1-640f57d32b8a,AR002,2025-03-03,
ea28fc93-4149-4b3f-a8df-ae67f036cb08,AR005,2024-08-10,
80a854d5-47b3-4da3-a513-3c78ca1312d7,AR001,2026-01-11,
aee03c2b-62c7-41cc-ae73-44da1bdd9b11,AR017,2024-07-07,
4a20589c-0e7e-4cc3-8b7a-b8e4a0e31490,AR003,2024-07-17,
87ddfc66-b276-4e48-a16e-165c5a492dcd,AR004,2024-06-19,
242b0d61-19a5-48a1-8649-dfc6d714ff89,AR006,2026-06-21,
f70e46c9-e56b-4b34-b8e1-3e9d716146f8,AR006,2025-12-11,
0b25eb45-5b88-40ad-b67d-d313ea649be0,AR001,2026-05-08,
b5c64601-5fd7-4056-8bf1-8ddd3d2dd212,AR002,2026-05-11,
86b93182-d4cd-42f8-9340-76691b513d7b,AR024,2026-07-08,
7ffb2002-f215-46c9-91e3-7deca7b0aad6,AR001,2025-08-06,
61583772-fce7-4fdf-a9db-b280f30c281e,AR008,2026-06-09,
8fea2bf5-79dc-41a6-84c1-f04ce024d396,AR008,2025-12-09,
e349cef8-6f02-4cb8-98da-68cd852bbfea,AR005,2024-04-22,
7100725a-ccbe-47d1-b15e-dc0b8a332cd4,AR006,2024-07-16,
f0980962-cf50-4f02-91e0-61ad9fbce174,AR021,2024-05-30,
f8da6e70-c304-47dd-b2cf-3240534e0627,AR023,2026-07-23,
1cf08162-80be-4bb0-b306-be048ed6cd6a,AR004,2025-01-26,
1659f1b6-831f-4cc1-8465-add0580c7570,AR005,2025-02-18,
98875ed0-0254-4d43-b999-127925fb9dff,AR004,2026-04-30,
1c6e55a8-87e9-4b89-a87a-2402c8d7434e,AR007,2024-06-26,
99510295-0224-4707-8a82-4a8e57cffa8a,AR016,2025-09-06,
c2dc59cd-7ac8-4a7a-9768-3044e2582218,AR003,2024-04-26,
0a9dcc41-f5c7-4b98-a526-1a89f870b654,AR005,2026-05-16,
120f3645-adb0-4a65-8ab1-726cba2cf33a,AR027,2025-02-04,
8818f90f-b512-4cda-84fd-b2e84ef056b3,AR001,2026-05-02,
6f3b37bc-254c-4f57-ae33-be8e1cd7384d,AR006,2024-05-19,
f3497b2e-650e-4113-8538-d1683c78914e,AR018,2025-03-13,
78711f9d-12cb-479a-9011-38f19c5e2264,AR002,2026-06-19,
693a5bdc-cd34-41b0-ad48-fabd753ed224,AR001,2026-02-18,
5876ab28-0828-4358-a175-d8d436ae970a,AR002,2025-10-15,
93cc48f9-0012-4387-8f4e-3ca72d42032f,AR027,2026-08-12,
8ceb87b1-eca8-4ca3-8ec6-4ee58e7c96da,AR001,2026-08-16,
1db531cb-dab3-41cd-9ab6-52df8e8f0e2d,AR003,2024-06-09,
9b80488b-006f-48e9-92e1-030cf9ccae4c,AR001,2024-04-22,
5fadd8c4-0e5c-4a37-987c-e155b49b235c,AR002,2025-05-14,
ce87676b-ad83-4aa4-a96c-8f7f95b4f608,AR013,2024-06-29,
47e2d8fc-c0b6-4992-bfaf-2f1f09c8cd39,AR004,2025-01-30,
2132abe2-6ce9-4e71-92d1-5baa74b8fb1d,AR011,2026-07-30,
19870b97-dde6-49d4-b91c-c02ee8efc610,AR012,2024-12-10,
b5230421-2aa9-4132-99d5-1505eac4285b,AR024,2026-08-08,
dba89078-ef79-4b40-a9db-615f066bc1a0,AR001,2024-09-12,
7ad2d3dc-a3c5-427b-a16a-743f68ca4836,AR024,2025-10-08,
6b9bbbc3-f7bc-4d60-875d-f298d56b9599,AR013,2026-04-23,
ca67050d-84e4-4c4d-a411-65654a0e8c7a,AR003,2026-01-11,
7181c8cb-4b01-4a3b-89a2-d39381e6cc19,AR020,2025-01-06,
cdb146cb-b751-4523-aae8-d3dacf99707d,AR024,2024-08-17,
050f3c02-0e5d-40c4-b61b-a3c077e5e0e6,AR004,2025-04-14,
4256e5a2-2c7b-40f3-ad25-73ce9739b135,AR027,2026-04-06,
20ecc41d-cb01-4a11-bce8-2840b88a8461,AR006,2024-07-01,
1d69987e-d9f7-4e67-af3b-406817c1c2d8,AR013,2024-10-05,
539918ba-becf-470e-a233-f15ea3d549b5,AR030,2025-09-01,
f239eae6-2f89-4fe7-8cb3-7dc9fe9d7bbb,AR005,2025-04-28,
276107aa-628e-4b2c-8d36-fe058666850c,AR022,2024-05-07,
03bf04cd-f83a-4401-97c9-a90d22bd9ec5,AR005,2025-09-29,
af1f4cc2-8f45-4564-b169-70c1c801bb68,AR021,2026-08-01,
092fd6ed-bb59-4cc8-b264-fbe35e1948f9,AR013,2026-04-19,
9c983eb9-1265-4228-ad21-1cc10fd805fa,AR003,2025-03-19,
dca62213-f769-4d97-b4ef-56b058ff1a99,AR006,2024-04-08,
c80fb459-0e66-493f-ad08-9834fb6090fd,AR005,2024-11-18,
0dbbb9e7-e6a1-4837-90da-0b1b57212573,AR002,2025-03-04,
3e589005-799a-48f8-8bd6-78300dc581bd,AR001,2025-11-15,
02ea325d-0a25-4b2d-b39d-f822d81e7010,AR005,2025-08-06,
5d6705fb-e0ee-44da-9b71-edc65138b363,AR001,2026-07-21,
d613d460-3d12-4149-9bf4-c6950d1e0971,AR003,2025-10-05,
a8bad0a6-9230-4ea4-821b-1d919f709028,AR018,2025-02-27,
408f31e7-253e-43ce-a8de-2e97776d67bf,AR017,2024-06-27,
11868052-5c2c-48d9-9ee1-69b249651af9,AR019,2024-06-12,
bd9f0e41-dd36-4323-8b4f-f0d8dd8f33c5,AR005,2024-09-08,
da2faff1-c6dc-4e7e-a9d0-b6bf378f2f17,AR026,2026-08-05,
5572dc83-1e4e-4532-b626-afab1b1b2799,AR012,2024-09-17,
bfe719f7-ae0a-4762-9f29-6f2a7cf0b3ea,AR002,2026-02-14,
3f5788ac-54a8-496b-8b37-de886a17e9e2,AR002,2025-03-05,
ef487231-57da-4ff3-aa37-648d9a4d6b39,AR017,2024-05-22,
2dee32f1-1cc7-4cd1-ab55-44a049c9041f,AR003,2024-07-12,
f11da470-b86a-427e-975c-f19c0741791f,AR008,2025-01-22,
2b4aeb26-2d9d-4a2e-9588-6f4e8f6ef5ca,AR030,2025-12-06,
ec490345-f23d-41de-a53a-2785d18357dc,AR001,2025-05-27,
86c4565d-13a7-4fed-9b76-bc48da1b13a7,AR001,2024-12-19,
d6e7540b-8206-4773-9f13-27b15697b3af,AR030,2025-06-02,
a0d22f12-f2f4-4929-a6ab-0b7524a3b514,AR012,2025-09-06,
6f32c702-4a4f-4ada-aeb6-36e9657d0013,AR002,2025-09-07,
c195c4d7-2712-4632-97f1-94666f99424c,AR026,2025-03-20,
6592d34b-da9f-4995-a561-f210a8c03137,AR025,2026-07-23,
6f74ae35-25ad-4cc1-8d73-1321378a04db,AR010,2024-04-07,
127c9ce0-f033-461f-97f1-e55a7606e67f,AR013,2026-05-27,
8932ab12-8c9d-467f-896a-44b1ef4e57e3,AR004,2024-04-19,
6dcf17a4-2dbd-4c82-9670-ef62f240e75b,AR001,2026-07-24,
2686f7d2-15b4-49f1-8113-103b4e04616c,AR012,2025-06-04,
88bb5d69-6bee-4d74-bdd2-7d27d5f8306e,AR004,2025-08-25,
a9dbae20-2850-4266-98e5-f26c3fc6510e,AR015,2025-04-11,
750ee684-078d-42ea-be24-d5229ee0f225,AR023,2025-08-11,
b7acf56f-994b-4dca-8cfc-f880f5ddb07a,AR001,2024-07-04,
cceea432-f5a2-4b75-b020-7d710574dfe0,AR012,2026-08-09,
a92af4b1-7fbb-4d6b-860d-4bc7ed55d86f,AR003,2024-04-18,
f8014d1a-0e36-432d-a545-ecdce49b6c6f,AR025,2025-01-01,
a2fd0ca8-a91c-429e-8116-3d172772d073,AR004,2024-10-15,
1ee05802-2182-486b-9cd1-8f8a05d5f2bc,AR013,2026-04-24,
1663b756-dc08-4843-a822-14cbbc20ab60,AR010,2026-06-28,
738393bb-c120-431f-9eb2-92d536bbcfff,AR006,2025-09-12,
9451f761-131d-4a37-b374-76f1dfd2a877,AR016,2025-11-16,
ae7881c7-ce04-45ae-abe0-fc95ccea31ee,AR018,2024-10-11,
7724c604-7b77-4085-9e3e-c1156059e643,AR011,2024-07-04,
0eb8f523-b663-40bd-8fc8-4278b705ea69,AR020,2025-08-17,
14ba5888-1cbf-4408-8d20-7a9d413e19ac,AR030,2024-10-24,
ded2df58-1dc2-4470-bd1c-cc173f62673a,AR006,2026-07-03,
b128aac8-53e7-4c3f-957d-d4476a5edaac,AR009,2024-11-16,
a01f219c-a4d7-44ce-92f0-4a844656ef4a,AR001,2026-05-29,
851a4646-33f0-4ad3-8bb8-cdb2b0db8d5c,AR021,2025-01-19,
1dfa98ce-de57-457e-9d70-4d14b5781b3a,AR009,2025-09-25,
4d066656-b7e8-44d1-83f8-73cf0d413391,AR006,2025-08-27,
e2920750-890c-4ee8-8435-d5b9017dbf1d,AR002,2025-12-26,
758804b7-945e-4fa4-aeab-e29f2df9f912,AR026,2025-09-07,
61f631d6-42be-424d-ba37-31f47c65f627,AR006,2024-07-24,
ccfccd4e-8e40-426f-aa26-5456c3756a1b,AR016,2024-09-19,
0b9fb44b-8b3e-41bb-a97c-eafc0ef49941,AR002,2025-10-31,
78a04be0-e4c3-489b-a7e4-d527c61a1165,AR029,2025-12-11,
aa7feb6d-dbd3-4edd-ac9c-810f70898aba,AR003,2025-06-07,
d53331b8-0300-4bff-9df8-bc270904aa2f,AR003,2025-01-05,
a4870ff1-ebd9-4bef-8d84-98afce64609c,AR024,2026-03-18,
79c711a3-6087-435e-9274-6d31ec3db2c7,AR027,2024-11-30,
7956bbfe-de14-401e-8bef-f3dfa191baa0,AR003,2024-05-20,
f028d01f-c105-40b2-b665-d97d9f5773ab,AR007,2024-08-19,
6aa8be3d-bd96-4f46-b9e5-ccdf75e965fb,AR019,2025-05-04,
4733a7bf-2608-4fcc-accc-7ed10dfd86fb,AR025,2025-11-18,
e0c74b17-dd80-40d0-ace4-27a138e3779c,AR005,2025-11-15,
918ab273-434f-4d22-b2b7-0e2c15460d37,AR009,2024-11-16,
c2d972fd-c087-4f00-80ca-8b634ad731bb,AR019,2025-07-24,
07c0c2fd-0175-4132-9cb0-f9c148c2f7e2,AR018,2026-05-23,
c41cfe5a-f2ce-42a0-be0d-aa61730c229c,AR021,2025-01-11,
d14cf831-8fb0-4b16-aa24-cb111c33247f,AR011,2026-04-25,
2b38eb81-65db-4589-95ea-1a18ac296203,AR002,2024-04-17,
ae615679-e398-4b58-ab91-48be5655e42f,AR026,2025-08-25,
52c0bd97-799c-4035-aa83-3cbc82dabd72,AR024,2025-10-30,
f04bfa9e-7c7b-4305-be95-324c775e1225,AR021,2026-07-06,
cbd66d3f-2aca-4a3a-a69f-b400c4267a07,AR002,2026-03-31,
cbd80ae5-6732-4dea-85a9-9eeffc9b92ad,AR003,2024-05-21,
6af41ea1-3f88-4c68-8812-eb3888819e78,AR019,2025-05-13,
ed016389-1b4a-47af-af0c-fd0aea381c3f,AR001,2024-06-30,
076872d3-3067-4f32-9358-d60df67ca963,AR030,2024-05-14,
eeeeee8b-4ed2-4899-ac6d-394f53ab9c77,AR005,2026-07-12,
b091564c-2a62-4b8b-9ab4-26abaeba5c7b,AR018,2025-09-26,
45316b2d-1c2e-4c16-9495-d1e4ed512ac2,AR025,2024-08-24,
d0fd5310-d421-4d97-85d8-762e4a93c79d,AR006,2025-06-18,
8541cdc3-1273-48ad-8684-dd2c9ebb7126,AR005,2025-06-07,
cc11589f-d757-40a2-b8e5-178fc8d71a0e,AR013,2025-04-15,
fe46a439-d5f7-415e-bbcc-67108f92bd1c,AR012,2024-12-21,
091b93fd-1126-4c95-8c2d-afa004318173,AR006,2024-05-29,
529be4de-0b28-4876-a053-439ca6c01461,AR013,2024-07-13,
02fc6d6a-43ec-43c2-9264-14650f1a38f5,AR028,2025-02-26,
78a97558-b01c-415c-97e7-587eeba0e751,AR007,2025-04-09,
16afcc76-f01e-41cc-b842-90664f21fdf5,AR003,2025-10-13,
e817ae59-16c7-43bc-8d45-6fd363569df6,AR005,2026-05-14,
9c40bb31-b530-47a5-ad10-e4d164532c70,AR006,2024-12-15,
e0b884f0-baee-44ed-bebd-7947b4858b79,AR002,2026-08-21,
b158a40d-f31b-48b4-91e4-99ca04ccd8e9,AR003,2024-12-24,
fbce8d4c-02dd-4054-a7c8-d2825ebd52d8,AR016,2025-06-17,
93d28d4d-3bfc-49ec-a74f-39efe9454230,AR005,2024-10-08,
ffe2e7df-8ad4-4b1f-9cf6-9e0a4bd4c15e,AR028,2024-05-20,
0152471d-2c8d-4b5b-8275-532e0c296a3d,AR004,2025-04-29,
cbd59b44-dd05-472f-94c1-05571645752e,AR002,2025-04-12,
94edd692-6aca-4e4a-b8b3-497f09d02c07,AR019,2025-06-25,
aa18a080-a97e-42b6-9568-7d7bf436e3ee,AR025,2025-10-03,
e4cbd40e-e169-4591-8da3-359117522cff,AR004,2026-06-07,
6b8a8a35-f56d-4096-96fb-6474a41d1677,AR003,2026-07-28,
61c38976-8097-4fc7-a9ff-dad0f1d248bc,AR003,2024-12-02,
429ccb8d-f1bd-4898-a9af-064a6f876f72,AR009,2024-06-18,
8e02d2d7-e33c-4c38-9317-e38f3f043aaa,AR007,2026-07-08,
5b4e9f3b-72ac-4d6a-b3ae-030081a43704,AR004,2025-11-12,
8502016d-7c09-4fc0-aa52-f56f59d0cc26,AR001,2025-03-12,
d88fac22-c3a4-42eb-bd30-3481db3d0cc9,AR007,2024-12-18,
1bbe7131-47be-4e28-8eac-7b21fdee31e2,AR029,2024-11-22,
912e472b-3ffa-4647-90ad-6baeb8780190,AR015,2024-12-28,
5a2c04c9-6b0b-4e86-a7ff-a7576a2176e1,AR008,2026-06-12,
50112457-4e0b-43a5-ae10-b98c9766e196,AR002,2026-01-15,
2583651e-5a79-46ad-a7cb-34741cc2289c,AR004,2025-07-11,
fda7acab-eb61-4257-91f9-3083729cdcd3,AR004,2026-06-29,
89ec4dcb-be56-4e60-ba00-7e5a19b5897a,AR020,2025-10-29,
e9b95e92-17d5-43b7-b512-3495646363cb,AR025,2025-09-23,
2448443e-0a89-4837-b411-e4f30435419f,AR026,2024-04-25,
57c1cf8a-d83e-4dcb-bb31-ebe12aa4fc8a,AR030,2025-11-21,
472fbdcc-9690-4653-827a-5705a4e5ff23,AR030,2024-04-30,
28ac618a-0278-4559-b620-2dc124c92b63,AR028,2024-12-22,
8204497c-35ba-4206-8b02-f723739e3518,AR001,2024-12-29,
b2731d50-3bb6-4fea-a140-b620f5ab3eb5,AR002,2024-09-09,
dbe379c7-9445-453a-91ac-8a266dc6076e,AR004,2024-08-21,
c88c430a-b276-46f0-b84d-c498b09b85a3,AR010,2026-02-11,
495d4d1e-de0f-4025-ba92-38713d8d5325,AR002,2025-08-22,
af6ac045-af96-4bc7-83af-cfe5ab7ae850,AR024,2025-05-21,
173793f5-13a4-43fd-95be-4ad3939b2217,AR013,2024-04-26,
d384cccd-91b7-46de-b3fc-26e39be4633a,AR010,2026-07-19,
c66d0a46-00f2-4809-803f-06b284384c69,AR003,2025-07-05,
c1a151e6-9d30-49d6-8797-6ed6b78d8c7c,AR004,2026-02-18,
a7224cce-125d-4abf-9d38-b1ab9a872c67,AR003,2026-02-25,
499972c6-0e06-4de8-9c17-485f619cd14e,AR024,2024-10-30,
06c1fdc9-699a-4914-b192-ee75e0971598,AR012,2026-03-01,
41c23850-1fea-4b67-9355-3c16f741b3ff,AR019,2024-10-02,
702d02c3-0248-4451-8593-3c1cbd157561,AR004,2024-04-11,
7779d99b-fc60-4f84-ad57-967fe3f32e57,AR005,2024-10-17,
ed107e5e-e855-4fb9-a419-acd838f6877d,AR006,2026-03-29,
84341172-eef2-42f7-90df-3c8782fff5fe,AR020,2026-04-22,
8d09d0a9-3620-453c-9210-3cc7ebabd2d6,AR020,2025-08-08,
031a6a94-d208-4b0e-977c-f8f6aaed2029,AR003,2025-05-01,
b5edfaec-1c81-4abf-91a1-a2c86e76f810,AR028,2024-10-15,
e1558ceb-e010-4cca-8c90-03e0d7dd056e,AR002,2025-08-21,
d50da700-d5d7-42e8-b306-ced539a19fe7,AR026,2026-03-31,
6908771d-fbe7-4f52-ad48-8b447cda1b51,AR002,2024-04-13,
339316fd-e793-4859-b7b7-fb96739233aa,AR004,2024-06-28,
2332a31f-1f3b-492b-917f-7af892fcc459,AR024,2025-01-31,
c4568f22-f0e5-40cb-bc1f-26d5f25e7c1b,AR003,2024-12-26,
da8d16c7-b2ca-4e7e-969f-3994a0b4be53,AR006,2024-06-01,
41645a92-505e-4fb6-b87f-88ac2adbfb93,AR006,2025-07-06,
a404ce07-7138-4920-b0f6-ba130c7c55ff,AR004,2026-04-19,
bb4f0605-ec5d-4d57-ac9e-29a4bbd83f65,AR017,2025-03-14,
dc5ef79a-eff6-401e-b2cf-5ae2e072f324,AR024,2025-07-27,
39e70c45-ef83-44ec-b56c-4f224b7192e2,AR025,2024-09-27,
216102bf-66e2-455b-8a06-2d6d07187061,AR005,2024-10-21,
8fd2f394-06a0-44f0-a9a4-97d139d731e1,AR009,2025-07-09,
b6207e37-6b16-4d60-bab5-5324ccce360a,AR004,2025-10-07,
efc79b3b-14c7-45f2-882d-a5e9d7f8b7b8,AR004,2025-08-21,
95238af0-a8ed-4828-af0d-6dc0171eace4,AR003,2025-02-19,
a04318f8-216d-4391-a4e0-27a441154d50,AR028,2025-02-15,
202038a3-e10c-4f43-b897-084ae85d2666,AR025,2025-06-04,
a0cc18a3-4e11-4aba-a166-cc3ca105c8c1,AR020,2025-05-18,
f426a2f8-5a71-4c1e-9be4-734045be8953,AR009,2024-04-13,
f5cd6558-e644-43c5-bef3-207993514cad,AR008,2026-01-15,
0d059d18-a229-4703-8a22-7d83735bc57e,AR009,2026-03-25,
6925f127-0f2a-4573-a2ea-44802b4ae17e,AR010,2024-09-27,
bae40adb-70ea-40b6-8a9f-92019e4f23e5,AR006,2024-06-01,
39a10038-497a-480f-9258-fe99d830a743,AR002,2025-03-12,
a8f7e8b7-11ca-4456-84eb-1f9bc07930e0,AR002,2025-09-08,
1d1527ba-a8bd-4dec-bb40-7e83fbba4473,AR028,2025-10-24,
d75b061a-ca47-4da2-80e7-4d60257b7a31,AR007,2025-07-12,
1fdc58ff-e245-492c-b4d2-a92a858a18a6,AR028,2026-07-09,
13454831-4142-497c-986f-709e40202137,AR003,2025-05-21,
354478c4-d27e-4903-afd6-7875556878d1,AR010,2026-01-01,
3336c827-8fd6-4222-b8f4-00e8680571f0,AR003,2026-01-05,
b3ceadf2-a749-49b6-9a38-0d60f94f1b0b,AR004,2025-04-23,
388a8a5a-69ef-4a7d-b9a2-9bfa41ad9e33,AR001,2024-05-07,
cdb5863c-fbcd-434d-b05f-311106cf9d25,AR002,2026-02-25,
28ac6d4e-e51d-467e-b336-76772715b6b8,AR027,2024-06-22,
395f7447-b3e7-48b6-806a-1ba28420cc8f,AR005,2025-05-29,
16835c1b-6fa0-454b-b47d-0db841ff1f9a,AR013,2024-04-29,
46124520-8810-4dd3-9f82-3766b0b4cb27,AR006,2025-09-25,
a00e62e2-22dc-435f-9bc3-02a974f3da9b,AR006,2024-04-08,
ba4c26ba-49ca-4d21-9322-bbdb13ca4c88,AR009,2025-01-26,
68940c01-9d85-4ad8-951d-e167e43773a3,AR003,2025-01-18,
311201e4-df4c-41fa-843a-40e09bcf6612,AR030,2025-04-20,
339b7215-4969-4b01-a606-a297715fa1c2,AR022,2025-07-27,
b0d5174d-34e9-48a4-a6e1-3db0f8aee88d,AR019,2025-05-24,
2a211a3e-1948-4758-aefd-09c9153f0801,AR007,2024-08-13,
e26834b8-cb82-4f46-abdd-bfcf9eee1863,AR002,2024-10-03,
9e446e7c-da10-446e-83f1-f2b2a87b5e1b,AR027,2026-08-03,
f2a13c4e-9bc4-45c7-9532-2b4bcf2fb429,AR005,2024-12-27,
51a5717d-9242-4b17-936c-29d8579e7ace,AR001,2024-08-28,
f80bf314-f49d-47d2-b41e-4a591588c88d,AR005,2024-11-14,
a9c7393b-7b8f-4332-bb7b-5115e4e9a2dc,AR021,2025-06-17,
b4b80688-d9a2-44ff-89bc-0ade2dfefac9,AR014,2025-11-05,
fc329b0e-e31e-417a-8ba9-9dbf9dd901b8,AR019,2025-01-15,
55532543-ef86-4327-9cbc-d143ebb480a6,AR021,2025-01-23,
df63c8ac-e3aa-4ba2-bb9c-ab1342dc76c7,AR003,2025-10-02,
0a49b036-ccd3-43d2-bb0d-4cfff0edf791,AR027,2025-09-04,
be886aa7-02af-4dbf-b301-6604745bd50f,AR006,2025-10-07,
54ed6a9b-e601-4470-96f9-f0caad7ef767,AR014,2026-07-15,
2f8168ee-4b21-4521-b7a5-51cc725c92c0,AR001,2026-07-27,
9a2c4e26-34ea-4b88-a6f3-fc67eaa962b2,AR030,2026-06-12,
bc1889ef-491e-4365-9272-9df736736b67,AR004,2025-08-20,
510b547e-4f29-4659-94fe-37d7a94b3586,AR001,2025-06-05,
cae8ed23-a3a3-4544-bb21-0506928e40d5,AR006,2025-09-02,
e355ada2-c795-4d4c-a72b-e21f23f8ff27,AR002,2024-05-15,
30a5ca76-5ccf-4237-a06c-7a3db30dab42,AR002,2026-02-09,
f4a13f1a-8082-4782-9d63-7ca1467cc049,AR014,2025-09-16,
7e7b8162-27b6-4fe7-a28c-ef4460e6798a,AR006,2026-01-20,
caac8245-5110-450e-9610-eea155b1d14f,AR027,2025-12-06,
8e56b396-a391-4e97-85d9-c6b0dfcd5bb6,AR005,2025-04-02,
dc5f5ec3-a57a-4dd9-878f-b55edbef10c7,AR018,2025-11-27,
2ad66217-84c6-4053-9fdb-38bd81b0759f,AR006,2025-11-20,
e7084fdc-5034-49e6-96ad-e2d12bc34b7d,AR015,2025-01-17,
d9c3129b-548e-4767-8522-ea54c60dd924,AR012,2024-08-31,
642b2d2e-2e23-4046-87e0-a22d89a21bcd,AR007,2026-02-20,
3d45029d-b864-46dd-a92d-8746326edafd,AR028,2026-05-19,
c8a3ea17-76a9-44c2-be1f-bd0e59d2a9e5,AR005,2026-01-27,
856646c0-a8e7-4d76-ba9a-483e86ecbba8,AR003,2025-04-08,
f22f51d2-ac92-423d-a78f-b3ae1df5a0e1,AR016,2024-05-11,
c9ed8253-32e6-439c-9a49-72f0b7406239,AR024,2026-04-06,
e259fdd2-82a0-4788-a66a-9d516a9bf06e,AR001,2026-07-17,
4007e9ba-2e48-4108-823a-f3b937375b24,AR006,2025-05-21,
28650f6c-e032-4aa1-a306-f99f940f9a0c,AR026,2024-04-13,
99333cd6-52b9-4bbd-8c27-77aedb041945,AR019,2025-04-30,
2280ea4e-7bb3-4c72-8d36-0e68a64142fa,AR030,2024-06-10,
c65c19d5-a747-4edf-9ddc-d7919e5b3b9a,AR009,2025-02-11,
a5a000b1-ad34-4938-97e6-c73967709039,AR015,2026-07-27,
1af8c299-85b4-4ab4-87e9-5c47cb78d723,AR004,2025-08-17,
95347415-ebbb-4576-97b1-74dff607395c,AR028,2024-10-23,
824b1a42-3ee2-4ea8-943f-803e2ffd10bf,AR005,2025-06-06,
e97dcb68-282d-490f-ac5b-ede6fb804662,AR019,2026-03-07,
577727a1-e6a6-48c0-be19-703a92c9528b,AR006,2026-03-19,
10786802-9877-4aad-a611-d2419f07e771,AR011,2025-01-23,
b04dc816-1f8d-439b-a996-80c22c044d5e,AR018,2025-07-17,
d5e89d77-a786-4ed6-9eba-138537dea9d7,AR008,2025-04-11,
70c1d0be-b024-4795-9125-b75c31186175,AR026,2025-10-03,
dc060371-055b-4437-a7f8-0097be021121,AR006,2025-11-02,
d2a94940-1fc9-41da-8522-6d996e9b5a86,AR015,2025-01-21,
8323a017-505c-499a-ac96-0b8e70e01e9c,AR005,2026-08-17,
8d82febf-ea05-47b8-95d2-38d0efa9b167,AR006,2025-08-10,
2b375167-b3e9-4215-bd68-f28a0ddfb04b,AR006,2025-10-05,
1a802d93-4cf8-48e3-adfb-937a06bcbc40,AR002,2024-10-14,
d6255201-85cd-4db4-8277-4fe9068a7ca0,AR002,2024-11-28,
ab6bf7ea-518e-487f-b063-87729ee52f37,AR016,2025-08-18,
d13c75f7-10a6-4508-a2fd-d62b70dc419e,AR015,2026-01-07,
a5682a41-0ceb-441c-b8e3-b0f7c7317d1d,AR015,2026-01-30,
8f3867e4-42f8-4f6c-bff7-7ee8830732ce,AR001,2026-02-21,
c0c6d02f-b67a-42e5-8798-fd27856b88e5,AR005,2025-12-28,
fe43e6fc-d9b6-468d-9302-8c34984cd555,AR003,2024-10-31,
18a00a52-8dee-4ddd-bfdc-49bc328c3e2b,AR021,2026-07-15,
fe752c99-1608-4893-be74-7596bdea063e,AR024,2026-08-01,
fbb419a2-5f09-41a7-a148-6478b8e70153,AR004,2025-05-11,
fb7206cf-4e3a-4532-a40d-aca40c5acb40,AR016,2026-02-10,
0dba3602-b848-4ed9-9809-20d0567566bc,AR002,2024-08-31,
688644d2-f6b9-46f2-9d65-bdc9cc4e1e64,AR004,2024-11-07,
a055c520-1fd7-41af-8fd9-f3ed1aa31ef1,AR002,2024-10-23,
3e34d7f0-b3ad-4990-8d38-7cfe0a189a59,AR004,2025-07-22,
8cddb9bd-e8bc-41e0-a1ca-f7a29a9a08d1,AR016,2025-08-08,
ab2a0d44-f84c-436a-aa9b-4a6a24eeafec,AR026,2025-08-18,
91fa76d0-8a93-41b4-8c42-93c78a517d3a,AR003,2026-03-06,
86e64b4c-b7db-46cf-94c3-59ed4dc5c5c1,AR010,2025-04-17,
6910cf92-b70f-4592-b44f-c45a2653c2fb,AR017,2024-08-02,
baf80e8b-64bd-4a92-8748-fda06f9a64af,AR028,2026-01-12,
d60dcf2f-2198-4587-9315-e700910f5e81,AR013,2026-07-05,
176d4214-73ca-4840-a9d1-b0909b898175,AR004,2025-04-19,
4e9c1e0f-ffef-429b-bad0-68258cce143a,AR014,2025-09-10,
b9e3c430-29f2-41b8-b7fc-79d06071c1f9,AR005,2024-09-29,
8f26f069-607d-4c37-ae76-4bdd262f3afd,AR029,2024-08-08,
49fecd0e-5844-4038-9612-2f82fcc2e902,AR006,2024-05-18,
f6fc84ba-268e-4847-8b99-c497ab02c383,AR016,2025-09-15,
47212ff6-0e68-4779-bd1f-3a9a6a222b82,AR001,2024-06-30,
63f3acf1-0b1c-48a5-930e-555a00995d75,AR006,2026-05-13,
097d2787-d2a3-4f13-b5c6-b72a656be177,AR025,2025-10-03,
472cf1dd-7820-4e0b-b1ec-36271737c8b6,AR013,2026-01-04,
8f8f7efc-655e-430d-9513-b782a28492a1,AR006,2024-06-11,
e390bded-9593-42b2-82a4-a60826383a28,AR028,2025-03-19,
2facd465-3107-4546-bc22-0b1f810f9a77,AR024,2025-10-09,
c20eb3c5-9263-4f7f-932e-b3c4730c177b,AR005,2026-04-13,
77bffba7-25dc-4b10-b339-b55eabf217d0,AR010,2024-10-11,
a029a3d3-16c8-4d4a-8154-e9f80477caa6,AR008,2025-01-31,
3036b23c-a842-415b-9bd0-2ce907b5e834,AR014,2024-08-11,
55b714a4-8665-4ca1-a6f2-6db74f4a3964,AR005,2025-08-07,
74a74ab5-793c-4ab9-90df-67ca17842c66,AR004,2026-04-15,
9e25009d-d251-470a-a8ff-03ff94a5ed98,AR027,2025-11-06,
bf3f639d-c771-4faf-8351-d4ab00f212f2,AR027,2025-03-02,
5b9f3e5f-5134-4cb6-a1b3-05271b2cefeb,AR023,2026-01-26,
9961f3b5-ddcf-44a0-95ab-1c7143785513,AR030,2026-06-23,
3dc3f894-e16d-4338-a98b-d706cd161edb,AR019,2024-09-06,
bb88444a-6e69-4a4f-9ce7-829b69ac035a,AR020,2025-05-19,
2d8ca5e5-31f6-4631-8699-4481eeb942cc,AR020,2025-09-12,
ea98054e-502a-49ac-8b03-fd39016efdc0,AR007,2025-04-30,
f476b1fc-9353-45cc-988d-f4628436aef1,AR006,2024-11-19,
657bfaaa-ad2f-48a5-afb2-bfb8b6c7fba5,AR004,2026-08-22,
73fada36-66f4-4419-9357-b81d73847bde,AR015,2025-08-05,
c781dbe9-1e53-4ee7-bc54-4f9c3de8fb58,AR004,2026-01-14,
15cb19c2-3d4c-4455-8f4a-b2039968c855,AR004,2026-06-05,
c6006f83-7a95-44f9-aca1-04bd58b64de4,AR012,2026-07-23,
daa363c9-be86-4ce1-b7ce-fdc76f4972d1,AR006,2025-08-05,
41cadde5-0d9d-43ad-8a8c-2a99769829d5,AR003,2025-05-07,
d064eb91-634b-4575-b4c2-067fd61aded4,AR022,2025-06-08,
6ca79224-e796-495c-a5e8-35b09167f47e,AR024,2024-10-11,
e76e0a3b-8bc4-4ad0-979c-178a2fa34ae6,AR003,2025-07-21,
b6ba5525-1f82-4f3f-b2f1-d1fa98f30f90,AR001,2025-03-28,
56efc54f-de81-41bf-a830-0aa76c8fc397,AR005,2024-09-12,
4601689b-e03d-40d2-8a8b-9a412f801099,AR021,2025-01-29,
b1fcec36-07c0-4550-8204-aefc6f11660b,AR023,2024-06-22,
6362dcd9-c321-4ebb-a0a0-e17f93f84552,AR002,2026-02-12,
100ae852-e9ef-4aa9-973e-d6fffb2d8bb7,AR020,2024-10-08,
4da2019f-a74d-4e19-b1f2-871a3636f10d,AR002,2024-12-25,
b79d9c7b-65cd-49c8-9fc1-3435f62f2738,AR006,2025-04-03,
7027f6fc-716e-4c0e-bf12-3d7ed355e406,AR030,2026-08-20,
c7f64466-dfcc-4038-8e6a-563755f6e939,AR003,2025-05-09,
83aa46f6-004d-4bed-a0e9-c1213874b370,AR002,2024-08-07,
bc37bc2e-c00d-4788-8fc4-1375140197e6,AR006,2025-02-09,
f7b7b9b7-4d93-423c-84c9-fd020285913f,AR013,2026-08-19,
0dd95978-de49-47b5-b801-f8d11a65e001,AR027,2025-12-16,
3628e70a-db80-4a54-a1a2-b567af4d9433,AR030,2025-04-15,
dce2cfca-0e31-4a42-8874-cc7315eba41d,AR001,2024-09-16,
7b31aabb-e973-4ea8-b859-ec2d248f53ea,AR002,2025-08-01,
b66893c7-82c8-48b3-aecf-b739e69e5bd2,AR021,2024-08-08,
e50a841c-004c-4cae-826f-44e1f7175013,AR004,2024-09-30,
d0160fd6-cdc8-4a35-9948-c9f9ef8ccf95,AR025,2026-01-03,
87bdd49a-f61a-47fb-b807-dc4a463c4087,AR015,2026-03-07,
5ce4b985-7b3c-4a2e-9c69-45b48fe08f4f,AR002,2024-06-29,
2aa5c1bd-6e0e-4ed8-852b-190cd88366f9,AR023,2025-03-29,
30b6e31b-d513-452f-850f-03f459bd7953,AR003,2024-08-15,
2a515063-1f9b-4f8a-8a32-c649d4dbe03e,AR006,2024-06-12,
822c6ed5-c2e3-42eb-a17d-39a4a7020006,AR010,2025-08-19,
d652d0a7-57be-46b4-9a88-62af3d5fd2c0,AR008,2026-07-15,
e1be0c43-8ebf-4cf5-bb57-90a8da446f91,AR016,2024-06-24,
c0276e5e-cd6b-4909-939b-9b1cb5039ca6,AR015,2025-04-03,
fb201854-5a22-4b13-918c-c4801619e0b9,AR030,2026-05-11,
ba3ffa96-d742-4e07-a0e7-a44d9e285ed5,AR030,2025-05-20,
dfaa0e44-72bd-4ac1-91fa-778feba86ff8,AR009,2026-07-30,
56b4e066-1bcd-4f89-82b1-4cb75a7281bf,AR002,2025-12-14,
475b0b8b-6b06-4ec5-bf2a-bed96b4101f8,AR018,2025-10-25,
d50c7b0f-28ab-4f3e-a7c1-9704e09ca9e4,AR029,2025-07-24,
22086436-172f-49fe-9086-d168d6fa3550,AR005,2025-04-19,
d5da3aa2-edd8-4766-97ca-ed406cd833b3,AR006,2024-08-23,
e5427240-559f-48c2-9ac6-6a3b17a1c707,AR006,2025-10-22,
24174a7b-9f45-4bc9-8a72-d32477296b00,AR001,2024-11-22,
3641cac1-bab0-4c2e-abff-44becf80b596,AR016,2024-05-26,
704edcee-6021-4351-97e8-84d8817a91e4,AR005,2024-11-10,
1492b6a1-aaf3-422b-9c1e-da9808b33f28,AR021,2026-01-14,
33ff3f7d-57b2-492a-92c7-7dc8c0db628c,AR023,2025-01-11,
0ce5522d-1e86-4460-94b9-899e6bc611e2,AR022,2025-12-22,
6a8ef9e9-8c99-458c-8849-06ca6b8c9f01,AR006,2025-07-04,
6178c8fd-7785-459c-856d-2ba265253f98,AR005,2025-02-17,
dffc11c3-6616-4fda-80ce-ea9f17894c9c,AR019,2025-12-11,
1ad24520-376f-43c8-b471-eedab44fde80,AR022,2026-08-20,
d801669a-4ef4-4754-bb66-6c3d40554d5f,AR008,2024-08-25,
97a7c318-2311-4e45-9264-c27b7a0a8f2b,AR026,2024-11-29,
06526a18-72ff-4f8e-bd73-a150511dfafa,AR002,2026-05-08,
65fd5d33-80f2-48f0-adc8-e12df0fa9fe3,AR025,2025-09-29,
0276a025-81db-49d7-ac05-d8c3f470cfd9,AR002,2026-01-08,
9d956781-c1b2-44cb-b61e-fd808a04eaea,AR002,2024-04-25,
9e317df8-9c49-4843-b3b4-8f645ceb9e35,AR010,2024-05-26,
d2b13c52-259b-4533-b7b1-ef621b9f1fde,AR001,2024-12-30,
376c6437-bd5f-4c9b-acee-3bd017e1f13b,AR001,2025-08-05,
95ea416e-df8b-48f9-88a2-084490fa92f6,AR001,2026-07-09,
be172565-9b3b-4f7f-a766-b2b29a88f027,AR006,2026-01-21,
5f91f6e6-9370-4f19-a757-fbaee9fd5f1c,AR020,2026-06-04,
604101ff-4bf6-42bc-82fd-4b4c64e18306,AR001,2024-10-06,
b9e7132d-922b-4bf4-9487-fbf8992439b2,AR015,2026-06-08,
e8aab704-dee4-454f-ad2f-f62ca449946a,AR023,2025-01-11,
08c23ebd-df94-4963-89c9-5c61a64aca28,AR003,2024-05-17,
0c743573-3175-4096-99fc-5104f7f9616a,AR002,2025-11-29,
dc0e2545-22fb-4dbe-a54f-2f78b9221701,AR024,2025-01-05,
39b27347-cbf5-49a4-8399-911aa613d07f,AR023,2024-07-20,
ffe89811-91e1-48ec-b0e1-b411bd8f5ddb,AR010,2025-08-16,
18049b4f-150d-43f8-bd43-5b81ea1b608d,AR022,2025-07-29,
2c54953d-12ed-4346-9af9-4e0596f74d3f,AR002,2026-03-02,
67797fca-5c30-4207-9c24-dc2bb7f242ae,AR006,2025-08-17,
19f38069-bd42-42ef-a413-7c810bd0b448,AR019,2024-07-24,
fc53d80a-70f4-4a2e-b993-e75599ad30bf,AR004,2025-01-23,
0897939c-3f5c-4b45-9e9f-944a71e4ab5e,AR019,2026-03-01,
024bb67b-9e33-4042-a5e7-af31e29c069a,AR008,2025-05-22,
a1d0ab23-6f64-4916-b0bf-4c4dd90e5d71,AR019,2024-12-17,
1124e5ad-c02b-4db5-94f7-0ec18fc71363,AR006,2026-06-17,
75bb250d-a4d4-4903-8f8d-e981d0a6475e,AR005,2024-10-28,
e47d28c2-bfc0-4bcb-afd7-2c2401980f12,AR003,2026-03-01,
1f78ea50-0d31-429a-9ac6-77ecdf953fb3,AR003,2025-12-10,
391210ca-294b-477d-81ec-1ba60b5f8e8d,AR019,2025-08-26,
7d0db770-0163-4f57-b5a1-40d43ecd7b12,AR002,2025-06-10,
89b2d670-dea0-4748-8939-16b676e51a8f,AR002,2024-06-18,
a4b1bbd1-92e3-4520-969e-e223f74ac3ee,AR003,2026-02-10,
9e129192-a42c-4622-b087-fc37a509e490,AR003,2026-01-13,
2c14fd44-1697-4f71-b98a-28d5adec50df,AR023,2025-09-28,
e125f0f3-7839-4375-a920-b546fc20a4c9,AR006,2024-08-08,
9ef42c3b-7914-4731-933a-6cd44e45237b,AR030,2024-05-06,
c4f9b2b3-789e-4841-985f-0fefbb8594d4,AR002,2025-07-24,
fb514e12-52db-4a32-bfbb-7e95fefb3d83,AR015,2024-12-28,
15d0d4e4-068c-4e66-88ab-45e4548f27f7,AR006,2024-06-16,
d7a1a79e-e52c-4664-85a7-aa653b17f11b,AR006,2024-08-17,
ab99ae09-f8e6-4cb2-9306-221713e6d2f7,AR025,2025-01-08,
1649ddbb-af85-4c8e-8ba9-c2df8aebc968,AR029,2025-05-10,
3180105a-812e-409c-8171-78b266b40ed6,AR025,2024-04-19,
a7c1f68a-bfe8-4085-90f6-3d6ecee75921,AR003,2026-01-28,
77cd525b-d915-46ea-a5ba-f2609c11917a,AR003,2025-10-12,
3920b67f-cbee-4116-9e1a-5ac083bb8f04,AR015,2024-12-11,
0597ab8f-6deb-469d-b807-f2decec4f8f2,AR004,2026-08-05,
810346fa-4d75-4444-9bb4-25e9ee709247,AR019,2025-06-14,
b8ca8dba-ce50-4d58-9dbf-127871b751af,AR011,2024-08-10,
206c1128-dedb-4718-a39b-0bdc7b4586bb,AR010,2026-03-23,
b08c1c56-5d39-4926-a434-4dadb98482c6,AR023,2024-09-24,
51a88123-6748-4acd-aba0-9fd98cc3ae24,AR017,2025-08-30,
67cd1802-712c-4769-8dd2-cf5320c2b6c4,AR001,2024-08-05,
9e0cd014-599b-4042-a356-4719983900cf,AR001,2025-02-17,
68fccbc7-7401-4bd7-893d-8bc4429ac638,AR013,2026-04-09,
cc476152-bd56-4e3a-b43c-2fa1e874bf5e,AR007,2024-11-22,
85090fa9-8895-43fd-84f0-d6f9d241ff38,AR004,2026-07-06,
1e19f13d-c757-4ee5-80c9-5e50621b2a66,AR006,2026-01-24,
82fdee25-c5b0-42fa-8417-299a65e5d106,AR020,2024-07-12,
fcbc4a8c-9426-41f3-98f5-331793cf2d18,AR023,2024-07-22,
1d231647-6171-4b01-84a6-6a348a619274,AR011,2026-07-14,
26111002-5894-4bfe-87da-ac3e2d1855c0,AR005,2025-09-27,
3dc90833-01c3-478f-b58d-851923d271f3,AR004,2026-06-03,
ddb3a08c-3735-42a6-886d-6a825c4d4251,AR009,2025-12-31,
6af5e0d0-3a6a-47db-aaaf-dd538ebedc51,AR005,2024-05-04,
65514f37-6157-4f8b-8626-98f5e85ec1da,AR011,2026-03-07,
ecd9ff37-0b6d-4daf-80f9-a9c050a8500e,AR016,2025-02-11,
077a6669-68ff-4bb4-afbe-ce061348dd3e,AR001,2024-09-23,
0750fd6b-8997-4f32-96eb-c21417995ec7,AR001,2024-07-18,
b831a457-d08f-4c01-b481-84ec8695fd08,AR003,2025-10-19,
d6e51aa9-8d85-4562-82b4-55201c182ee0,AR026,2024-12-25,
ed14d486-023f-4100-a4a9-8df9166e000b,AR015,2025-06-29,
262da787-de3d-4688-ae9d-358f3156b0bf,AR003,2026-05-22,
165ebc64-290c-46ff-a565-cf5d9f2a1870,AR026,2026-02-11,
c5e20754-78a5-4c5f-b5b0-bd7f1a32d277,AR007,2024-11-11,
d1795441-2057-4e5c-8251-6a038ffc7264,AR007,2025-01-04,
90465b51-a411-4a13-8468-fd5c17c1c3a6,AR028,2025-05-27,
aad18c26-a6a7-4c2a-be36-93c2187ff766,AR001,2024-10-13,
d998e5fc-c39e-4521-87e9-d40779950385,AR003,2024-12-30,
48c5942d-87de-4572-8733-6f9306ed4aeb,AR012,2025-11-01,
a7e1188e-3083-44aa-9b0e-b8760b80d3eb,AR003,2025-12-11,
9cf3e36d-9c9f-43bb-815d-de7d107c8ba4,AR016,2024-05-23,
202dcd02-de5c-4d98-a342-58f9f6a25df2,AR003,2024-04-30,
7dc7db1d-7c7b-4e93-a9a2-7e35cff0173f,AR002,2026-07-28,
cda81f67-2dfb-4303-a0e5-fbe12e5a6423,AR003,2024-10-05,
aa9578a0-2347-4324-8899-9cd99cdfd7ed,AR006,2026-04-30,
1686611b-c43e-422f-afd8-85fbe0b29b34,AR003,2024-08-04,
73dfd816-1533-4fb2-b64b-2751e1e3fe5e,AR002,2025-03-29,
0b2e234e-69bb-43ed-8104-4bad6619761b,AR024,2025-01-02,
f629dbc7-d224-4182-bea8-941a75a3ced9,AR005,2024-12-21,
78dd4ab0-99f0-4984-8952-5a362ffdc5f7,AR005,2025-03-15,
e4d85de9-b410-4b02-9fe9-9deaf7f5962c,AR001,2026-01-17,
c7366071-ec39-4b66-9712-d1fa493fad88,AR005,2024-09-20,
5bac78ab-6562-417c-bdbd-2f01042be9be,AR004,2025-04-28,
bdaa52fb-9c17-4c12-afc8-e31d185cf2a9,AR013,2025-05-06,
7e1390b2-a61f-41da-a2c8-ffac15efe4f4,AR003,2025-11-20,
51da1cec-c207-467e-bd8a-4b6ffb1ac0c0,AR025,2026-08-15,
106e394f-84fe-465c-a3c6-b047be4b4346,AR027,2025-04-28,
31f01f4f-7062-4b95-8f88-293a4786e978,AR002,2025-10-27,
b71e588d-4ca8-46a5-b1cd-1329caced2d5,AR002,2025-01-27,
1cf05d1e-66c0-4606-964b-5bd22bb2dae8,AR002,2025-10-10,
15324fe9-dc4f-4431-82d0-2d9f9b0b0d0c,AR013,2024-04-29,
03bb9074-df3b-450a-be5b-009a522951c1,AR002,2025-01-08,
da5f0d65-2583-4b2e-9765-a91b316c80e3,AR024,2025-07-23,
dcc50675-23fa-4d58-a25b-c1ccbf1e503d,AR019,2024-12-15,
8f87c7ed-4ccd-4825-a9c7-5f13381846fc,AR022,2025-02-06,
3c77a976-7322-4590-8cff-5a4f447320c6,AR009,2025-03-02,
6e4253f2-564b-410a-ad50-44d502f369a6,AR030,2025-04-08,
ce088f2e-221c-4d0a-bbe9-8c2d6bbbdc02,AR001,2024-06-04,
4d258c39-6a8a-45a3-87eb-4ca0312fce35,AR006,2025-11-20,
de4eef86-c1d9-422b-b0b3-4c8f19ec1499,AR005,2025-08-12,
885b318f-ad29-44ab-8704-937a024c68b9,AR028,2026-01-15,
adf302e2-b7c3-4c11-ace6-dc61ad4412ab,AR011,2025-04-15,
0c23e836-7429-41fa-9ccd-8a26a6370ba6,AR022,2024-04-16,
0c79d104-124a-4efe-a431-aa7f4134e7d2,AR003,2025-03-12,
5d01df48-7e49-4738-ab2d-100334c8ff5a,AR030,2026-02-25,
18c2de3a-79ca-40d4-94d3-e5368c017817,AR008,2024-06-13,
59af36cb-797b-4aa0-8ba8-4480aa8bcdb4,AR008,2024-10-05,
ff7335e6-ead9-40dc-b7f8-c15e4c630bf8,AR029,2025-08-06,
3ccdd12c-6d53-4c67-b761-c5e74ddf8fad,AR005,2026-04-18,
eb059e8b-e11f-4f49-9a7c-e40ec367e0df,AR006,2025-09-07,
072d05a7-d2af-42f7-8254-8a7eda9ecb44,AR012,2024-09-23,
9585cada-44fa-451e-a0f2-a760c9d43281,AR002,2025-04-08,
6f8c4eaf-6487-4e17-85d3-76e22ab68966,AR005,2026-03-15,
5ef731a0-2e94-4188-a624-9c86d65bad53,AR003,2026-04-08,
2eb35aae-32f6-4bb2-a821-462c10657bd1,AR002,2024-05-04,
722fa181-1a03-47a9-b012-5c7ee8abdadf,AR024,2025-07-30,
40b15654-c394-41fb-967f-24a166c64c24,AR012,2025-01-04,
7e4d0df9-958c-43a0-b86f-4603d86d0de2,AR005,2025-10-14,
3a2798bc-d657-4037-8b34-5bd813d463e8,AR006,2026-06-06,
be66c792-a399-4062-9764-29ba99f0793f,AR006,2025-08-30,
100394cd-cd07-42bf-b608-797f4935b63c,AR014,2024-12-28,
b5a21743-7d50-4cd8-94b3-419b36d631c6,AR027,2025-11-06,
52439335-e932-4e92-bfbd-6bd096d27aba,AR027,2025-03-16,
4a425a0f-5db6-4e89-979c-d260f20cb3f7,AR006,2025-08-07,
9278c659-c513-4e68-a810-69993e12e3c0,AR005,2025-11-03,
9be87408-1175-4ae1-ae87-b632b0aba72d,AR006,2026-01-14,
6e83de40-d804-480c-866d-e573a606e399,AR011,2026-01-09,
2dffc40f-a69b-4a96-b69c-42e7f051a6e8,AR006,2026-01-13,
d0667e1c-16fd-4e25-b0a3-af287e0d7c18,AR015,2024-12-06,
053e1670-d3d2-4d76-9681-16a4d0b4e2aa,AR010,2025-11-03,
2751ef6f-ba5d-424e-a0f7-dd2d5fe568e5,AR005,2024-11-17,
cf5d4a8d-6f69-4d49-abd3-3479e94632c2,AR005,2025-11-26,
b706693e-830f-47a3-86d1-dec80bbb1ba1,AR005,2025-11-12,
33f872c7-6303-49a4-a4bc-236b8b24d0d9,AR002,2024-06-10,
0883df0c-e16f-4d70-a883-3f58f527a240,AR003,2024-07-22,
1c87828f-5277-480c-900d-ae33629a1360,AR018,2025-09-09,
764f805b-a495-4d2c-99bc-c30eff0cebb5,AR006,2026-01-02,
f53ee941-f940-41fb-bb4d-37fca91c2799,AR003,2024-12-09,
009c8ae1-fdc5-490d-bc10-ca49f5a81c5a,AR011,2026-06-24,
eb90646d-a86e-4082-831f-f6fd22949d1f,AR019,2025-07-22,
e39573a0-986d-4713-962b-483beba87b7c,AR004,2025-03-20,
5a9d92cc-345b-4ad5-b864-ecafddc4891d,AR023,2025-01-13,
bb1f8710-be23-4c00-9452-4e615b8b396e,AR027,2026-05-22,
141c3429-115c-4a62-9657-13fbdd22cdc7,AR012,2026-08-21,
6f50b3b5-bcc9-449d-b1c5-b3fdbdd6b67a,AR016,2025-12-26,
9747c9d9-094f-4ca2-9203-726e7a079fc6,AR001,2026-05-12,
e1dc1e37-3dec-411a-a2c0-f7c83a5923ee,AR028,2025-06-08,
6ffac2d3-99a3-451d-aba7-089a8f966132,AR006,2024-06-15,
bfa46a5b-68eb-43b7-a7ab-ff6a0cb1fe87,AR027,2025-12-17,
c34041f0-aee3-40e6-acd3-7a4fe816e9e2,AR012,2025-07-25,
36762f09-4e9e-43e0-911e-c2ae61b8b96f,AR001,2026-02-17,
71f28cd8-43c8-4f27-a91d-52cb3edd937c,AR001,2026-07-16,
f998e17a-038f-446e-bec4-4ead800885af,AR016,2024-12-20,
f14abd31-fbdd-414e-9b57-910a10b48e84,AR011,2026-01-12,
f0fc84cf-de43-41c1-97a4-08a4acf4fc42,AR001,2025-05-05,
e1cedc82-c4b7-48d2-9c73-d313ef7e52ea,AR019,2025-01-06,
52f71576-17b2-4e7e-b7b3-89a92a0befd1,AR024,2024-08-23,
db09803b-e5cc-4644-84c7-8a85f3b5ed7e,AR008,2026-03-15,
6f756877-3c10-4e17-b653-370ca74a7d21,AR006,2025-04-05,
245adcfe-8562-45df-a596-2a5034653654,AR001,2024-06-22,
4f53a042-b110-4666-9acb-836d4a61ae1c,AR021,2025-06-29,
459a1216-0906-4293-9af8-c3c9a2c9a363,AR005,2026-07-19,
9d368967-4db0-45d9-a116-42abf88f290f,AR025,2026-01-08,
6e5b64ac-277a-4092-afae-c2ff13e9f554,AR005,2024-10-01,
95a2516c-468e-4fa0-bf1a-ce7e7e7746ee,AR011,2024-10-03,
6011c03e-6322-46f5-a28c-5c6cda60b641,AR004,2025-11-23,
4deab984-4a02-4222-a009-894d7787125a,AR003,2026-03-05,
ad2b9d68-ef3b-4bf5-8d1d-eeef51b60f32,AR020,2025-12-13,
abab0e0d-5950-4fd6-9bd6-1d4b75518f38,AR008,2026-01-25,
c47934d7-de6a-4f7d-982e-8caf81a5548d,AR010,2024-11-17,
a4b81f0d-bfc2-4ca9-a305-715fc807f46f,AR029,2024-08-21,
feed8ccf-a46e-4185-a7d2-994745fbf5e6,AR029,2026-07-14,
ad615937-b4a1-4719-b435-a0f62c2c28de,AR024,2024-11-17,
cb88f77c-0d82-4784-8123-95d5a7f53aa5,AR003,2024-11-07,
e562305c-95a6-41ec-9810-0a2cd8309759,AR012,2025-03-08,
4974e505-3823-420a-b01e-7c789c94029b,AR025,2024-07-26,
b3e260f3-53fa-441a-b6f8-9450e4722063,AR005,2026-07-21,
a6a2cbe0-3883-4ccb-ae99-6d7007ef0ce1,AR002,2024-12-23,
fe951ee3-96c9-4ec6-ba28-0898485ef8f9,AR022,2026-05-05,
9436010b-bcb2-47a7-86a0-8fe43d8c6fbd,AR007,2024-07-04,
35d4350b-a155-4323-bf9c-1f5bb786d696,AR011,2025-06-15,
88158b63-77df-4050-b36f-567af3c27db3,AR030,2026-06-05,
eae0e23a-c146-489d-9eda-cb2676b06ff7,AR013,2024-11-12,
3e898834-f765-47c8-929b-0793401346b2,AR006,2024-11-10,
85e9a6e7-66e0-4b87-93d8-1553f8d735e1,AR005,2025-07-16,
f062a6b7-b9d6-4b47-aa27-7abc1bea52ee,AR006,2025-11-26,
318cab91-cef8-41f8-bee8-dfd7728d5ea9,AR002,2026-08-08,
de52e948-d9c5-4ec4-b056-8d633b24c3a2,AR021,2024-06-25,
f179c951-40a5-4493-96e1-26b1b62fa02e,AR023,2026-03-16,
7b64ea2c-ddae-4b66-933e-05050e7dadb0,AR004,2024-08-20,
10d57702-879b-47c1-a44a-9f2d68b60a4d,AR004,2025-03-29,
5e4251eb-b2f2-4184-b28d-bb9694a52d17,AR025,2025-01-04,
ee7d4e2b-7d32-47fb-b2f4-cb36ef17dc3b,AR001,2024-12-28,
defad3f1-bf00-4c17-8d2d-39edb8cf0f80,AR009,2024-08-07,
e8f01232-6356-4d79-ad09-8e3cdb92bddf,AR006,2026-07-25,
6c4f8ad7-e84a-4f4b-b54a-0b5d65d4df8e,AR017,2024-04-13,
b003919a-14f8-493b-975c-3db91ddaa9d9,AR003,2026-07-17,
ca12e5dc-26af-4951-acf1-cb47679f9aac,AR016,2024-04-06,
29c1592f-b0fd-4df7-a3de-c0ff312f9b22,AR005,2026-01-08,
4b6a1aea-e84a-42f4-97e8-9f49f3631a3c,AR013,2024-08-18,
a8927cf2-5f66-4893-93bf-15bf8e95bbca,AR001,2026-06-12,
bc195c1b-5a88-491f-9f19-b4814d3f7f8e,AR006,2025-07-18,
4c4faba9-c0af-47dd-92ec-972c7eb0761b,AR009,2025-05-09,
021cac40-c4b3-4922-b11e-1acefb9fe29d,AR003,2024-05-15,
03aa311a-9dc4-415f-ba51-9aa56a901b64,AR002,2026-05-08,
152b5262-240d-49bb-bcc2-06fe8ec4889d,AR003,2026-07-23,
59201c0f-c7f8-4e21-8968-6646b4dd3a23,AR005,2025-02-06,
a2b6cbfb-0f3b-446b-b98c-178a57316bc6,AR002,2026-07-12,
93ee372f-0bcb-47a9-a7e0-eb178fcf808c,AR028,2024-10-16,
6b5676e7-f446-42fc-92ba-55075432adf7,AR006,2026-07-21,
c4d2f2e5-e79e-487c-b27c-01c77169d5ed,AR022,2024-05-01,
7ab08326-e72a-4279-9520-5d0371cc47e1,AR029,2025-05-17,
7662bc4c-fd26-4250-ad78-612fe3d93d5b,AR002,2024-05-20,
3c0de327-ac75-4aaa-ad1d-e8dce2aed38f,AR015,2026-05-05,
5cf5b248-40c0-4c8d-97b0-c66755c58d3d,AR025,2025-12-29,
2954524d-6297-4d75-ad96-d93d17f69da8,AR014,2025-07-24,
6bc805f6-26e3-4637-b632-c9ff34b885db,AR006,2026-07-29,
7e6fab1a-cab5-405b-97b0-aba16d09c4be,AR006,2026-05-26,
dc87d0fb-2f94-4856-8768-ab0da688eb91,AR001,2025-11-10,
a54ab556-0107-4995-ba8e-8f20e87cf5dc,AR010,2024-11-20,
622fff4e-2940-4bd6-bae5-a65cb8a2b823,AR030,2024-12-15,
4fff31dd-8ce3-4a84-afa7-d2dafb360755,AR029,2026-06-09,
92b17017-f127-4184-8bea-5f5622877854,AR001,2026-07-02,
2012c3bf-e0b2-4673-ac10-e17ac278c5f4,AR017,2025-01-30,
0c9de00c-b1cf-4da2-9c71-9f6edb2d2e59,AR004,2025-10-15,
f99e9031-a75f-4f3b-a4e2-4eea04e99fd1,AR026,2024-10-03,
66d4a591-7106-4bba-8213-fd9b39b4c7a8,AR001,2025-12-07,
c87ee1f9-b0fd-4f92-9277-9583a1b91e6f,AR028,2025-10-12,
a39d6035-1d01-4b5a-8c48-146bf8901fad,AR023,2026-02-14,
2bf8df71-fa34-404d-8156-a1c4fe426632,AR002,2026-01-04,
7f00c00f-d94b-41de-9b26-844ec4908045,AR001,2024-12-17,
e98ae138-2e3d-4747-bccf-5a0f822f1868,AR023,2025-07-10,
10f10e23-fe75-4df9-8b71-08516f20558c,AR003,2025-01-27,
2a38bf4f-76c8-4e4c-884b-9dc8991cd173,AR010,2026-06-16,
8382bde2-4776-4e2d-8d02-fa846a6062ee,AR027,2025-05-15,
9debb889-56fe-414d-9e0f-467243242609,AR011,2025-07-20,
556d079e-2eec-4ba8-a861-fb57e28136d7,AR006,2024-06-22,
ff012f01-080b-4d04-a73d-cc3328113c2b,AR006,2025-08-20,
e12d0ad4-8201-470b-9d2b-bbd6034e7058,AR001,2026-05-26,
972d68a4-9e6b-4e2f-bd17-5e71bfb2abc8,AR029,2024-12-25,
c4fa4657-982d-4245-aab6-7b98cda27f99,AR004,2026-04-15,
ecfb14ef-133e-4c25-b3c4-85087d1842e1,AR003,2024-06-24,
c4a98531-4368-4a40-a33c-3adf15dfd466,AR004,2025-09-24,
c97ddde7-6a10-4b64-82d1-c76096c5319f,AR029,2024-10-10,
18566c56-7866-4155-a2f6-501cf8d055c3,AR002,2025-01-30,
6883d1d0-b742-4b46-b752-23383b362dce,AR025,2025-07-15,
8b6d3226-e83d-4c66-a25f-35986444f6e2,AR017,2025-04-02,
243dbf11-3d5f-40e1-98c0-da8cf321a659,AR023,2026-03-18,
72c78772-ce4b-45a3-beaf-e0006aa5649b,AR029,2026-06-20,
eff154cc-cd0e-490d-a0a9-47d57016a039,AR023,2024-10-26,
0f531323-b023-4176-8475-0e50b62f5730,AR028,2024-05-12,
e3917fa4-f1e4-417e-b8c4-0527c47e3764,AR002,2024-08-04,
12c65cca-bf5d-4a3b-a0b0-76c9c1a005f3,AR021,2025-12-01,
aa929094-1edf-4baf-9ecd-3587b3088734,AR010,2025-10-16,
1f2a9f73-2a16-4e4d-869e-1103399d19d8,AR010,2025-10-15,
43f0d76d-24a5-417e-af4f-66e1e4dfeac9,AR026,2024-12-20,
3baf5bcc-d45c-4441-ac2e-d07c5f453a26,AR029,2025-02-27,
6b65eea1-1b3a-4e76-b843-f761e3b8c4cb,AR017,2024-09-30,
e225ac00-ac40-4504-88f5-8797b540154e,AR007,2024-05-23,
037d1b91-52d9-46fa-a37a-8486c52afe3d,AR006,2025-09-16,
be481810-b75e-4944-a84a-337584b0e721,AR005,2025-01-24,
9a8aab60-c15c-4447-95af-66d6d507f23d,AR005,2025-06-14,
d543b27a-5e40-4608-8ed3-b71f2c3416a4,AR006,2024-05-15,
d076fe18-dd74-4418-a0f8-067e9fa30e34,AR002,2025-10-20,
1f950fde-f502-4a6e-9728-682a83684ece,AR001,2026-03-13,
492613a3-aee9-4a1e-bf7e-69630e18bf36,AR021,2025-09-28,
90956a5d-ed3b-4454-b6e4-d89dd83699b8,AR006,2025-03-03,
0ad453b7-9e75-4ca6-82e2-0e597e67e2ca,AR027,2024-05-16,
a7fa9c2d-eb9b-4a45-b3e8-87b4341945b1,AR013,2024-09-01,
c6695fa6-3394-4bed-a1af-8d28b01fed41,AR001,2026-08-08,
b71a753d-beff-4995-abec-7f6c8aa51ab1,AR003,2025-06-07,
46b9c974-d21b-4d9d-aa8c-39487e657bca,AR003,2026-04-07,
fb597df4-ee78-4195-9f48-6ddfe8353e7c,AR029,2025-10-12,
d06206a3-541c-4049-86b0-438c34ac3811,AR003,2024-05-24,
53e41f5a-b15d-4b1b-b87c-ac26568b4ad9,AR009,2024-04-19,
1280b26a-d429-4da8-9ef3-27500ad81e35,AR028,2026-04-12,
66d09a3b-bf48-49c6-8962-ab58ca122fb2,AR029,2026-04-23,
f7935a87-b087-4f3f-94d9-70fb842f8d13,AR004,2024-12-26,
ea4bbca3-6cd6-49c2-b330-f6881f13d575,AR001,2025-08-31,
6948be0a-d288-4b16-8de1-96ba5e4b485e,AR002,2025-08-12,
31b58f85-cae0-42d5-ba06-b38ba0277386,AR001,2024-07-25,
84d1941e-9684-47b4-bc2f-9826780a5428,AR003,2024-06-14,
c9adf7d1-9802-4ee0-96ca-e2bf236fff6e,AR011,2024-07-01,
687658f8-d30c-4bf4-8246-d3541cd97221,AR027,2024-10-11,
9f8f8812-b818-4ac9-bfea-bd765d933f29,AR010,2024-04-23,
b430c190-b747-4086-b66e-fc7efd31e730,AR014,2024-12-05,
e25bace4-f132-4561-b252-f88c360a7fa6,AR003,2024-07-15,
8b23eb12-b512-4376-a8f3-5c5fee01bfc1,AR022,2025-05-10,
7c5e7aec-1c78-4b4e-9358-60fd5fe9a734,AR013,2026-07-10,
d2585243-696d-4a4a-98af-8b8cfdaec58d,AR024,2024-09-12,
9bcfdc08-f3ff-4df4-97d4-c422e32678cd,AR028,2024-06-06,
d378fdaa-e002-493b-84f5-8a8f093f1d7e,AR005,2025-11-25,
c56962b3-89f8-484c-8b01-2d1fdbf78374,AR002,2025-08-16,
cbecdccb-79e6-4993-80bb-0dc0144e54ad,AR003,2025-04-13,
ab8620dc-ccd6-44bb-ab3f-736338838465,AR006,2025-02-03,
5bcd1948-3a64-4f69-9a97-83a725fa2bba,AR028,2025-01-13,
094adcec-d30b-4e3a-89ac-d009ddaa1d39,AR005,2025-09-14,
05c9ae37-e12d-4aea-ab88-494a0f8962cb,AR020,2024-08-10,
c72e05ff-d975-4941-a984-2d48a7595d66,AR010,2024-09-15,
fde076ff-860c-4864-8193-71ed0af5aa50,AR003,2024-05-26,
08a7d0f4-5309-4bac-92c3-225e16803594,AR005,2025-04-09,
f746dad8-3c37-4a39-b3a6-017e78ed1496,AR015,2026-06-17,
5702812f-709b-4049-8bd5-68cd206fe49b,AR016,2024-08-18,
d40ad2c0-6ef2-41bd-9d7a-efd3a21dddb3,AR006,2026-06-15,
edefb336-6b9e-452a-a905-8889e43223e7,AR003,2026-03-08,
419bc9fd-7f7a-41cd-9971-e1db46584094,AR018,2025-12-18,
fc4be259-aa42-43cc-9ccb-44f807f621b8,AR003,2026-03-16,
dabd4f70-0fe9-4695-9e86-364481d2fc85,AR028,2024-12-02,
ed1659c4-ce5e-44ad-a5a0-5f389af92a97,AR003,2025-08-05,
ea2a215f-b27e-4a69-99c1-56d2084db497,AR002,2026-02-14,
28862aaf-bd78-44c8-8dcd-a9d06a7ea0b6,AR008,2026-08-19,
8c050a71-8c25-4289-a4c4-e33b9a230702,AR009,2026-02-16,
8891bffe-594e-4cd7-9242-651740a8e987,AR008,2024-12-29,
ae4f8887-c7df-441d-9fa5-a3e3c6ace9ea,AR006,2024-10-01,
a1a868b5-64a4-4c85-9e94-4cfa337a8e8a,AR030,2025-12-09,
53972c1d-c201-4bf8-9a6c-bb09abbf0c88,AR007,2026-06-21,
d64f7c58-522d-44ec-ab22-9e4cd635d139,AR007,2025-04-26,
24d5a8bb-ef7b-4834-b23c-5137c206f8e8,AR006,2024-10-11,
6006d669-2ef6-494c-8055-79968ad8eec2,AR001,2026-06-24,
ef694235-ab59-4a51-a90c-988406815000,AR012,2024-09-30,
7ddd7e6b-fb00-4b47-b6f6-a40f2eedae7f,AR003,2026-03-28,
6757a613-e34d-4529-97ee-3782d51f03c2,AR014,2026-01-11,
a9e76fc6-5106-4c1c-84c9-11d142fa52a4,AR001,2025-02-28,
a1f5b27d-af43-4b3c-a964-b696e9ae9538,AR030,2026-07-10,
0c6f84c4-2d17-46fb-97fb-94fd57b5bfe4,AR007,2025-12-01,
500f4a0c-3979-40d1-8e1f-6edb5211dade,AR026,2026-04-25,
2bbc7ef5-c93b-41b1-82ac-d759fdb1289f,AR007,2026-02-18,
17bb4fbd-ff4e-49e5-bba4-05d3edc68a47,AR001,2024-10-20,
4ce406cc-fca9-43ea-acec-f9c54e17da25,AR022,2026-02-05,
50e919be-3abf-4322-9c1f-de892f89b647,AR015,2026-07-17,
3c64be8e-bd53-498c-9845-4aedda0da18a,AR021,2026-02-18,
9bc119f9-bab9-46d6-9f56-303f1bcb042f,AR006,2026-06-09,
6fcdc5e1-c8b2-4024-948c-4db06a30df72,AR014,2025-02-28,
08ac948a-43a2-43a3-a226-39c095b9ce5c,AR024,2024-04-29,
7bdec68b-2f84-4774-a569-71a12ef8d235,AR014,2026-03-31,
9c967ec0-8f49-4f48-ab35-3461739f93d4,AR005,2024-11-27,
0eb60e02-b568-482e-a3a4-d51831936578,AR015,2025-10-12,
0cb9248b-4ee5-45fc-a786-4da8105a3adc,AR016,2026-06-22,
bea7445c-0093-433b-a193-5894d1b4d757,AR029,2025-01-02,
0896d79e-78bb-437e-af94-da708862aac6,AR005,2026-02-22,
4a30a414-f642-4f90-b547-51def2805d62,AR006,2025-06-03,
c19c9b3b-8938-4ffe-9ef8-00069dc3fc56,AR022,2025-06-08,
bc27359c-a1ce-46fc-8344-cc6ff3100b19,AR008,2025-03-22,
4d5b7d7c-1811-4b44-8724-17f59f1d78d2,AR019,2026-04-28,
bc65f109-7fda-4a75-bae5-e9b6c1386004,AR006,2026-01-17,
08efd890-7ffc-44d0-af25-ca2a0e99ecd4,AR003,2024-11-20,
de542420-c82b-4348-94ea-a1901c801553,AR019,2024-06-03,
b5edb84f-4b56-413b-8b5d-efe593ba9c74,AR002,2026-08-13,
f32d56dc-a80e-403a-aca1-4055d425b2cf,AR003,2025-08-28,
355fe4bf-10a4-4c24-8c90-1eead1784166,AR014,2024-07-18,
65067a7e-6919-4f53-8af4-ba420e3ae4b2,AR019,2025-12-17,
6473295c-99c5-47c5-8a48-770512d46b91,AR026,2025-07-30,
4544cb17-4723-412c-b192-743c692fe724,AR004,2024-06-28,
c9fd6907-db4a-4fcd-8c96-d3688d3a62c1,AR002,2024-05-03,
8618f210-accf-43cb-a0b5-ffb3de60795d,AR029,2025-01-30,
7e2ca395-58aa-4f0d-884c-25562d440c20,AR002,2024-12-28,
a682fbdc-fee4-4063-854a-f4e720aa1c1e,AR003,2025-03-07,
c732e499-7474-4145-9f7e-bfcdd2575f39,AR004,2025-12-20,
38be3d17-5536-4f3e-b9de-6debada7623e,AR009,2024-07-13,
33a57263-c406-4836-8a46-edd0a014808f,AR025,2026-07-25,
411cffbd-c5d9-4beb-b9a4-08640d32c918,AR020,2026-07-04,
56886f22-3131-44da-a4f6-25bef688472d,AR017,2025-03-18,
16eea6c0-7459-4a64-a893-46ab973010ac,AR003,2024-08-25,
0f55da08-76f3-4064-ae94-c2aa25752a01,AR005,2024-09-14,
ed6f13cf-a3b5-4bac-8519-27303d851e38,AR007,2025-01-11,
303f9ca3-994e-4935-9826-752304430437,AR002,2025-09-30,
20429f8e-b8d5-4cfb-ab99-6c26fe302417,AR004,2025-10-14,
a0146ad2-61b8-43ec-b774-44fb430ae962,AR004,2025-08-18,
5d9ffffe-9e62-4279-b9ca-b9f5b8d38db6,AR002,2026-01-12,
88963600-5b41-48fc-8a9b-84418b1d924f,AR010,2025-08-24,
1b99296f-3fc4-481b-942a-ce0d788ff790,AR017,2026-05-24,
9103faaa-dadb-4501-936b-477ca838ab35,AR001,2025-11-18,
586fef9e-283b-49b7-9982-15135a447a00,AR007,2024-05-27,
09f1b9b2-7b57-47e2-96ba-9485b7454cf7,AR021,2024-12-16,
a6014c47-be5c-40a1-bdae-4f466139d70a,AR019,2026-04-22,
5f1453f3-8d94-4f70-82c6-cd7632432e35,AR022,2025-12-17,
807f8869-9613-4370-bf7c-181a81ff0f0a,AR006,2026-01-10,
b8147b9a-38fc-48b5-9d75-f44e4a5a2a6b,AR022,2025-12-21,
6b6910c9-43e2-4cd7-93db-ba8bcf7251b5,AR004,2024-12-30,
780616de-0f37-4ce4-8a9d-8af1ca2b9c2d,AR005,2024-07-06,
5384179e-26e4-43b2-b948-c48c40dc28e5,AR003,2024-12-14,
8d2e41cb-d741-480d-a73a-5f55e641d6ce,AR007,2025-06-25,
e53152a9-6ea7-4833-86b8-984d5bd7ff22,AR006,2026-04-06,
01d5d415-6cc1-4f58-a80d-4d31701ae353,AR004,2026-04-21,
c3931116-b6dc-47d9-966e-3ad9dd1d32dd,AR019,2024-09-14,
e9f4e551-42e0-45fc-ab3b-739775a19184,AR005,2025-01-11,
af3d58ba-7b1b-484a-8cb0-a1c6fe18d29a,AR004,2025-06-06,
09fe009c-84f7-41f9-994a-5a8b4d07927e,AR002,2025-04-08,
96a895f2-076b-4f21-b721-9edb6210647b,AR006,2024-08-15,
9588b03a-e4b3-4277-84f9-e4857e9eef5c,AR004,2024-09-14,
a6e7458d-bde7-478e-a160-b91195ca931b,AR005,2026-06-09,
e1de4186-f900-4456-b216-63b54f4017ea,AR004,2025-09-14,
da88c4a5-a914-43f6-97f6-0f448de6d626,AR020,2026-07-17,
49b2feab-4371-4c8a-8f91-00bf01e54b75,AR027,2025-09-23,
becbe859-d6f0-4d3b-879a-66072422b833,AR008,2025-02-15,
0d12020f-ca79-426c-9f2a-147cdc3f4601,AR014,2026-02-23,
e34560f6-ee37-43d7-8a0f-42d14d5fc6ef,AR025,2026-04-15,
48409fed-5bf2-4bbe-b55f-27da8a9f5aa3,AR030,2025-06-22,
563703cb-d306-421d-927f-be6b1e9ccd45,AR013,2025-05-24,
8a988c1b-963f-4d28-a7d1-e88377d34d9f,AR026,2024-12-10,
3eecfbdb-c0fb-41ac-8c92-26cc5d424004,AR026,2026-08-11,
f3d2e13b-2ad3-4427-bd64-41fbfed4a8d0,AR021,2026-01-20,
38168768-8a98-4703-bd34-0608eceddb60,AR006,2024-10-14,
c0db3a4a-a243-4887-9633-a96079d1c6ee,AR002,2025-01-07,
ecb5ad2c-3224-4414-ac06-27cb69c55bf2,AR001,2024-07-02,
5f095c39-0847-4549-9851-51ff98b32191,AR007,2024-09-14,
fb45cdf2-375f-43a9-8134-3af45cd78f09,AR008,2024-08-24,
e75a809f-55bf-4bcf-8052-92654aac3fdb,AR006,2025-06-05,
ee55b3d8-7d6d-427c-b6ee-905f9b5137e9,AR011,2024-05-12,
b722faf5-3147-4b2d-9997-5c2995dddd09,AR010,2025-08-27,
f9ca2a14-3d31-4344-a508-9a92aadc5835,AR023,2024-06-29,
45c06582-9516-4e29-9205-021f4bf59bba,AR002,2025-09-17,
67d8a4bb-df8c-4847-9607-9be1a83e29da,AR003,2025-08-02,
ca24e25a-4bd0-43d4-80f4-d19b9a016d9c,AR021,2025-01-04,
11edd283-2cc5-4254-a388-2b6315402109,AR024,2025-09-11,
7bc8684b-0801-43b2-b37f-47453e944b60,AR030,2026-04-18,
6cb1f7d9-bfff-4c1c-8ce0-32c8a5010811,AR025,2024-07-05,
97cdc763-a2ba-41dc-a1d7-55ea9f975045,AR026,2025-07-25,
9c28c940-0679-4a98-bb7f-c44d63f5e6a6,AR005,2024-06-08,
4cf8e722-4e35-47a5-8044-d347f314e304,AR006,2025-09-10,
7348ddb1-c325-4f3d-8596-74f34c737218,AR004,2024-04-29,
6a9c8181-71f7-4de9-8617-958087ff2df0,AR013,2025-03-17,
1402650c-5a2f-4fb7-89d1-e36b97d2e8bf,AR028,2024-10-24,
334c2c3b-c627-47f6-97e6-d9ea55272ef4,AR005,2024-11-04,
097d2132-a39b-4b6a-aab8-b93ea0cfa5f1,AR011,2026-03-01,
5474202b-7a08-4ea4-ac21-db11bcfe1a45,AR004,2024-09-13,
485c1c85-0d78-4a42-8e4c-ebbed7c8d550,AR003,2024-05-23,
e398e47b-63df-4e5e-a40a-698306567cc6,AR003,2025-01-25,
238e674c-f486-40a3-9319-1b3218c8cfc5,AR001,2024-05-21,
d5130662-d1ee-43bf-b579-3dfc3477796b,AR028,2024-08-17,
1d941f82-3aa3-4be9-a308-c6146e501267,AR006,2025-01-21,
0731d033-da28-4eb7-b52c-046267acb037,AR023,2025-07-04,
df46d202-f503-4a53-a7be-6107e4cc7538,AR016,2024-08-08,
41274038-bf3a-478f-bd9f-e393d41a1a20,AR003,2026-03-15,
48af40f0-661e-4019-921d-c6b02a737c88,AR003,2025-04-22,
e587343a-5b65-4f30-b8a0-ed0b63058928,AR022,2024-09-13,
4f40651e-713a-4c6f-9257-bb3528a2fbb8,AR004,2024-05-24,
7c7d0e21-a851-4022-b95d-b4d9e9c196ec,AR027,2026-01-03,
c978f1e0-6d9a-4f34-b2f8-c72cd17ce69a,AR002,2026-06-03,
fc987eb7-4b5d-4e6f-820c-79d97d232fb1,AR016,2025-11-06,
d40081f0-5ded-4d4d-bd03-a123e5df0e77,AR022,2024-08-02,
feb45de0-7281-4c63-98c8-8176c9ea274d,AR004,2025-05-25,
fcfec371-0226-4e70-8f9d-d17d98e8db6b,AR004,2026-07-06,
1af9d588-8819-48f8-a282-4f97c85f96e0,AR029,2026-05-12,
01088aa9-c999-4e2b-a0c0-3595a50ed29d,AR004,2025-11-01,
8f08e6ff-ac02-4fc3-b8a6-9f04bb7e74f2,AR006,2025-10-29,
52645ade-7b9c-4ccd-94aa-822c9d081e61,AR006,2026-04-28,
be2109b9-7ac8-475f-b26f-11b329c6aa2e,AR004,2025-06-20,
4c35eb48-93bc-4e02-a46b-f680f5a02df0,AR020,2025-07-03,
3726898a-f49d-4049-84f7-c7bc2fbb2270,AR020,2026-03-03,
bd725d4f-7290-419a-80c1-ed1ccc8a139c,AR005,2026-02-02,
adbd2475-7b9a-4185-abb5-8513897e0512,AR023,2025-01-22,
7fd86c70-db88-424f-9ac4-28ba0444db91,AR003,2024-05-17,
2b40ab35-8d37-41db-a920-99a7158297c7,AR001,2024-04-09,
af32f11a-7142-4794-98a9-06a265b91a21,AR011,2025-04-24,
77dc4cd0-bb96-43cb-9cb2-47571bd1c4ee,AR030,2026-07-21,
438df005-eb51-4a45-8537-7ea424dbe58d,AR001,2024-07-03,
b4d95150-7af3-479a-a992-1ec032001533,AR003,2024-05-19,
b6e704de-887b-4730-89d8-9bd608076397,AR009,2025-12-25,
9f132b7e-a80d-4b8f-acb1-3d38f3c8d2a6,AR022,2025-09-09,
4fb2d191-478c-4b66-a243-55f0ca2b839f,AR002,2026-08-01,
ff4c1e80-52f7-444c-87e5-23cbcb23e3cf,AR006,2024-09-25,
794cb27e-3fcf-4db0-a9b2-a72912c679a0,AR019,2024-10-18,
3a0bfaed-ab8c-4752-b39b-5f7741461744,AR005,2026-08-06,
ab11933f-6a34-431c-a8ac-b55b71edc7f8,AR003,2024-12-20,
fe111055-be44-42cc-916a-7304b53a707d,AR003,2025-08-30,
29f2b870-7a0f-4e8d-b862-3515759ef742,AR006,2025-05-06,
3a8d594a-7abe-4742-9144-9975e4e5c924,AR007,2026-02-15,
e003e900-8ebd-4819-beed-9fa51fdefb03,AR024,2024-09-13,
f1d9abf6-da06-4bee-9376-48f7d64ee977,AR014,2025-09-06,
67ec5507-437e-4b34-b845-45a722677091,AR017,2024-08-23,
8dd961b1-8648-4b24-9799-142d8909c0c0,AR030,2026-04-17,
48915ece-ac2e-446f-8cd2-1794df305f19,AR006,2025-03-30,
d5be96a9-95f7-4d05-9ea9-cd42338aa480,AR006,2025-11-27,
95ab6fc7-98e4-4abe-89dc-8e24ffed1b5b,AR027,2024-05-05,
170e6353-d2ed-40f4-93c4-65f855c0decb,AR004,2025-04-26,
bb6a35b3-cd13-4d4e-8796-d457a0c93449,AR018,2024-12-05,
442338fe-0466-43d9-80cf-2494e73af2de,AR019,2026-06-10,
f5126571-95c3-4ebb-a703-28f65b9387cc,AR002,2025-01-12,
b6ffce93-ccbc-49fe-bc88-04b6aec2579e,AR007,2026-05-28,
0d8adf71-03f0-445c-b515-0f7bd86ce2ec,AR003,2025-10-13,
008aa315-cf5e-4a08-bae8-d09a88b5e260,AR003,2026-02-11,
303738bc-148e-48fc-829c-d4c5f9f344a8,AR006,2026-08-22,
bee58fc8-13c8-4466-8ea5-be33509c967e,AR004,2025-03-31,
5d694655-493c-4b65-9f6a-d83ac5878ffa,AR021,2026-01-26,
4d789188-d8cc-42bb-a032-f886e41953d1,AR026,2025-06-04,
29f0afb4-213b-4d8f-a4ae-4716aad7ba21,AR022,2024-10-28,
3c0a6381-d0f7-4df8-bff2-82ef581c46fd,AR004,2026-03-22,
f6438c0f-d966-4518-a210-c187bf442e27,AR004,2024-12-14,
8b65234c-964f-4fb0-9c80-4019e6894d15,AR004,2025-12-08,
e9a19732-6aac-4d4a-a394-af47da85c34f,AR002,2025-11-09,
3fa242ba-473a-44c6-9075-0996b0f30dec,AR028,2025-04-09,
7522cf83-bf5d-457d-b7b2-3a74183c19af,AR006,2025-02-25,
e6af07e8-cd89-4ea6-97e7-c5b02dcdbf7e,AR003,2025-01-30,
fdb69b40-716a-47be-89f4-c69ee3994027,AR024,2026-03-07,
c378ef88-1567-420a-b65b-1c6d7c03b812,AR006,2025-04-06,
28a6e755-4f39-4256-93ab-1b279cdd1180,AR001,2026-01-06,
e7aca123-ed30-4cde-be16-11297c262921,AR003,2025-12-26,
312546b7-a476-4cdf-add9-2bb68e13c1ea,AR014,2024-05-21,
ca26e1db-7dc8-440e-92f1-2ac41a5201e4,AR021,2026-05-28,
fe4b9209-dc90-4087-a0ce-a9da6511d42c,AR003,2025-08-29,
21a90b93-dce8-4776-8fc1-0a4cad8fd1f2,AR027,2025-08-06,
0c8d719e-32e0-4079-a435-7e530865ca19,AR024,2026-01-22,
56745232-efd8-41fd-806a-6a31d5c25ba0,AR024,2024-10-09,
7250bd71-c558-4c87-b730-173d7f0d0e54,AR003,2025-06-26,
bb0cf801-f92f-4a6e-b1dd-b482e31d51b9,AR001,2024-12-06,
ec6a7cf1-c437-4255-a3a3-d1dbfa39836a,AR025,2025-09-21,
c52c2c25-80d4-4592-80ad-c6a52f75899c,AR004,2024-07-04,
34b5313d-cded-4857-8dc1-0cc6b6aed095,AR013,2024-11-27,
d708cfcf-9f1f-47de-989a-deb80a0c498b,AR020,2025-11-07,
6c10d190-3dc1-4a67-8c50-5c5959fb858c,AR002,2024-05-08,
87d859fa-c91d-43f6-9a1e-912dd70cc63f,AR021,2024-08-01,
efe2d724-328e-42c2-9443-9f7db662e99d,AR028,2025-03-27,
113d8793-f7a2-46fc-96d1-3ecf774f74e5,AR018,2026-08-09,
c8243d9d-1a36-40f1-9b0d-60d8e8c76116,AR006,2025-03-27,
b0e916a2-7155-471f-bece-3847b84a994d,AR025,2024-12-30,
f1693fc6-43cd-4638-b4a8-fdd5ad298996,AR009,2025-10-10,
a880c2cc-6c10-4fd5-a878-923f917af569,AR019,2026-04-20,
dd2e3d4e-77a6-4b24-8e31-aa1104e5d300,AR022,2025-04-19,
abc4cd1a-8452-42a7-89e5-0a9a57a830f7,AR019,2024-09-25,
ef9ea3b4-9322-4bf6-830b-1d696cfe3450,AR004,2025-11-19,
39b2117d-befd-44c6-9a6a-6bf05aa1c701,AR002,2025-07-23,
12dc3ded-1929-45b1-88c3-8a88bac37ce4,AR004,2026-08-23,
a5376192-a78e-47cf-bff0-a44916c4be31,AR008,2024-12-19,
8eb28aa2-76b2-4634-9ce0-8385fee01260,AR008,2024-07-31,
fc49065a-9876-48fd-b607-24a82fd36a0f,AR012,2024-10-17,
6968edbc-2773-430d-a3cd-28d24d9e1ee3,AR006,2025-08-15,
1bca6781-0cb3-4281-ab50-7a1765827dda,AR021,2026-07-15,
e348e289-9361-4497-af57-404e12fed703,AR027,2025-06-21,
3278892c-a69a-47f6-b3dc-817e5712024c,AR004,2024-05-27,
235ac322-7b7b-412e-9ad9-e736eb291f93,AR019,2026-06-12,
2e0efe4a-6a7b-4c25-8739-acd0ec1dc13c,AR016,2026-02-18,
c883d130-a6ef-4856-9ecf-6a24bfedd0be,AR009,2024-08-25,
29f0354c-5d52-4e0a-b9f8-94cbf1930160,AR003,2025-04-16,
a633c676-4c6a-41f7-b9f5-e59d0a3a8b34,AR021,2026-03-28,
88bbdb03-fd79-4e09-9836-11133e8a5ef6,AR029,2026-08-02,
55b8c24c-7d17-4b6b-aea8-fa7f04d89520,AR018,2025-08-31,
d6dcdb9b-743c-4aef-9e55-c77da79c54ca,AR027,2025-03-24,
a9d58bf7-3c8c-4191-9472-96343bf8d489,AR030,2024-08-22,
4ca69265-5b1f-45ca-9795-3213a0678bd3,AR005,2024-07-16,
c63e643f-1887-4540-80b7-8c21e185566b,AR014,2025-07-21,
70cbb312-3bb4-4569-b9f1-84db61ba2314,AR007,2025-08-21,
07bbd2a1-0666-4da7-bbea-81c3b07f8ed9,AR030,2024-06-04,
af7ef385-7c3e-4746-b777-fe99a28a840c,AR002,2024-10-17,
845a8093-b51e-4871-95f7-1e64a2ec65d5,AR006,2026-02-22,
df3ea437-dac7-414c-bf3f-7e9e6fe70a6e,AR025,2025-01-08,
a343fae5-f3de-4991-896d-19843a6b7e4c,AR004,2024-12-09,
e20bee35-3319-4d1f-b494-f35ae35fbc18,AR021,2026-02-01,
f3b1ae5e-b16d-43c8-9610-02867bcf7d4c,AR005,2024-04-25,
0c7fcf85-ba7a-4da7-8d13-8cd3fe8d947d,AR030,2025-12-08,
3dcdba08-0012-4193-bf73-45189c6baee5,AR025,2025-05-02,
a2cc8c4b-d508-4f48-b1a4-cf714655d8c2,AR004,2025-06-20,
8c58ee24-4b2b-456e-8d09-9fff768986ac,AR020,2024-12-29,
b5c0ba31-3bfa-46b1-9bf6-8a65fcf1fa6d,AR005,2024-06-30,
510edac2-9538-4689-b193-8971b3c578b0,AR013,2025-09-15,
24bf3287-ff49-4ef2-86b2-eb83866529be,AR015,2025-09-23,
211556d7-269e-4bd5-87a2-eb12750498a6,AR023,2024-11-08,
45625bea-c5b2-41dc-9afd-4c227976fc70,AR001,2024-05-17,
4d7b9b9d-3ab3-4844-b160-a14b34db551c,AR003,2024-06-24,
42cfcc44-9a56-400b-b966-18c5de1e0257,AR018,2024-11-07,
3bed5159-0efc-4bf9-9eef-36cd8e7df303,AR011,2024-12-20,
ef04fa0e-1e33-42e9-8b7a-7724854eaba2,AR008,2024-10-24,
be732638-8d0d-449d-b580-b2563988f074,AR001,2024-05-31,
4c0f1169-dc5f-41eb-b19a-f7f4549f3670,AR005,2026-08-14,
d8cff090-1a29-4872-b683-a22d90a315d5,AR024,2025-03-29,
e37fba7d-2252-4acb-ab37-669b9d97c67f,AR001,2026-07-25,
793ea547-f8c8-470f-9d33-b5d08395c57e,AR006,2025-04-08,
89c2a8e6-ec8a-4850-b358-1e0e7f2913b9,AR028,2025-09-14,
0dcb0954-a96e-448e-8c2b-457f46a72210,AR001,2025-12-01,
1dcf3c66-d713-40ae-a3f5-4df32553c86f,AR019,2024-07-09,
2485b490-e19d-4c7a-b45b-f79cc6235086,AR004,2024-12-14,
97054153-8fe6-4011-86ba-a0e4a409fffc,AR024,2025-04-17,
e85164dd-1875-4776-a342-835f0c3d1824,AR019,2024-07-17,
b005e693-0010-43bd-af9a-768f45f24719,AR025,2026-05-30,
25418bb2-2e04-476b-b334-036288fbd2dd,AR003,2025-02-07,
f29a5718-4029-43cf-be24-f35f31fc761a,AR009,2026-04-10,
15e05502-9609-4d1b-9562-bae968789d93,AR021,2026-02-02,
d8c0bc77-246a-4d14-a143-eec6f7c69c34,AR004,2026-03-15,
f75436f9-9c77-4a86-97c8-24897e907330,AR003,2025-05-07,
38039e0a-b891-4449-8557-5cc9b227ee53,AR001,2025-02-22,
dc327450-dfad-48cc-9327-75b83425bb0a,AR029,2024-11-04,
0f6b29ed-7a36-47b5-838a-1d0cc8355d76,AR017,2025-08-05,
7379b5be-2df7-4e82-810b-4f52748d679a,AR014,2024-05-28,
b1ce8432-4440-4154-af83-edf886c4601e,AR019,2025-10-02,
6efe37f9-23e3-43c7-ac25-7aeefa5ea21f,AR009,2026-04-09,
ebe5c742-c6e4-43a2-a9e8-129f9aceac73,AR007,2026-07-23,
f26cb3b2-fa7d-4aa0-9733-b4cbe596faba,AR006,2026-05-05,
838456a7-86c7-493f-b8cd-35c2fed8b585,AR014,2025-08-01,
1af18532-cb51-464a-8fbd-9ed0d76d1cc3,AR003,2025-08-29,
ef94d59e-0bba-4a9d-a23e-fefaa3255d4d,AR025,2024-08-10,
665d1d78-c6b9-491d-bdd8-a7d293f9bd9a,AR022,2026-05-06,
d1aa1759-9f48-4703-b09f-b12a8e226569,AR005,2026-01-07,
0274477f-d55b-4bfb-b233-3661bf198b9b,AR012,2024-04-23,
adf95ab0-8875-4ab1-bb7d-51f56dddee75,AR002,2026-07-30,
97e025f1-05bc-40ad-9216-e1fcaa1cad60,AR029,2025-08-19,
9163907b-05fa-4c2e-beeb-57a1edc838d3,AR026,2026-03-04,
1c319cd5-e8dd-45aa-94f4-34ef0b4f41c7,AR027,2025-05-16,
bb7cbcdc-ad87-4795-87ab-6099a2286ab9,AR005,2024-04-28,
b5e68910-ff33-460f-ae3d-6b932cfa12e8,AR003,2026-02-07,
93f52782-66d5-4b30-ac6b-98be797c23e5,AR003,2025-10-05,
e9c9922b-d9df-4f3e-b8fb-6599a12d1560,AR002,2025-07-29,
84944678-14b6-41be-9654-a073bb3b41d8,AR002,2024-09-28,
b9ec056c-6611-474e-a5e2-942a429972e5,AR001,2024-04-19,
06bd015b-fb63-47cd-9604-b67414cda20a,AR030,2026-06-01,
7c244072-12d5-4f45-8c8c-7eb3c4d2db46,AR001,2025-06-24,
8a1e4ff8-26c4-4e40-bfe5-b0b5bc323099,AR002,2024-11-07,
a3862e5b-f095-46cb-a9f0-d3b15cd8fb22,AR023,2026-08-16,
37baee31-2084-4723-ab0e-0f0abc9b2ac0,AR012,2024-09-21,
19bc747a-1b62-413e-b50e-d92a877bd0c9,AR020,2026-01-25,
a7e1c95d-7fd1-4192-bbe6-c5e568a17137,AR014,2025-05-29,
a1b6f8e9-9ea5-4fba-9780-be528e485891,AR025,2024-04-24,
bd42b80d-0b2c-4b38-b4b7-bf728b4f227e,AR014,2025-02-17,
3f45805c-1f36-4dcc-af29-c851763d7cdc,AR009,2024-04-15,
6ab5b495-f7e1-43a3-9350-da0df5e08249,AR018,2025-03-16,
60d99bff-52a5-4aeb-ba89-1535b810c0b6,AR006,2026-02-21,
c6a479f6-afab-4d4d-bebf-3b54b119d686,AR005,2024-12-29,
0caae938-25d9-44a2-a86a-edd2dd4a58d7,AR007,2025-03-06,
9ba1caf8-463f-44ca-a2f9-4efb19f995b9,AR003,2025-11-26,
ead2b378-fbe4-47f1-a698-2ac1a34b83f4,AR021,2026-06-18,
3d9a3385-738b-4e46-9a49-b36725b2365c,AR004,2025-02-06,
fcfc76cb-55d3-4c80-b875-f1219af1a3e6,AR002,2025-04-08,
32677995-a0d2-4245-a91c-a6bff5b3768b,AR004,2024-10-19,
758f7b16-208e-44c7-a580-801c604f1dcb,AR023,2026-05-06,
b687f4a3-b57e-4323-b0d1-4b89e3c42e07,AR005,2025-05-12,
76c9f927-8580-4724-99ed-2740296b1d58,AR016,2024-09-10,
7f0b12b9-b8be-414e-a72e-89ba8a459ba7,AR024,2024-07-09,
65f175f5-c449-411c-948d-91e2bf0e2ab3,AR001,2024-05-28,
21391fad-09db-42ef-aa58-a00f4f7ab5b8,AR020,2026-02-20,
6776f249-a360-49b5-b819-7841ce48a32f,AR004,2026-03-26,
a715276b-f542-46f3-a317-d8b8ce3bda0f,AR003,2025-04-09,
5fe444e0-eb24-488d-954a-b31a6ddf1a1c,AR017,2025-07-17,
25c7de5f-0366-429e-beb1-ee4d507e5a99,AR026,2026-02-01,
d8d38c6a-f7aa-43a5-a720-aa183627ad59,AR004,2026-05-27,
4d35e62d-8888-4bb9-a6ba-e311ff0d284b,AR011,2026-04-21,
39ac47ce-dfdb-46d8-8ffb-b8778ba0a8a7,AR004,2025-11-01,
10a515bb-c201-425b-8fd7-00a6235ac4d3,AR010,2024-11-18,
e3387c50-9327-43f7-9d78-cd9cb07dfd37,AR013,2026-06-28,
2655278a-f1a4-4b20-ad40-88fea24233e0,AR013,2026-05-24,
d80a9146-7fe1-4b65-969c-fe4d1c7e1e28,AR014,2026-01-05,
0545c3ab-c84a-4516-a328-9b0d84fa73a9,AR002,2024-07-24,
e4f8c1cb-7517-4390-b8fe-266d0a5187bd,AR017,2024-04-14,
8184b115-a3c2-4024-ba19-e1a6b0ee1a13,AR016,2025-08-06,
4803a0e7-26dc-4f89-8aae-08bb31389dd5,AR016,2026-07-16,
8d815f68-97f4-48bc-bcf0-d62c12052a4c,AR001,2026-08-13,
49e607b6-2ba2-41bd-bfa5-f186e9628f42,AR006,2024-08-06,
3ee5cae7-cf02-4081-bc5a-90390d2c5ff2,AR006,2025-08-02,
a6446150-90e5-4b45-b3db-b8bfc7adcda9,AR002,2026-06-17,
610414c7-3e95-4c81-8031-82ee9ad62dbe,AR003,2024-08-28,
b38c7815-18c9-4239-9f7b-f941d74b15d0,AR006,2025-05-20,
5347ee42-15c8-4ac1-bc91-7279c621cba2,AR019,2025-10-23,
20df505e-08fd-472d-8ef9-ed196c4cf6e5,AR004,2025-07-26,
b1ebe572-a577-4bb7-a2fb-2ad8d1e61871,AR023,2026-02-09,
1799beda-1c3f-4b7f-a85c-fb16c7f5d64a,AR010,2024-06-04,
a4de4fb1-237c-4faa-a943-dcd87ac8daf8,AR020,2024-10-07,
0087355d-964b-4b24-8623-b9a6eaee01ca,AR007,2026-03-03,
404e2c9a-4024-4d2b-9883-88871ff10c9a,AR008,2024-11-22,
be24ccbe-254a-4a0d-b0d5-957a9332f216,AR013,2026-03-20,
51935ffa-aab6-4698-b47f-a577a5f81691,AR027,2025-07-25,
b2c00104-3d51-4bc1-a2d6-1081f6d2af45,AR008,2024-11-10,
0c8c25d4-0e31-48cc-a763-0c40be97b0d6,AR009,2026-07-23,
661468f1-b156-4b61-8e97-9d4f94ce0c89,AR013,2024-11-30,
d0bf46f1-ed23-43ea-a0e0-96437f918683,AR019,2026-02-08,
bcf3b7a9-e210-4c26-a059-620026bc65d1,AR001,2024-12-23,
08055963-3389-424b-ab38-80171e5d2a5a,AR009,2025-06-15,
a9adf8de-7db8-4f66-87e7-7ebda3145e69,AR007,2026-08-01,
1aff7081-0d31-4714-8164-d96abeba49d3,AR027,2024-10-30,
4cade0ee-bc44-43b4-ad9f-fe0af98953d8,AR008,2026-01-09,
c0933b96-34d5-45e8-a1f1-891b7a03f517,AR007,2024-05-17,
ffe54bf6-f037-4a55-a20d-722fac78e217,AR029,2024-08-23,
ef6367b3-f3a2-44ef-b241-75ad001e9b00,AR006,2026-03-09,
e729edb1-0728-48a2-8974-bb59919276b8,AR003,2025-03-19,
ef90eeac-6740-4bae-8b43-0b07748962eb,AR003,2025-10-13,
b490728b-515c-4734-bdfe-36b473863427,AR002,2025-03-18,
a8cb5bc6-eeb8-4c18-8976-d1d1ea283446,AR001,2025-04-26,
2c7b1ef4-3b57-4b5a-b8ae-864f1a33ccc7,AR006,2025-12-09,
2a5124ce-3a9f-49fd-9a43-c1db7fb476f6,AR020,2025-02-03,
b2585836-23c2-4659-af9a-043ad3eb8568,AR019,2026-01-09,
00180d2e-1996-4fc5-b349-3221cd1f3472,AR001,2024-06-25,
0e7f4621-8459-4c82-b2f1-496cc5d9e774,AR011,2024-05-22,
d71be19e-7027-4b6e-9259-8988f375e6c2,AR002,2026-04-01,
b1c00894-f6c5-46a9-b427-0d19628fffc3,AR028,2024-11-28,
776bf095-685a-458c-8fe0-bab3436a09b5,AR003,2024-06-06,
e254770d-74f3-4662-bf8b-e938348b554e,AR014,2026-05-05,
d8fa5ff5-1dd9-418d-8eb9-7dd629101db3,AR005,2024-11-18,
98e83d2c-b14c-4ae4-9519-c2c74798fd12,AR014,2024-05-30,
c93b6a87-9dcf-419b-baae-b748d1ff2e18,AR006,2026-02-09,
577087d6-b6ec-4ed9-8aab-0049268471db,AR020,2025-04-04,
181efb7c-0ceb-45ef-a56e-6203b635ac57,AR003,2024-09-28,
c2c9e256-19c3-4251-a73d-2d3482f80386,AR026,2025-11-06,
8e22f300-3b7a-4b73-ae52-bcb870c273b5,AR008,2026-01-29,
ba8b8764-1309-4c44-96ed-69d1ecabbbc8,AR020,2025-09-12,
db33f222-4224-4129-90d0-d1486e1199bb,AR024,2025-11-05,
1336e42b-8180-4de7-a02c-f200dd3717ae,AR030,2024-11-30,
6ce1bff0-6fcb-40b8-8582-ee98c57e239f,AR003,2025-10-05,
0ba4dfb5-ae2c-4b86-9a47-b40eeff1ea38,AR004,2025-09-30,
3317eb13-b636-4c08-8110-a5880b79911c,AR004,2024-05-24,
03702b1a-4da7-4c5a-98b3-205517a482fc,AR004,2025-04-07,
0d308233-a575-45a8-b918-befee503d469,AR012,2024-06-06,
fffbeb77-0b05-48ba-9d80-8ae607321790,AR030,2024-12-13,
65b45b43-3784-4f66-8a4e-d7221b9be4e5,AR030,2024-07-14,
01060b13-28b8-4b96-8288-568e38982bf3,AR009,2026-03-07,
e5d05173-3f64-411c-ad88-30f69dfc4588,AR014,2024-05-29,
2563ac74-2d6a-45e5-8df4-b6b4c3b1c813,AR024,2024-05-24,
20fbf862-d820-4791-9f2d-c70770621bd7,AR027,2026-07-19,
a971e1cf-94d7-478b-a96e-7a7c6dc52b8f,AR003,2025-10-18,
2ea2d869-7e64-4da0-97ab-2efbedb94bc0,AR009,2025-08-29,
39dc23f0-4c21-4b8c-b847-472778bfa937,AR023,2025-08-24,
62153a9e-67c8-425b-9ed8-0862cf02d255,AR004,2024-10-15,
00c1caba-857d-445c-9cef-5935d49b7164,AR006,2024-12-24,
243e0314-3a26-42a0-adc8-979781d7e360,AR030,2026-02-19,
4cb807ab-92e0-413d-ae1e-cb3fc1a227ce,AR030,2025-03-12,
c2420a34-3cf9-40e2-8b6d-45cd5d32ccb1,AR026,2024-04-28,
6b1b5d18-124b-43cd-bd98-b43bafb29bc8,AR021,2025-08-06,
c4ea7bb0-a5df-4c36-9cbb-ea7b23af7479,AR004,2024-06-07,
96c260b4-950a-43ec-86fb-f9d50e237654,AR005,2025-02-04,
a0622d64-e667-42d1-abdf-a2453f525e3a,AR010,2024-06-10,
b117b5c8-495c-4516-86a8-a123d4acbe4d,AR011,2024-06-29,
ab05bbd3-80c5-4f0d-82c7-ad6343760c06,AR008,2026-08-09,
01ff0e8b-c9ec-44a3-8725-42387d07d2d1,AR014,2024-09-26,
3b0b59a6-e7c1-41da-a92f-034ea29d41bb,AR006,2026-03-12,
501f1531-5cb6-4b35-98b4-c128dfcf3028,AR019,2024-09-05,
18d49870-5083-4fa6-a7bc-8acc93348a94,AR005,2024-09-20,
2798a0f4-2b83-4f10-9a8b-d71fa49523e2,AR005,2026-01-11,
44829411-12b9-423b-8132-010a8e4ff81f,AR002,2026-06-27,
29587722-0db1-4eb0-96e2-68d9a1a5cfe3,AR003,2025-08-24,
55c0e83a-c6bf-4c7e-a3d8-eae1e834039c,AR024,2025-12-03,
a7466319-4588-4313-8f98-3a2883f6347d,AR006,2025-04-29,
a3a31d0d-537b-49d0-b624-e21c81b04049,AR003,2026-06-13,
e7e7c5a9-2d3a-40ac-836d-4ab3ee39bef1,AR020,2026-07-16,
976c6a7f-9772-416a-9f2d-8c68fe8b4a24,AR010,2025-08-08,
92404703-348a-4f33-a902-f001632dc0a6,AR001,2024-10-23,
3f56b52c-0ec1-4f0e-898d-fdc117f11b55,AR005,2025-11-22,
e982cdef-a3e2-4d9c-98fd-bcef2f52fe68,AR003,2025-11-15,
0765bb01-ecb3-4393-98e7-50303396fe06,AR015,2026-04-03,
517f8ac2-cded-4b6d-b875-f9873b01e80a,AR004,2025-12-21,
56a34421-2bf4-4a93-adff-fe5f31724219,AR001,2025-12-07,
e328603c-e0eb-4518-97cf-156523ef04b0,AR001,2026-01-10,
5f57f282-7a97-47f0-bc1d-214db1ae27b5,AR012,2025-10-28,
da5307c4-19a8-498f-9219-b9c90099d1ae,AR001,2025-12-20,
56247cab-fef2-41bb-8e1a-c7573ad25f77,AR024,2025-01-08,
f3238569-1367-4ab5-85de-8f592c4a77d8,AR002,2025-11-02,
6877e43b-c57f-40b6-ad95-5c3b72decf0f,AR013,2024-11-05,
40b4e86b-53ba-4016-b66a-8cf131fc2f61,AR006,2025-03-15,
2e95abe5-77ce-4b45-b950-adfe989f0477,AR006,2025-02-12,
e526dd5a-fb91-4864-a3d7-da02b159b12b,AR001,2025-04-03,
d5d1d98c-d49c-4474-8401-c3f7155454ce,AR022,2024-06-12,
aeef87d8-9c14-4ff1-a3fb-4ac9b72b4257,AR026,2026-01-13,
845d7519-c90f-413f-8d89-b6122ffebe93,AR001,2024-04-21,
39aad69f-8e0d-49a7-9a03-e2c902c0da31,AR003,2026-02-25,
75b11024-d55d-4960-9afb-5d1441e8b76a,AR026,2026-04-25,
d2eafffe-681d-483e-beb0-f4d9520c9292,AR010,2024-09-04,
65955885-0413-43c6-8354-ce6ae54cf5b2,AR002,2024-07-05,
6a927c2e-4745-4ac9-b3b4-202c019c4cad,AR003,2026-06-04,
a36d5e4e-bf89-4298-9d7d-70f59624a4a4,AR015,2025-03-20,
630f7453-9bd7-402b-8baf-b49d430a74de,AR018,2025-06-03,
01a6bab0-449b-4827-83cb-eb2a8c1f7b99,AR012,2026-02-13,
1c82c575-bf65-4dd8-b04e-7ce66438998d,AR028,2025-05-28,
3c938648-b3cd-47c5-b9d0-4d7f57c52816,AR008,2025-01-04,
b2324a61-615c-4116-8368-7fd8d3ca6b9a,AR004,2025-04-11,
b197d4a7-3f6d-4352-ba6a-f3a9667bba4f,AR007,2025-05-28,
c573d2ca-b99e-4be7-981f-67013727c078,AR005,2024-07-14,
6e508e63-16a2-4c52-8f20-a979619a7fce,AR003,2026-02-08,
2ca2ccd9-1a42-4ed8-acd1-1b459ef41811,AR001,2025-02-27,
525fb10d-fe74-4833-adc7-69687c288062,AR005,2025-11-21,
3b0674a3-1ac3-4d5e-acae-9d3a353f78a8,AR018,2024-04-28,
72e2cc2e-2d9f-4bb2-89f0-a1c8434cda66,AR001,2026-01-17,
3c26c95d-d772-472b-8923-3e0c4c38e31a,AR006,2024-07-26,
578f5c1d-11d9-4425-978d-36b8716542e4,AR014,2025-02-20,
8a487b22-0f52-4499-9c26-f8c4f0e49423,AR013,2026-02-18,
eb5106b3-2b37-4df2-a7c2-bfe65c6000da,AR020,2024-11-01,
76b6613f-924e-4608-9a87-50da81db4374,AR022,2026-01-26,
0ca65ca5-ff67-4118-9b4a-120cb4639011,AR018,2026-01-07,
d0c56668-39eb-461a-9179-f32e884cc718,AR002,2025-10-28,
f3c07381-2cd4-4a41-9ff9-642a9c1e07ff,AR007,2025-01-07,
95c96e3a-8b3e-44a6-854d-1fe02bc4ae5f,AR013,2025-09-17,
41dc4b98-a6e7-4a4f-bd1b-e75a3897db33,AR004,2025-04-15,
378664ff-5b30-44b6-98f3-cd1706fd1c36,AR001,2025-04-29,
04cc7db0-158f-4215-a109-68a84b5bc090,AR003,2026-03-05,
ddb4c0b3-dc60-41ff-bb7d-5f4a842d8f3a,AR006,2026-02-02,
eed324f8-151b-4c68-a86f-4a37e0b350b6,AR006,2025-11-30,
e3834ba4-c192-441e-b7bc-49e07ae1f5e5,AR003,2026-02-11,
59583c9a-8bc3-4477-afa9-ec8d09d33c33,AR023,2024-06-15,
b62a2354-4c3e-4e86-8ff4-d14ab23712fe,AR027,2025-09-26,
8da1b6f2-dd79-46bd-aa39-d55777b57fe3,AR003,2025-09-05,
dede3189-0a61-40da-a9aa-2d3938e4141c,AR027,2025-01-16,
14430ffc-2d01-4bb3-b2b8-c69200c3cf79,AR001,2024-10-07,
c345b048-0d93-48d7-bc11-868d4a7c577c,AR027,2025-01-02,
be29982c-7a9e-4ec8-820f-4dc7d3601f88,AR028,2025-05-01,
61d7a5bb-e741-4d3f-b245-94794afee330,AR001,2024-04-26,
303340c4-d11f-4dbe-90b6-1436af06ee29,AR020,2024-07-02,
d5da67e9-70a0-4ffa-aab0-c6067612fcd3,AR029,2026-02-28,
3f3ea494-00e5-466a-bc12-7f300745de5d,AR026,2026-04-06,
612bf378-927b-4f81-8397-814baae99d5e,AR029,2025-09-16,
8299a8af-cd9c-4805-8852-d127256019ac,AR010,2024-08-27,
d9c700c7-18cf-4d5e-af5e-15e2d55fd404,AR002,2024-05-06,
5e026f46-bef9-44ed-b9ab-644d1345acbf,AR024,2024-12-20,
7dcb2edf-25f5-482c-8636-f5d510a54f38,AR013,2024-12-31,
1d91f96c-5cc4-4606-a530-5134bae6a266,AR013,2026-02-01,
0118a1ed-63e5-4680-b8a2-dbbb8c553441,AR006,2025-03-26,
0bba7ac7-955f-4a1c-b0ec-5962c0a6b683,AR011,2026-03-16,
555472ec-fefd-4f96-9a08-81ef9acb9dff,AR002,2025-05-11,
bb82a507-d1e7-4ece-9893-008b4c460d75,AR019,2026-03-08,
72541334-7d80-4c87-8368-5e76c305ff17,AR001,2026-06-19,
c89e630a-89fe-418f-b10f-5f07d707aadf,AR018,2024-05-04,
5bf3a95b-037b-473b-8bdd-59447bf96f93,AR024,2024-07-07,
731a659a-0496-4f7e-8b4a-be0cc00a954a,AR007,2025-01-04,
0a3a75d1-5c36-4153-bfcb-a1a111da4be4,AR008,2025-02-25,
ac5d2527-4a76-4c26-87c9-02931774d7ad,AR005,2026-01-27,
784872dc-d16e-4085-9b74-6326adac8023,AR029,2025-04-13,
ba3c32be-6f67-4376-ab7b-cca6736d6c31,AR018,2024-11-11,
d8006156-9610-4296-91f7-52f6d94b42c5,AR005,2025-05-11,
9e41797e-2c13-4dfe-acde-6905fa3ffc4f,AR003,2025-12-21,
619280c4-86a5-4e95-aed6-f6892a5c43d4,AR003,2025-09-17,
ac2bdd94-881c-49ee-b3f5-3fff4f782b47,AR006,2024-08-22,
8683b97d-7afd-4527-b42e-8421b528ce0b,AR028,2026-01-14,
bfcc942d-88a1-4e90-bb5e-3b19e15b6a37,AR019,2024-05-09,
59fe5e5e-5006-4141-8da4-9ff3f7d3a40c,AR003,2024-11-04,
3877a352-31e7-482e-8e2d-bf691f7739e9,AR024,2024-07-10,
35ec59fb-fad9-4e3e-905b-81d54620e05f,AR005,2025-06-06,
ca305899-5be7-4a1e-a8bb-4b4ea1ff3efd,AR024,2026-02-10,
a89d7d3e-1b92-4efa-ac70-2a8bf4343b77,AR004,2026-07-25,
da1a9b3b-4429-46ba-8258-0ad3c2f54bc2,AR013,2025-05-15,
33b2e838-f8c5-4f31-8954-20b50bb7aaf4,AR027,2025-09-10,
f8d25283-bfe7-40b1-a967-cd33d2a65dc1,AR004,2026-05-17,
25626328-4140-43bc-9542-9eb333448aff,AR017,2024-06-07,
73c8d870-adaa-4f7d-8bc8-b744fec307fb,AR030,2024-05-01,
6d39da2b-89be-4f9a-9324-1f501a37d8ba,AR002,2025-10-02,
52297028-453a-42bf-866a-f4907b184a3b,AR002,2025-01-19,
7c919038-0150-4527-a5d1-ea14d3b402ee,AR016,2025-08-29,
5512d9eb-72a2-46e7-b4f2-79f9b6dbf48c,AR005,2025-06-17,
feb31495-6f6d-40e6-b6ae-240984c6169c,AR001,2025-02-27,
17010589-aee3-4757-afce-e62e852a0274,AR007,2025-08-26,
d8c235ef-de22-4d7b-aabf-fa27f7562ebb,AR019,2024-09-25,
e6a73d0e-f5fb-4ce9-90e8-ec521a347500,AR004,2026-03-12,
5da6344c-b83b-4b0e-b394-455dea067bee,AR005,2025-01-19,
a0711d5a-360d-43ec-9ac0-0c1a4b917d24,AR024,2024-04-20,
453798db-4d1f-4f1a-8ab5-68b91838c88e,AR009,2024-08-14,
a1a5ec10-8109-44a0-a9d9-d6c3aa8bc679,AR023,2026-07-15,
c902fa3e-e31b-4877-af15-1846eb35e25f,AR006,2026-05-16,
dd63597e-b346-4e2e-af49-64fe9bd00ca1,AR028,2025-02-23,
4b668966-a3cf-436d-a64e-8e6ca71a7ab2,AR015,2024-06-10,
e4582b9d-c4f9-4beb-a32b-547ffbbc1039,AR002,2024-08-19,
893f1a36-61ad-4380-ab0f-6f5b82af4fc4,AR025,2024-06-28,
55558ddf-88de-42aa-b04c-aa5718e92d39,AR008,2026-04-15,
3a555397-d5c4-4c27-97cb-193dca55df81,AR002,2025-05-29,
fad8c25a-af9a-4a79-b9e0-ff53984891ed,AR002,2024-11-30,
497c7812-4d0a-4b9a-9c62-e886a3dd56a5,AR016,2025-02-26,
d9a03133-f283-413f-ab53-a274babce0cd,AR001,2024-10-16,
befc7ad7-97b6-4760-8c24-fe92d9cc21f9,AR004,2026-02-19,
5c7f8a7f-8540-431d-862d-076bd427515e,AR002,2025-07-22,
0c191654-3a5b-4038-a8a6-06718cf3fef3,AR006,2025-07-30,
68b0e55e-53a4-4403-b7c8-8754fba12e71,AR006,2024-05-28,
1bc7918b-476d-48f5-9df7-6a5fbf388f80,AR009,2026-02-28,
cace1837-f6ae-4cac-be14-a4d332aa3fc7,AR004,2025-11-13,
bf4008d2-7cff-4842-996d-e59d0450addb,AR001,2026-08-04,
4f01903e-b1fc-44cf-9caa-8b62b5e0feff,AR013,2026-04-13,
601ef300-2749-40ee-b36c-b5894acffee5,AR005,2024-04-22,
b7a5d2f7-9ad8-4bc7-a748-5aed045f4ebb,AR015,2024-08-16,
126d215b-5757-4847-9ecb-ee1508ca8406,AR002,2026-01-10,
4ac7469f-5686-4479-a9f7-839070c45ee1,AR001,2024-12-21,
2bdadc49-a737-4147-9e65-bb1ca0027281,AR004,2025-03-25,
80c64ae6-42bb-425b-955c-a93dd248a59c,AR006,2024-06-26,
5a20e695-60db-4524-aa9d-4c157d9070e3,AR006,2025-12-05,
3dfc0fd3-7f4f-4807-abdb-d30e454f1d17,AR022,2024-04-10,
2bd38079-377d-4170-af00-29421486965f,AR005,2025-10-05,
f0c06ed1-68ea-4922-aa1c-a9806c0c0b55,AR009,2024-12-08,
94117c8c-8b27-47b2-a048-62f6d5169cda,AR012,2025-09-11,
e751ec27-71af-4fa3-a3e4-31afd92f3e4b,AR001,2025-01-16,
724d2e64-a654-4681-98b1-0ef02b3d5c5b,AR009,2025-11-05,
83f0b7eb-2424-4e71-8c4d-8d4dc3d4b73f,AR005,2024-08-20,
29c10785-a5df-42b8-8e70-b6655f607b5f,AR006,2025-02-15,
d85b266d-773f-4bba-baa2-1496449008c7,AR002,2025-12-15,
502adf95-87a1-40c6-aad2-1175681b118a,AR021,2024-05-09,
a977bd16-89b4-4631-ad23-7a61ba1d73c5,AR028,2024-12-15,
6f3d1b4e-2c79-46af-9e33-87914bc00bf7,AR001,2025-08-16,
0a5ff400-4731-4e65-8111-38e80c5b50fa,AR013,2026-04-27,
f75a68b1-3eb8-460c-af4d-7ecb0e32731d,AR020,2024-04-29,
8258059c-4a7e-4d00-92f8-d56298446146,AR004,2024-11-05,
2f915c9a-6415-48a6-bccf-a525eecba37f,AR021,2025-01-20,
d98ff0b3-35a9-4953-be2f-55424ef5756d,AR014,2024-08-29,
ab80dc55-9df4-4be3-875d-985c798116da,AR027,2025-03-13,
7e1cd532-9d21-4a82-9cb2-74d001bcae75,AR030,2026-02-03,
c8479e0a-6af5-43d9-8afa-2fb15438b4c5,AR001,2026-01-29,
195432ff-dca5-47ae-8ab3-f5495caf95df,AR006,2026-06-16,
83c24062-1b4c-49e7-b99d-fa4aaeaf5dc9,AR010,2026-06-30,
328802d3-4be3-4323-9fba-d2b1beaea32c,AR002,2024-11-28,
3ae25b29-2d64-49c5-8dc7-a5cc086ee9b0,AR005,2024-08-12,
677fc5d0-cc00-452d-8df3-bd41d40e2042,AR030,2026-04-03,
f114f0a8-5ae6-4999-9204-d6831c4ce5d0,AR001,2025-04-11,
eb31bc5d-6562-4f2a-8931-d641c3f2aa99,AR006,2026-05-08,
5db25609-e835-4a3a-892e-ab48e2bcc077,AR023,2025-08-28,
bcc87980-f137-4962-8912-ed2202a1ed0a,AR005,2024-10-05,
c138e7c6-ee89-4389-ae3a-d9fd6169384c,AR007,2024-09-16,
2b4dc2c9-6345-491e-b75c-6a44fe0c70ad,AR030,2024-05-20,
3c02ee81-bd7b-40a6-bb87-4be9de9778df,AR007,2025-11-26,
c334c178-5df6-448b-bf9c-9fa80ef7661a,AR002,2024-05-20,
2cb34c90-3631-4c29-990a-d0088471ac4c,AR001,2024-10-11,
4e7a5382-4418-419d-b463-b57b7b494692,AR028,2025-11-02,
6b065065-afa6-4819-8bf0-1996ca449ff5,AR004,2025-11-11,
05267820-0157-4c0b-bcdd-3250e342d7ed,AR008,2026-05-22,
57017327-c4bd-4eb9-8ac0-fbbb52f71759,AR002,2024-06-13,
523252ae-295d-4128-935a-27f463133d69,AR006,2026-02-28,
491f138e-4be9-430c-ac6e-d12742db2705,AR027,2026-01-02,
776212dc-621f-4beb-ae4f-4518dd54e47b,AR008,2025-08-29,
e81f3351-11eb-4d1a-9cf8-016855bf3823,AR029,2026-04-26,
d221028f-364e-4254-8550-bd94195d15ca,AR004,2024-09-21,
0642ba6c-efb5-47c7-bb1a-e729e3e55b37,AR008,2024-12-24,
d1593d65-c6ec-40d8-9e8e-4115bfc176be,AR024,2026-04-09,
7ce86511-e1c5-4533-bf95-e330ee1768a3,AR006,2026-04-04,
692a862a-f556-452b-ae61-6614b480f93a,AR004,2026-08-04,
e165a7b8-f88f-49fe-9f90-a4cab723dc51,AR024,2024-05-20,
df237ba0-599a-48f0-87e4-7e3f6068f6ce,AR006,2025-08-09,
ea59eb4c-00df-4a05-b3a2-9685fa9adabe,AR009,2025-01-30,
91a647a2-be00-472e-9e19-e845c03061a3,AR029,2026-04-15,
d6da00a4-8dc9-4703-bd2f-bb0033fc16d7,AR003,2026-02-04,
89055de1-7caf-46cf-a812-af4ecadf6741,AR004,2025-05-09,
08f51768-00a3-4662-9122-ede7c1ce6811,AR001,2026-02-23,
23bbf413-1dfb-4949-9693-dbb0ae21085c,AR006,2025-03-08,
2ca4cedd-0bbc-49fd-8ab5-ba2a3c945ba1,AR003,2024-06-11,
6b780089-463b-45c5-bfa6-c8df081a7b23,AR016,2025-12-01,
d1758b60-ae80-499b-b0d7-2a0dd12e11b0,AR003,2025-03-13,
9d4d79a4-a233-4bb9-88dc-48c7a5d155fc,AR016,2024-06-18,
50881005-215c-4091-a088-d84e5870380a,AR004,2024-07-07,
6f0a74ae-e0ce-47cc-ba88-6143bb96409e,AR005,2026-08-17,
fbaa9f17-1e94-49eb-bc44-ca6374a4765d,AR005,2026-05-20,
f95ab214-0323-45bd-b275-5c21e66a25fb,AR018,2024-04-18,
4ad2c318-f60f-4238-a119-4985a11e0c83,AR006,2024-06-09,
edba4b7c-ddbd-484a-bd19-a3877e7f56b6,AR005,2025-11-16,
3c03b95d-2c3b-4d4b-9809-11fbfef61226,AR024,2025-05-28,
efc55fbe-acdf-448a-b9b8-a7d6b1440845,AR011,2025-04-12,
16e67a40-6747-40cb-a85f-4d1d505bcb52,AR003,2025-01-19,
fa10772b-607a-4f23-8526-ef3910b33ece,AR026,2024-11-09,
6de8ddc5-7b49-4168-9d07-4898d010c498,AR005,2025-10-03,
96f865b8-f8de-4b90-8e55-364336ca8678,AR001,2024-07-10,
54fdf8ea-d787-4bee-9eb2-45b4d0742f02,AR008,2026-07-03,
e98d6ac0-979b-4458-9b2e-d20cb0702547,AR002,2026-07-26,
a17cdf55-c4aa-45f6-8fd2-5368ca0c722d,AR004,2024-05-12,
6b0aeda4-06b8-44b6-8035-14516d6e1d55,AR019,2026-03-22,
d2eec6cd-bdab-4083-9646-194d9a68ef99,AR002,2024-04-10,
0ea7da6b-d4c6-44b6-b63d-1597e69ed239,AR022,2025-12-18,
6c1f3718-44dc-4371-b8e6-aef9981cb2e7,AR028,2025-10-10,
0ee96efe-45b1-49b9-ac7e-c4406f362338,AR013,2026-07-30,
6451fef1-2e5f-4cc6-8b27-93800b32ca1f,AR017,2024-05-24,
dccb1802-0903-4d7a-80ea-3252e5aacab6,AR018,2025-10-15,
f9d6e4f0-c052-46b7-b2b6-af5d52d8ad1c,AR030,2026-03-31,
2dadd96c-28af-4c7d-9be3-91c66bc3da70,AR005,2025-06-29,
d604b280-2477-4f9d-b3f2-5065106d2428,AR003,2026-04-11,
aa173e0c-bb7e-4479-a5ce-ec95b2381a25,AR009,2024-10-05,
65493539-1614-428c-a0a4-8321e37f68ff,AR009,2026-06-21,
11630aaf-25b1-4b4d-88d8-afeed96d320d,AR003,2025-06-15,
d3d58da6-4de3-400e-b619-eedf6e4e637a,AR013,2025-09-17,
91888208-e005-4d15-9f54-815cbf876fee,AR001,2026-07-22,
690f389c-388b-4ea5-aa6c-8ca65f9bf471,AR027,2026-07-09,
b33f16a6-dc4f-4441-9aef-e766fb4abc05,AR004,2025-05-29,
73eccdcf-a580-45e2-9352-61c4a7795ada,AR001,2025-09-14,
ea01f112-7d93-481c-ba09-23a2d2851e5a,AR002,2026-05-03,
0ce94534-74b1-44c7-b8b9-34e230a84bb7,AR004,2026-04-25,
8b990396-81ad-409c-bb90-2becc7935ed5,AR004,2024-09-22,
3c584dc5-ad03-48b4-9dc9-896f7df81b92,AR001,2024-11-26,
77fc6d79-d6da-4c94-9f97-9fa307292ef5,AR004,2025-03-13,
39516b1d-a4eb-49dc-bb25-ca1977af741a,AR003,2024-08-28,
b0d4bdbf-5963-4a59-a9d8-e4293b0334b5,AR005,2026-06-24,
eacb760e-87da-40fa-9480-7b37d3a6d840,AR005,2025-01-02,
5288350a-0170-47c7-89dc-6c42f86f7cd1,AR005,2024-11-07,
8e5c80b3-fae1-44f9-9c05-0f890ec0eef8,AR005,2026-03-02,
0b9eb73f-a8fe-4861-913a-191b8b68a392,AR002,2025-05-14,
04f84c9a-abbf-429f-8f36-20049f146fb8,AR001,2024-10-25,
699f361b-6064-4964-acd8-7787e9036eb7,AR003,2025-03-16,
32157048-b483-4eff-9b57-1c886265cad0,AR020,2026-01-18,
3ed03807-6775-408c-b061-7d9253af425e,AR030,2025-01-22,
bf0528ef-0987-4baf-a174-c299509c5fd8,AR027,2024-11-01,
f274845e-1b8d-4f22-b4fd-fbd7470fbc7f,AR008,2026-08-15,
8ffa25fd-22a2-4a11-9299-b56cd961a4d8,AR009,2025-04-17,
444f4308-ff90-4ffe-9622-22d785170d6d,AR005,2025-06-10,
0766b961-3a90-4bcf-b89e-13237758e446,AR020,2025-10-08,
06ebe125-1233-4cea-9861-23d0128824d7,AR020,2026-07-16,
05dfb596-b88f-41ca-9659-2c49c62c1697,AR023,2026-06-12,
43d3cefd-8ea8-4615-91cb-2e3e67beac47,AR026,2024-11-09,
1abbe05e-6375-48c5-91a6-96bb639618aa,AR006,2024-09-03,
16fa0fd2-e144-4bed-944e-963d2c5e4543,AR020,2025-08-24,
674fc5da-4145-4609-8c02-650072d6c6a2,AR022,2024-05-28,
c7d3ef76-2857-4790-9046-c34144318cf5,AR004,2024-06-07,
cc144da8-0d94-4408-a1c6-c4d154b431b5,AR027,2025-01-21,
0642957a-cd72-43ae-af71-af0e8267f1be,AR002,2025-04-05,
4c99a37a-822c-42a1-864e-0286dd63bbab,AR030,2024-05-06,
0dc00888-4207-4034-ae3b-bb7ffe403249,AR020,2025-03-11,
01970527-5d97-4f4e-8fdd-90a71b0c622a,AR002,2024-06-02,
7693fc6f-f93c-4adf-afc7-ed1815c28258,AR015,2024-04-24,
bab1d350-9b5c-4b4a-9106-72ff86349d4e,AR001,2026-03-07,
beb5ebf0-d503-419b-a66d-90bdbbb2b6c2,AR020,2025-01-26,
ae5504f0-5220-4111-bd05-e3d7d0adcdfd,AR021,2024-11-25,
6f4bb57c-1834-41bc-a227-c094b69e698f,AR013,2024-09-09,
3e0813a6-37ac-4d2b-9a7b-69b7f62d0595,AR024,2025-10-24,
3fb16853-4824-43a0-ab56-0cf865b4cf30,AR002,2024-08-04,
b244a9be-2f78-4a4e-b1aa-e9ffb9f22b0e,AR004,2025-06-25,
0f4dfbc1-9df0-40fa-8a18-ff943fbacc05,AR006,2025-09-21,
d8302d05-8057-4817-b2ec-5e22ccd7f854,AR001,2026-04-09,
b09e0ce5-1879-4d4c-bd93-87b7b55ca38f,AR006,2025-11-17,
9ac01d3f-e4f0-4510-9279-98a5e3eb7894,AR004,2024-04-27,
338e48d1-fbd9-40cd-8c5b-89eb7f78b441,AR006,2024-12-08,
880b4529-78f7-4ecc-b87b-7961c841fd68,AR006,2024-11-30,
8ef3b7cd-4be8-480b-a095-8a4419d2af98,AR025,2024-07-05,
48781ac1-bf94-4d37-bd90-9ac79b317b50,AR004,2026-01-03,
07bdd604-84bf-4f4c-8353-a5d5b2582a85,AR026,2025-01-25,
89a1d1fd-1ad8-4034-a6db-af3015986a3a,AR006,2025-10-04,
0915d671-9ec3-4db5-b79f-ec08dbb4c244,AR005,2024-08-16,
4c4504bb-1bf3-4401-afc7-cdd093a48d1e,AR008,2025-08-21,
670a4dce-5f8f-4db2-bf97-9e457b454f24,AR006,2024-08-10,
4f845aa5-5e55-4f4b-a6cf-b9cc2d0d3b6d,AR004,2024-11-11,
8528c51f-0335-4747-9884-290f0c43df68,AR008,2024-10-21,
7ee1cdf7-acea-40c1-ae4e-43aa39dee488,AR002,2024-06-09,
c7ee6de4-f759-4e2b-9832-436edf0f1d9b,AR005,2024-10-05,
53b76d92-95eb-44b7-9b98-5b5119ae7e16,AR011,2025-11-17,
77b58059-8be6-4d42-9415-997df2f4af2b,AR006,2025-05-27,
4d03b6c9-7cfd-4f23-bc2d-595d7dd6ae2f,AR023,2025-07-08,
f95f40ab-ab2e-48d6-a90e-691d4ab99c65,AR004,2026-06-28,
4ed280eb-87ee-4d72-a6b1-a1ba314154f3,AR029,2025-03-25,
924c3fa5-c0a5-4e23-b970-e7c4228a587b,AR021,2025-08-08,
16df532c-f746-4070-9249-22d0da903b0e,AR029,2025-09-15,
f94d83d5-37b4-44f0-a52e-7e4f9d94ae0c,AR023,2026-05-20,
848eb2de-8f1f-452f-9b38-3f8133a01621,AR002,2025-06-11,
a77b280f-a5b3-424d-99a9-6488e4fc0453,AR009,2025-04-07,
15022675-6c5b-46da-856f-c324cc7f37d3,AR003,2026-05-24,
c4c64911-b1c3-44ab-b093-3cefee21d366,AR022,2025-02-17,
8d319d6b-e3a6-497a-a78a-cc8d964d1495,AR012,2026-03-31,
0dc8292c-5fee-4baa-b525-7392ad2415df,AR004,2026-04-19,
6f0930cd-6549-4571-93cc-274bfeb695ba,AR027,2025-09-09,
389a35a1-fa9d-4556-95ff-03cfa339632d,AR002,2025-09-19,
5bb892ba-3dc8-406e-a35c-60e8beb2251c,AR011,2024-06-19,
14bbb035-cb21-466e-958e-b6b70f08368d,AR018,2026-06-26,
1ceb86a4-0b8d-4c80-aac6-c7f7913e4281,AR001,2025-10-24,
ff4b9e6d-4eba-4443-812e-8a024d8a48b7,AR012,2024-11-22,
5f27cd0d-793f-4dbf-a0d8-8ac0cca04f2c,AR022,2026-01-18,
926d6071-3c29-4968-a9e0-26b8d6cea4a6,AR001,2024-04-22,
06098582-1700-47c8-a8a2-6bfe7d908136,AR009,2024-11-15,
753ef1d9-6f7b-4f02-8b03-5498e661d63e,AR004,2024-05-22,
c10fd5e0-4a36-466a-82e1-0d4d7aadfe1a,AR015,2024-05-20,
cd8fd384-a3b8-4ac0-8af1-e0982d48db3f,AR002,2026-05-21,
a357bd9b-8363-4691-a675-194e152e7abc,AR028,2025-07-20,
fbf9c302-4100-4361-b0d6-6c6a1151f020,AR026,2024-11-14,
81851f05-6a39-451a-95b2-df24c53965fd,AR003,2026-08-16,
481e53c8-9605-4153-9c88-ae6fb2f79d8d,AR005,2025-07-26,
53e492e4-63d8-4d2a-a329-e4ec5f5f031c,AR012,2025-01-02,
43eacdfb-30c3-4e43-8a9a-38d2fab6a4a6,AR018,2024-10-03,
f38f82d8-bc68-4acd-9ccd-7f38555b4b84,AR006,2025-08-27,
82445f91-befa-4f49-be4f-fd7ac1154b45,AR003,2024-08-03,
262d3ca0-4fc9-4fc8-be3c-a1eec93f3cc1,AR002,2025-01-14,
269ded05-a621-4a59-812f-f7c0ace66aa5,AR030,2026-07-15,
b41496e7-9963-489c-9e98-6efb4b6b4ad2,AR006,2025-12-25,
021afa5d-8595-485a-814b-6980877c89c1,AR025,2024-05-30,
179b90bf-d0d2-402b-b72b-340c7c7481d5,AR007,2026-08-21,
bc739960-c14f-4040-9f0f-2c564b537f5d,AR027,2026-05-22,
e8016095-e35e-4139-90ca-9ca0ea773a45,AR002,2025-10-28,
ef723e3b-d352-4bfb-b6bd-e49ad887fd03,AR002,2024-04-11,
1af75878-3703-4ba8-89c7-bfb1477af7df,AR027,2024-12-18,
4ed5b3f8-cab6-4b2f-ab8a-b6b8a624bb63,AR028,2026-04-17,
ba1bde18-ce0c-4207-bbdb-f2d2fdcc0600,AR005,2025-09-15,
805eabea-94e5-4ca6-8281-8518a2c5003e,AR005,2024-05-28,
df7d9357-f1b2-4544-bdb1-a903f6ca9b9b,AR006,2026-02-14,
d011eca9-d467-45ae-882f-c3c87e16b11d,AR006,2025-04-10,
d7267a7b-9c3b-41f8-9c49-bc8494116df8,AR003,2025-07-16,
a5b296cb-01f4-45f5-9073-0a48514813ef,AR026,2024-10-31,
f55c4d38-6304-4594-a948-86c94aa2a7f9,AR004,2024-11-07,
08e68b59-1bf8-4695-82f2-58495a8b6491,AR017,2024-08-29,
ceda7a0b-8a18-47c4-9421-e5103f76c81e,AR001,2026-05-12,
8cf31a1f-180c-478e-857a-848a94de4e0e,AR001,2025-07-25,
07d58db5-ce9c-4625-be24-03bd038ccd41,AR015,2024-12-30,
fb98bbcf-6aeb-409b-a857-2be848f7174e,AR005,2025-08-24,
5ce2bfd4-45df-4814-9c0f-1a285bee56f9,AR015,2025-01-20,
7ecb244b-7e48-49be-a4fb-dc192737fa74,AR002,2025-02-16,
13db89e9-c518-43e5-881b-a089802359f8,AR028,2025-10-05,
a32e4d00-5f5f-457f-81c9-0c77f0be264b,AR019,2026-05-28,
512d4aae-6b3e-45a9-9d65-325fa4b70c85,AR025,2024-05-01,
cdfadfb5-0748-40bd-8dbe-be7b0f2422bc,AR002,2024-09-04,
8b0e2d6f-d8b8-45c1-8f37-e1661361dad9,AR005,2024-07-06,
65074d8d-bde4-42ec-aa7b-01493cf7279c,AR005,2025-12-06,
e2755f74-d58a-4c76-ba48-fbda88aea6c9,AR010,2025-11-21,
d1c09cef-835f-4d16-a825-fb7677baf6c6,AR004,2025-11-15,
7a5229b4-1a69-49d4-a20b-5ba078fc3d81,AR001,2026-07-27,
a3ac1004-f3a9-4cf4-9fed-9328a3347253,AR005,2026-03-29,
e98b3263-675b-4da5-bf04-60825bf9cf2c,AR004,2025-11-28,
74339f62-980f-4f57-b4bd-81dedb26b0d2,AR005,2024-04-16,
e3619d4b-236a-49ad-807c-dcd3c988d087,AR003,2026-02-26,
a3a54f2f-697b-486e-9946-3899821d1ca1,AR004,2025-06-08,
fcb03495-5ebe-4f82-985b-5057e6a8a148,AR014,2025-05-04,
f7058b70-31ed-4108-9556-4962982494bd,AR005,2025-10-14,
5b987278-b614-42b6-ace5-7a15eb69626b,AR005,2024-06-15,
43f094a7-ce35-41ef-b363-e9654b4191ea,AR010,2026-06-03,
20dbf325-8985-4c1c-aa66-f3de7c7c0ccd,AR020,2024-07-27,
6d3232e1-644f-474a-b9cf-e9d3cb5519e0,AR005,2024-11-14,
5766351e-6640-4078-b3de-d4670c15b50d,AR012,2025-11-30,
2884d25b-2b7c-44d1-8e5b-49a1767c78b6,AR029,2024-10-25,
7bcfa3b4-98e8-46a8-89db-7f6c43f99d5d,AR009,2025-08-16,
d033d8d4-bce4-4c03-bf0f-7f1caff1d964,AR026,2024-05-01,
c2093a6b-d68d-4a48-9595-44d3c3deebdc,AR021,2026-07-23,
0556e42a-b8e1-42d2-8cb9-693247a0094d,AR001,2026-07-29,
46583ddc-ebd1-4f17-8e4c-ee571f989fab,AR006,2025-05-07,
9833e176-1c0d-44c4-b010-42986d33e969,AR017,2024-06-04,
af42ed10-f767-4847-928f-8a360dc0be0e,AR030,2026-06-29,
d4760e8a-2287-4e57-a59f-5e5942aeee7b,AR006,2024-10-16,
4a3bd1fd-a365-4191-8229-f118e5f1a1bb,AR002,2024-05-29,
ea9e27a2-6b7c-4d83-9220-f7f4dfccecd3,AR011,2025-06-26,
2019142e-ae7a-4948-9aab-dc1d127cf154,AR002,2024-07-30,
737ac647-5f2f-42e3-9255-99805569876c,AR019,2024-11-03,
f209b914-c72c-483b-9cef-e0b0595c4f96,AR008,2026-02-18,
5804d2a4-d21d-4470-b62a-9877cdc22c6c,AR018,2024-08-10,
742a38b3-3a63-4851-95c6-a280b1132b85,AR025,2024-12-23,
0f422311-da33-4ebf-9bfa-1c43d7f8dfc3,AR014,2026-08-13,
93b2f1c9-520f-4e04-aadf-eeceab5fee22,AR013,2025-04-16,
6c758f23-1e81-44d8-b5de-92efcc47f8ff,AR019,2025-01-31,
5219d4c1-6d0d-4205-8e6b-8d319b7d98d0,AR023,2024-09-25,
3ac09bdd-497b-4ce9-b169-3d3049b77a6d,AR025,2024-10-21,
6c770512-a78d-4529-bc20-fa47ea4d5e49,AR001,2025-07-06,
c886acc0-003b-470c-94a4-c097fea10f69,AR011,2025-12-06,
9eeeb847-9f31-4c02-b4e7-1b21767f7bbb,AR003,2026-03-10,
d80254f6-a8d6-4409-9de1-6372fe5b2728,AR024,2026-06-07,
bc53f19c-3c63-4dba-83ac-8e3518751a34,AR015,2025-02-13,
f6f83a08-1ff7-47ec-a8e5-24a95876ec01,AR006,2024-05-10,
2b9e66c7-a088-4392-8e2e-8444428050e1,AR003,2026-06-15,
8d664945-6d6b-4e51-bd70-b446a7686212,AR005,2024-12-20,
9b645614-f5e8-40da-9c64-5a841c36436c,AR017,2025-04-02,
fafea2f5-5376-4d05-a33c-1b6f7625624b,AR003,2026-03-27,
38861d98-cd85-42b8-b329-17d45d160981,AR002,2026-02-19,
1fbd5e01-a5ff-42ea-93bb-0781843bc33d,AR025,2025-12-19,
e858a57f-f89a-4b78-8160-2c5ceff523bb,AR020,2025-01-05,
4da628a2-e8fd-44b2-9df9-28bf7fb2ad60,AR003,2025-12-07,
f234b5ad-a9cf-4c48-852a-3a8546360098,AR004,2024-09-02,
6a55db8d-3ab7-4b02-8b10-11b69d69ed5a,AR029,2025-10-06,
1c62a4db-eebf-45f0-81fe-6673b9bf715b,AR017,2026-05-20,
6616ce61-014b-4c23-9d86-963921f76523,AR013,2026-06-01,
1ea9a4c3-678d-4db9-861e-023e22178cac,AR004,2025-09-09,
de75853c-059e-4856-9908-d8069ff66956,AR004,2025-09-03,
2f90020a-59d1-4711-89d2-979942950685,AR001,2024-11-23,
1eb74ff2-821b-4ce4-af4b-981e467f87bb,AR018,2025-07-03,
a03b206c-7a49-44e0-9d84-1a45d177bdfc,AR001,2026-04-03,
f8191ce5-6510-4800-a06e-312f24293360,AR001,2026-02-19,
ebb56eab-d45a-4d80-b662-1946856a4492,AR018,2025-04-18,
543ed195-9f01-460d-a8f7-739b77fdbca9,AR028,2025-11-06,
78e9ff75-67fa-4e5c-95fe-0937874cfdba,AR020,2025-01-16,
7bc077ff-57a9-4778-b622-fe2c9dc43c13,AR007,2024-06-11,
e9b39e91-97dd-4531-806c-086ed5440ebb,AR007,2025-10-19,
dfcf6c10-d4a6-4544-b6e8-f8adf1280f4c,AR006,2025-04-30,
de9b8db7-688b-4428-828a-7ac7a8ce2072,AR005,2024-08-30,
21dabed8-2822-469c-9161-f9b7497ec9eb,AR009,2026-02-21,
6f6cceb1-7a7b-4791-801c-8007d5bfae17,AR006,2025-06-05,
d34c998b-be3f-4984-aa7e-af3015c480d9,AR012,2025-12-01,
2cc0365d-8f4e-46b0-90a5-2f0d954500b0,AR026,2025-02-24,
48d5c551-1245-4c3c-80a8-48e501093f52,AR030,2024-11-15,
c80b4437-c898-44a5-a107-d7e085405856,AR002,2026-04-23,
be24d8c8-e98e-48a9-8c6a-7519b9ce4270,AR005,2026-03-13,
9539597a-c78a-45ee-94a5-f568c0c6c0f7,AR003,2026-08-03,
6ced34a4-7b8d-40f9-830c-45b5d60c8fdb,AR005,2026-08-13,
d3da0b14-45d3-4c38-91ca-9ac15a1af874,AR004,2026-07-10,
d9b2e734-3b28-457e-a0e0-4d3c86368ca5,AR003,2024-12-17,
33da4c50-4d1d-4480-a4fa-6175f027d035,AR020,2024-06-28,
11e3246e-99ac-47bb-b6d0-fa01e28e85e4,AR008,2025-09-01,
8f7a15ef-83a1-4205-a7d1-e48dcbf65d95,AR027,2024-07-17,
48d34ad3-4bd1-485d-bf02-06de9ceaa20f,AR001,2024-11-27,
417c3e7d-3c54-450c-b63a-020ea0cbbd0f,AR001,2024-09-20,
2fd17ea3-d80d-4bd8-8ea6-de67bfad53df,AR006,2024-11-18,
e5493a1d-ab68-4234-a593-d3731eefd139,AR002,2026-03-03,
f2b27a08-a1c3-48f3-9854-e42d32a47a09,AR004,2025-05-25,
5e6fc0a2-f102-45ae-b8f7-3e775f6c6e6c,AR030,2025-05-23,
593df4b7-644c-42e2-a241-9f718db0a3a8,AR003,2025-02-11,
bd4ee429-5809-4eef-a2e7-8f015147897c,AR003,2024-09-30,
dc46a355-7b2c-461e-8f49-18cc07d2cbe6,AR011,2026-05-17,
54ea44a8-685b-4319-88a8-57402939bff1,AR008,2025-01-14,
733c0900-0239-484f-8ae1-4988fbffa269,AR012,2024-08-29,
d634ba61-e5e6-42d9-af2a-3a3eaff6926d,AR005,2026-05-15,
5ae265e0-a7eb-44ae-8a9d-54b702d10b31,AR023,2025-08-27,
67e18acf-ac5e-482c-bcd3-fa9a39d3ebf8,AR002,2024-07-05,
fcc70fb1-a112-420a-998b-a4c56c3ffad5,AR006,2026-08-02,
fdd95a66-2ac9-45ef-a7e8-164399341be5,AR017,2026-04-06,
5c113aa1-8ee1-4e30-9747-c6d85485891a,AR025,2024-09-23,
7f24d431-ccee-46fd-b4d6-ccc1054645f6,AR005,2026-03-27,
4b95ce47-9d48-462b-bc36-74c3698bd841,AR011,2024-12-21,
4bba2437-38f0-46ec-8ad2-cc1405bdbb40,AR001,2024-07-01,
5dd00552-d31f-4f95-a528-3097805c9bec,AR003,2025-06-16,
92ab1b66-3ba5-42a5-b186-c07e0c9526a7,AR001,2025-06-28,
ed8d7f10-8c73-430a-a2b5-6372da3abc6e,AR018,2025-08-15,
8941909a-e044-4fd7-b235-a25d8f054c62,AR004,2025-10-03,
5dcbe3c5-b8b4-4522-8b64-43f606434ef2,AR018,2025-09-27,
c4968622-a8b3-4a0e-bddb-4541a0344141,AR001,2025-04-29,
388a33fe-197f-4dc0-a3f8-c6e273076404,AR024,2024-07-05,
ab7d2c93-7568-4d3f-8205-c318fec5febb,AR023,2024-04-22,
94c76570-7c2e-4425-8da6-fb3400cf8e11,AR002,2024-07-31,
df63fda2-2187-4c12-9694-6929aa42a923,AR001,2026-05-11,
995f56bc-5793-4bf6-95ac-06ed94488dc4,AR001,2025-11-30,
82fa0a09-5881-4bb4-9d95-d32b85dbdac0,AR024,2024-11-03,
2d48f536-086d-4181-ab3d-9f9b58099ad8,AR004,2025-05-06,
4e942659-c86c-41c2-be00-8a83c9bebf13,AR010,2025-11-06,
33053c7f-e8c7-4df6-a3e2-738c4c1bc51b,AR006,2025-11-26,
c7d45c4c-3931-4fab-a696-faf7035a2b57,AR021,2026-05-14,
1aa49a5c-6d67-49bf-a8c8-783ab18c5dc6,AR008,2025-11-07,
cf392770-8e13-418c-b2f3-9bc2341534e8,AR008,2025-08-21,
c95c44e7-cdf1-4882-b2f6-91f448802970,AR030,2025-08-27,
103538fc-3fba-4dc1-80d8-df3f33c59456,AR002,2025-05-03,
2e87a785-5907-491b-9022-18e1afc5b768,AR023,2025-12-29,
bab22954-012b-4c1c-9477-534f97b04969,AR001,2026-02-25,
1ec9246f-6179-4b80-bddf-e785d40e38bc,AR007,2024-07-12,
17cd8717-4cc1-408b-a0e1-018943089514,AR025,2025-09-05,
9809a53a-e6e4-4907-96ee-f5566f515d7d,AR015,2026-01-14,
f36eedf1-d7ec-4338-8790-73bb832ff4af,AR016,2025-02-16,
2a2395c3-e8b5-474c-aabc-9b0f1e1f56d2,AR004,2025-05-09,
99e08b5e-5a0e-4856-937e-72c288cfcc2b,AR006,2025-04-09,
fcf5de8d-6d88-4b71-b566-a063368f5482,AR005,2026-02-12,
5a0eaf79-5947-4ded-b5cc-feb49599eea1,AR009,2024-12-02,
3f612e95-0dac-4ea9-b3b0-c6c628e2a270,AR006,2026-03-09,
3ac8739b-029f-4d39-9823-cb6eeca559d7,AR005,2024-08-26,
a13113d8-1ef1-4480-8139-f1c54daeb403,AR004,2025-08-20,
e5f3f930-f444-4af5-b9b9-3b6eedf8a095,AR004,2025-09-02,
b15db15b-a256-4d3c-b6d1-47d1a9caccb9,AR005,2025-09-20,
69950688-e35c-498d-8a95-cfbd471d9b04,AR002,2025-08-21,
410d62d3-28de-4a96-bb74-b8155269b3a7,AR025,2025-01-22,
fdc6dc87-58c7-4abf-aa0b-114a447b416d,AR013,2025-06-17,
10392d28-b407-4338-8f97-460609eca4e2,AR002,2026-05-05,
aeff59fd-d71e-44b2-8332-57c5927c5fc8,AR017,2025-04-18,
1470fe6c-e000-4734-95c6-b5cd911fc266,AR024,2026-01-03,
decaec5e-f92d-4253-a98d-d21b334ca7e3,AR004,2026-05-21,
aa37d230-050d-4562-8298-c892e6bbc58d,AR002,2024-08-23,
080ede75-e880-4c7a-abdf-496f97e17aaa,AR001,2025-11-25,
8389e799-7365-4e69-aa1b-b3efd18b12a4,AR001,2025-03-24,
4dc2a8e3-abca-42a8-8cbc-6b895db4d08c,AR020,2026-03-27,
87ca40fc-182c-4ec8-8906-1e683cc378bf,AR030,2025-11-01,
8b569019-fc27-4b5b-ac97-fdfd3b896327,AR001,2025-09-22,
9a1c63b0-2ac9-404a-ae9c-431d7c9748a9,AR019,2026-04-29,
8264f694-fa9f-455e-a11e-7c58d8db5992,AR001,2024-04-29,
0300b85e-d554-491a-b619-e7d70ad81e43,AR012,2025-11-25,
f2fba670-d20b-4829-9ba5-01c1d416b873,AR020,2025-04-04,
b333a175-6668-46d5-8c7d-91b88ee44aba,AR005,2025-04-18,
de35a83c-8766-4679-96e5-2bd94143fef5,AR001,2025-08-15,
718f6ba1-9bbe-4ba6-99f2-3690090a9241,AR012,2025-04-01,
064e8668-b36a-41f7-b638-d5cf2dfa3864,AR030,2025-04-18,
16381d62-efeb-4bca-b601-29ec8fb74881,AR004,2026-06-15,
0d2d5033-a6ef-4bcd-98e9-3221c799a0dc,AR003,2025-01-18,
1247ff69-4849-4212-8fee-e1f9ab771bc9,AR002,2026-05-16,
3a4051ee-798e-42b4-b92d-5228f8d105c6,AR010,2025-08-10,
4c5bf3b0-0247-41e3-ac9d-64bfdd089a7a,AR012,2025-10-10,
b9200b19-7849-48b6-a808-af66fc63307e,AR021,2025-07-30,
a0d62162-cee1-4bac-a563-2b3f2ebdb2ab,AR019,2026-06-22,
4652f9d0-cec2-4ec0-9bd0-42e03511ddde,AR026,2024-12-21,
c8fc648a-eee6-4097-9560-810769b6099c,AR022,2025-08-24,
08138bfe-8632-4c65-9eb2-31fcdd80f177,AR004,2026-07-02,
f2587d88-28bd-4fc1-a107-2922498721c8,AR011,2026-08-20,
488eb7ce-2837-41d0-ae0c-02c46fdecd13,AR004,2025-05-11,
d43561c6-9639-4e3b-a2ee-d5ed7d3f395c,AR005,2025-01-21,
50d9236f-f617-47ba-bd40-f5887ae25f6e,AR027,2025-05-04,
6b88cfa4-5d02-4622-a17d-e0095ffc94f7,AR016,2024-12-05,
f0bd5b25-154d-4c6b-b090-5977c3a85e1c,AR029,2024-11-03,
7ccf2643-ffab-4c11-b0a0-679ce054da96,AR006,2024-07-26,
0ef23f7f-6100-4a9a-bb86-5ee2f504b52f,AR010,2024-04-21,
91f767d0-f7ba-4df2-9621-4b4d993a3f8b,AR007,2024-07-15,
f9a399ec-c48a-4d74-859d-f4ac5d5c1650,AR002,2024-09-30,
860b6f02-59f4-48ca-9237-6d968d4c19c6,AR004,2025-08-14,
9715f45c-4895-451d-bfa7-6985708d8b35,AR009,2025-06-11,
8bd95aad-579c-461c-8657-9d8130481a57,AR001,2025-03-06,
e7ab64b4-2100-42dd-b4ff-67ef7ec7c1e6,AR027,2026-03-29,
1e9278cd-55be-4ad7-b074-a2f949a1c2db,AR002,2025-01-11,
27228ba9-6e4b-4fda-857c-a9e92bac0bf5,AR003,2025-03-30,
0d0af8d3-1a26-4ea0-8662-818a0b003ac7,AR020,2025-05-28,
0f2360ae-446c-458e-adeb-3ed38adc912c,AR002,2024-08-28,
18500bba-ad2e-4f2a-bb14-14d53d1734a0,AR026,2025-01-03,
295d8905-4ff8-46ce-90a3-27cac5228522,AR018,2024-06-03,
ab5f5ec0-cb3d-4bfb-92cd-ea4307d9a406,AR001,2024-04-26,
f7fe0bfb-9cd3-4a5c-a6db-8d29b72a6d4e,AR017,2024-09-04,
45bd5882-f28b-4409-b6d5-657dd9b862f4,AR014,2025-12-07,
c1a139c8-4679-4feb-acc2-ca6f337ee0d5,AR020,2026-03-12,
1f2afba3-b77e-414e-88d9-95bc166831ac,AR023,2025-12-06,
a28460fc-1218-44a3-9f3e-02d160714809,AR018,2024-12-12,
81cdcaee-b5dd-428e-8c97-5b67652c9fa9,AR012,2024-08-02,
a9feecf7-6231-42d0-914a-41af8a475d75,AR005,2024-07-19,
0e128538-baaf-424b-90a1-cedb81e2cc32,AR017,2025-01-05,
a14f72c5-e170-4939-b2a4-7de89e026926,AR029,2025-01-08,
c908a372-b469-4ece-9ad7-df4e809d0209,AR012,2024-05-17,
56047cce-e539-42ac-ada4-26096e461e97,AR015,2025-01-04,
8ba00b66-cdc5-4660-96c2-1fa9bebf9b5c,AR006,2026-04-23,
81a7ab6d-88da-4c0a-8d70-b3b888306075,AR020,2025-06-14,
e418fc56-ae27-4eff-b505-551c487f6d14,AR030,2025-10-15,
92f6d9c6-973f-4d05-9e3c-b54ffc0c8310,AR003,2025-02-15,
c054733c-4579-4bd4-9b2a-3b87727a7dca,AR003,2025-02-16,
e88a8fe8-a2fe-46aa-8ed1-168ccaf0a8d6,AR010,2025-12-10,
b49e45e5-ba2b-43bf-8773-bf3ad14f7737,AR007,2025-12-06,
96b76d96-d9d8-477a-ba63-561b552bdf66,AR011,2026-06-07,
4bc8d817-5460-4fca-9447-211fbf10baca,AR001,2025-12-11,
314903c3-356a-4a0e-ac01-7496992b05bd,AR006,2024-09-02,
d97345d3-4769-4c71-ab88-aeca02c20071,AR012,2025-01-31,
69ae2a22-f636-43cd-82f3-a97c0038d548,AR012,2024-05-25,
99b7b06c-be58-4dbe-bfe4-cf4e8be34881,AR015,2024-06-09,
9398d27a-b8d0-4505-b883-b09be32d574c,AR018,2024-08-08,
e17b7118-7d9a-483d-89ca-41cb4e2725e2,AR014,2026-03-20,
ee7bbb92-b25f-4c0c-a622-b131ff498510,AR021,2025-11-06,
c7af7cb9-d36f-4eb2-be9e-076bb646319a,AR014,2026-07-04,
e3f42eb3-30a1-4a5d-92a3-5d2bbc726f29,AR010,2026-06-03,
9d3e6e3a-80fd-4bb6-bc81-a0d59907f541,AR013,2026-02-03,
22691a85-62b1-47f5-99e9-584ae2d0ac1b,AR002,2025-12-23,
7b3447ba-a376-49e2-a3b6-1617d7226add,AR004,2026-08-10,
f8af7ac7-101d-4f6e-91de-23181eff9be8,AR009,2024-08-20,
9ac5bec3-c6b2-491b-aa52-cb5574bc680b,AR025,2025-05-22,
27769949-a5dc-4f6b-9755-c897563086cc,AR016,2025-01-30,
19821355-9d5a-46e9-802f-991a089c99d8,AR002,2025-02-01,
514252ea-3c42-4f6f-be08-05592255a572,AR012,2024-05-04,
aa260e5a-699f-424b-9c3f-584fecc87a31,AR003,2026-04-17,
ad1baf40-405f-4121-be91-ac01e5835e04,AR019,2025-10-29,
98352e32-7820-429e-bec5-8f9c34b1e5b5,AR023,2025-11-28,
6d896af2-ae1d-4651-a6c3-2be375d8cd1b,AR012,2025-05-01,
0eb8fc0b-d50c-48de-8ac7-23a46bfbbb8a,AR012,2025-05-23,
0dcd825e-b8bb-48ee-b9c8-e19de7da63a2,AR005,2024-10-05,
6c08c2aa-d278-491b-8b48-cf34c13846ab,AR006,2025-04-23,
4c394dd6-a809-4c7a-a01a-844fcfcb39a6,AR024,2026-02-01,
0c0513cd-2c27-40cc-8ba8-b1d51af2c04f,AR018,2025-04-19,
7470c401-4bd6-40d6-897d-59f58eefa0b2,AR009,2024-05-07,
6afd73da-9dbf-4e5c-8dbf-761aec8aeb7d,AR005,2025-04-07,
acf7b0b6-70b5-4018-867f-ff800df4cc69,AR001,2025-03-26,
21aa3853-e1a8-4361-8098-280e18084b66,AR002,2026-03-23,
c68f3053-6893-4211-b9cc-bb7c4dbcfcdd,AR003,2026-08-17,
6b642c31-eea6-43cf-8a6e-fa1a1091b77e,AR005,2026-02-22,
73907f5b-2c28-4cd3-a510-1673e5fd597f,AR028,2026-08-02,
0899e648-985c-4875-b859-916d8bf12002,AR008,2025-07-26,
89147fcd-5837-408c-a56c-501d722eccac,AR004,2024-07-17,
7af96eee-bba4-4b3d-8b81-24bed631eaa1,AR002,2025-07-31,
a8567456-3752-4260-b1ab-a4ef235e406e,AR005,2025-02-08,
403bfc79-9f78-46e7-9365-03f10e3abfd0,AR022,2024-08-09,
70bebfbd-dc11-42af-9655-8df25bb03b66,AR005,2024-10-29,
1158d2c4-1851-43bb-be76-233cb4ac8ac5,AR020,2025-02-03,
149d331a-7005-4464-9a2b-170b5549f8b2,AR022,2024-10-10,
3996a5a0-33b1-4728-9eff-72e9308015a5,AR002,2025-12-22,
ca0cde03-104d-426b-b53c-333374a36aac,AR013,2025-08-23,
a389f5c7-4e70-42cc-8834-a7eebe79086d,AR029,2025-09-10,
d4d92e02-37c7-48e7-aa10-bbb5180121c5,AR006,2024-09-28,
035ad8b3-8d8b-47d6-8163-bd4b5b33fc4b,AR001,2025-09-02,
ff044f2b-c7b4-4873-b733-e45ff3749b7b,AR027,2024-05-30,
b0879262-1f4a-4a0f-a6cc-e758c8c153f2,AR025,2026-03-14,
7c6988da-bf0f-49f0-b49b-b18da57da25a,AR009,2026-03-27,
ba8c85ba-4ed6-4caa-9617-f5e3887e612d,AR010,2024-12-08,
8316ce7a-ffbf-4e15-80b0-38c9c9823b37,AR003,2024-10-28,
8d93946d-41e4-40c5-add7-43efb4bf90a7,AR022,2025-01-10,
be21e16d-8769-42de-98d5-32b49d7ba4e7,AR008,2025-11-29,
b12acb62-343a-4286-b566-db22ea2d0db3,AR001,2026-08-16,
62d9ec7f-083c-47f8-ae68-160854b70ee6,AR016,2025-11-17,
2d211ee7-71b8-40a4-acac-05b9565f8d34,AR028,2025-07-14,
a5b74a00-5801-45ca-8c2f-8700af42f5ed,AR023,2025-08-29,
32c94ce8-9503-4147-8c1b-0ffb4e1168d4,AR004,2024-06-12,
cf44ae8d-2faf-4d6e-a63a-da4ad7573c57,AR001,2024-08-02,
77e8db5a-6145-4541-8555-fd968d08b39b,AR028,2024-10-18,
bc6cc1ff-7fad-4f61-ad2d-c62f2e14a890,AR028,2026-08-04,
34fb3daf-91c2-4123-af98-cc2fd2227de4,AR009,2026-05-05,
c8486771-846f-4737-b86b-0b4a0bfac7fa,AR014,2025-08-11,
5704d7ce-020a-4f92-b789-1374d42d86d0,AR006,2025-03-01,
66035762-c63c-4444-8ef7-277754f034cd,AR006,2025-01-09,
4c225c10-b103-46db-b025-2e84d7b69808,AR002,2025-12-09,
a787580d-9391-4875-a257-24c5e7f4ec02,AR002,2026-05-19,
998b1033-26b3-49b7-ae04-296f7e8cdcee,AR003,2025-11-11,
b1891f92-62f4-4832-8e70-e52a9049a6c2,AR023,2024-10-03,
07c29aa2-0bd4-457e-bec4-461742758954,AR002,2024-04-17,
c0fbf49b-dbba-485f-b449-16c46457ae67,AR003,2024-05-26,
089b5956-2442-4b49-ad0b-519af7ac6a76,AR010,2025-03-25,
ace1a0ee-4c93-4ea1-85b7-f88a17149d8e,AR003,2026-06-05,
9913ae8a-9625-4068-be74-0274e5b53db9,AR003,2024-05-04,
0eccf1ec-e0d1-487a-9537-be7db0e4cdc3,AR011,2026-04-12,
882319ad-8be0-4590-a7ca-5b2df9601a36,AR005,2026-01-02,
dba78dcc-5ec4-404b-b933-80280855b99f,AR014,2024-04-28,
dbfb31e0-5fa4-41ff-a008-d75069914b29,AR027,2025-06-11,
3b40d142-c1c2-438f-a2bf-09275b0b49dd,AR002,2026-03-04,
ddf5d5e4-7ca6-42b8-a72a-5eaaa8746ce9,AR027,2025-06-13,
96e3bd58-aa94-4dec-a09b-dcedc760286e,AR026,2026-06-16,
d7ca27dd-8376-4f9e-b366-29da5067ac47,AR023,2025-11-22,
1d02e4ac-4efb-449f-b7a9-62473717b667,AR014,2024-05-17,
d3748485-fc21-4404-aab8-cf7a50c5fa52,AR013,2025-12-07,
0504d03d-f578-42dc-a755-2752fdbecf42,AR014,2024-07-08,
c08469d2-df7c-4bea-b752-504d1dab7a70,AR017,2025-05-08,
15e6df87-cc27-44c8-9d46-192f33ffe088,AR001,2025-01-30,
68d7113c-7d7d-453e-9543-30a751def875,AR029,2024-12-20,
9c051370-0d6b-4dbf-8403-fcbbda57485a,AR012,2025-05-01,
278ac609-87fa-4569-8c66-d7be8cc83568,AR021,2026-07-25,
87d735c3-14cd-44a8-a8d4-4cead67db471,AR005,2024-06-15,
0d92dcfb-e1bb-41e5-9b28-4b0d3f2f5dd6,AR001,2025-07-06,
c11b7c96-8be8-4048-ae6f-e4b52655a6ce,AR008,2025-01-30,
3360ad96-adc0-4a8f-b13b-f5a33b8158dc,AR008,2025-04-29,
c8d54fc4-2317-40eb-b084-025b2500af34,AR006,2025-01-28,
faeb667d-4418-4093-97d0-f337adbe4a8a,AR005,2025-10-19,
63f8d386-6e92-436e-bbdb-3e678dbeeaac,AR004,2024-08-19,
62c0cf89-18f0-4bf1-b51b-0a29c35be706,AR009,2026-02-09,
2f5360bd-a88b-45ef-8d03-453e2b2c3eeb,AR005,2025-02-01,
ea4db533-8092-4b70-a6fd-966e02701fec,AR029,2025-04-08,
a4fd8ec7-2efa-491f-94cb-43cd854dbcf4,AR003,2025-06-11,
c96772d5-a611-4d5a-9a50-54888904cb17,AR005,2026-08-04,
16d081ab-e73b-43d1-b4a8-494b8b7d534f,AR004,2025-09-18,
0be5fbf8-241a-459d-8d1b-71ceaad00860,AR010,2026-07-13,
8e436798-d08b-4fa2-898d-aa90ab4b88e0,AR008,2025-06-12,
a2ea844f-057d-46d6-9195-adb9146ab027,AR014,2025-01-02,
9da74b53-4d8f-442f-91e7-7215c94effe6,AR028,2025-05-26,
32be0a9e-3651-4380-92f6-5d49f7dfd80b,AR004,2024-11-03,
ff780fd6-ed48-44fb-ba28-95e4226cc38f,AR017,2025-10-14,
089cdfa7-aca4-46d7-8538-2e405e307d84,AR001,2025-11-30,
8518bf39-cf88-45f2-8a81-6ca2356d3d61,AR004,2025-07-30,
c753c5a4-c72f-44a2-a4be-25edf2b09076,AR006,2026-02-05,
f6b395ec-09a6-4c04-a113-7d1f07ece6ac,AR001,2024-09-25,
815be7a0-f86d-4630-9c2c-cf018cc26790,AR013,2024-09-18,
c2d864d5-dcbe-4dc6-a730-2aa64ebba364,AR016,2025-08-26,
ca2a6efc-ca75-4817-8e10-297d2ed6d4fd,AR019,2024-10-03,
46e6ceb2-99d9-40bb-8431-c5f5612e89b4,AR009,2026-08-01,
7ab798fb-ec2b-44d4-aed1-bc90a2260427,AR013,2026-04-11,
b43d499a-c3bc-47a6-87e1-31190d285c6b,AR006,2025-12-20,
0051170b-15bc-4190-8b67-996dc2b66723,AR001,2025-09-20,
3fc63a91-3dbe-4d5f-a657-3caa8b145878,AR002,2026-02-03,
3f536109-01b3-4b8b-96f3-3bef6a092ce8,AR015,2025-06-04,
16576daa-ef81-4c07-80b8-45137bab533c,AR030,2024-10-02,
7a677ee3-f993-4dba-abdd-99d47c3651f6,AR001,2025-07-23,
40ca63ec-8ec7-4b35-870d-ff6289cb4f46,AR011,2025-07-29,
4af52918-3fce-4cb1-849b-b497c6711d1e,AR019,2026-07-02,
d073e5ac-6ec3-451e-966f-0d4f7fcd4714,AR023,2025-12-23,
b1cc56cb-7a5f-4928-b880-87f50ed7c565,AR010,2024-09-20,
7e8e095e-095f-492b-b51a-865030fd54a3,AR013,2024-09-17,
e0c23c63-0740-49e6-9682-1bac7b2cfc28,AR017,2026-05-25,
9fc479ec-dc82-47a6-a8bf-0ad332000357,AR024,2026-08-07,
6a7cf947-c514-4513-932b-20a64479bec7,AR002,2024-08-31,
2f2af631-897e-43a2-a8d0-f88c2d73b82e,AR027,2026-03-25,
0f32a11c-3473-4bb5-95e3-6d7c1e285c09,AR001,2025-04-11,
c2991aa4-9ed0-47f6-a0b0-1aae1c6afba3,AR023,2024-09-03,
875ea572-9cff-4ec6-b5a5-bfc54366375c,AR001,2024-10-08,
d21c2d7e-7b3d-4187-8f99-a08ba014e7e2,AR003,2025-05-01,
44c5cfc0-3c24-4f55-8846-31df2359d05e,AR001,2025-09-30,
344e5017-dcd7-4d31-bf49-c1c170a29fcf,AR006,2024-10-19,
8dde71e5-4137-496c-ae00-4410c320ad7c,AR005,2024-12-27,
37a65109-322b-4d2c-a5e7-5d0547541fc8,AR003,2024-08-24,
3365f477-0dc6-4624-92fd-c5706d316d0a,AR006,2025-06-02,
cfcde677-f351-4417-bb05-c5986f87ddad,AR006,2024-05-26,
a2e1793b-9c4c-4e3e-b4b3-bfea58c48bf3,AR020,2024-10-23,
876d6abd-0574-405b-8c25-319193176ecf,AR026,2026-06-29,
12a9b68e-3c20-4248-8292-46568e3ac629,AR015,2025-12-11,
1c80d45c-0259-4205-820e-23daf7532fb3,AR002,2024-09-27,
bd0743a4-a0d3-4af9-94e9-ad9cccd2c45c,AR004,2026-05-15,
113e134a-8570-4a7f-869d-fa7d0a4ffc7c,AR027,2024-12-15,
6d462cb3-f33e-4719-8d7e-1c7f1ff4f3cd,AR002,2025-10-31,
dff26264-7201-4fe7-91e2-22d204d6b4f7,AR006,2026-02-24,
f276baef-44e8-452e-b22f-17bcfa974d03,AR028,2025-05-11,
9d1d5158-95e2-4045-b18a-9d0f3acc5979,AR028,2024-06-04,
f2e49399-29f0-4597-b9ed-e994a722a92e,AR006,2024-07-04,
3374289a-e295-4858-9430-8673a2e8243b,AR016,2025-09-06,
e79dcb7e-d274-47a7-9869-f966908496bf,AR006,2026-08-20,
7c12e8f0-fb39-4f0b-b546-1e51aa104ea4,AR019,2024-07-12,
b008b4d3-19b6-4c7a-aad5-d918434b8e54,AR001,2024-07-04,
dea253fb-bb72-42d7-97e8-81a8e110f340,AR002,2025-03-15,
07d0e758-b607-42ee-abea-1ebadcd24e09,AR013,2025-02-23,
6a053681-4c2b-4291-918f-2e85bc9ec905,AR003,2025-05-22,
010d0051-aefa-4c5f-93e4-c63899003790,AR015,2026-08-13,
6fc117b0-16ec-4c69-b981-16867f9d1991,AR005,2026-04-07,
13366676-e00d-40d3-835d-357b41e6d9bc,AR025,2026-04-21,
6cdd179d-f951-41b2-aa70-57f7e5c67255,AR022,2024-06-19,
9db3ec1e-f772-4bc1-b494-3ae3de256508,AR008,2026-07-11,
11b1534f-e460-401d-8b1e-05b90bc76e15,AR020,2025-04-26,
2de47c62-6849-44b7-ba6b-796eb9722300,AR004,2025-10-12,
86b03cdf-5e3c-4c55-91a3-0cb9c5edefa1,AR008,2026-08-18,
45e95c7c-5c35-4566-ab9c-e3df364723c7,AR003,2024-06-15,
5d7a68c9-13cf-45e6-93b5-6edf40672667,AR024,2026-08-08,
a55979e4-057d-4b2a-a690-ca9cb4085656,AR023,2024-08-09,
f1c794ab-975f-49fa-aaa5-267711817af8,AR026,2024-10-16,
02a1cb57-2882-4a57-8b6b-23415d189fe9,AR025,2024-10-02,
63ae6ca2-0e89-4ec1-8a00-c673ab1f6fc1,AR029,2026-04-05,
c3539ce4-f975-4050-8d51-7f54da08843b,AR003,2024-07-18,
0d862508-5b4b-4f42-8456-19fad3da8580,AR027,2025-03-21,
a8ce2266-ef9f-4aa2-9bc6-03c034962503,AR011,2025-09-08,
9bcff4c5-57eb-47a8-88bf-f59d33ac951a,AR006,2025-01-08,
23869191-a0e2-4ace-b1d3-646e5e87224e,AR011,2025-10-30,
43feef66-2dff-4269-b4c9-60c9590303c6,AR005,2025-12-23,
7bd2029b-ad1a-420c-9c59-19d2c7b14e22,AR004,2025-12-16,
8742f74a-5619-4365-af13-a60531c4daec,AR004,2025-04-15,
08b83aaf-4af0-4e27-8bf8-06797e3608a4,AR002,2025-03-19,
e075d858-b89a-436c-b060-4c9bdd844a2c,AR008,2026-01-26,
fdba4cf9-33cc-403d-add6-e9eeebcb32e1,AR025,2026-01-22,
e201c436-4dbf-48a3-9f41-29740a40d9fb,AR014,2024-05-22,
f007172b-ccf0-4c85-ba08-956be82ad7c6,AR009,2025-06-02,
ccd41f83-d002-44fa-babc-607a6e53c297,AR006,2024-08-05,
a28611f1-9974-445c-b55c-ec93282ad568,AR006,2025-11-09,
706f1454-22b3-4a15-8ce9-ca6f43f0e5a6,AR003,2025-12-16,
28664434-a7f3-4592-8076-e6ba8c850668,AR023,2025-12-21,
2c44d844-0e3c-4471-ae3e-684164268773,AR003,2025-05-20,
d9ba4c41-97c6-419e-ab50-3d48626c03ae,AR018,2024-10-15,
d96a02ee-5a0a-461d-b2a7-b072ba73f7f6,AR020,2025-06-14,
2c1bceda-517c-4b9d-9e6d-8b8e5dfd27cf,AR011,2025-12-10,
9ddead83-c869-412d-8a38-706fe6812edf,AR024,2024-05-10,
70a82893-4778-4fb0-a408-93582ce797f0,AR004,2025-04-12,
074f92f2-5407-4f8a-9213-394c0c180934,AR025,2025-09-15,
1e1f259d-bdba-48bd-91db-314976f45f53,AR018,2026-08-15,
ca7a73c1-7501-430d-a790-825e4d289c7d,AR021,2025-04-21,
6dc39b21-58c3-4bc1-8fed-9df141f4e5e5,AR015,2025-03-01,
66da5b83-4c69-4add-8965-fc47d266e03d,AR024,2024-06-07,
117167d6-51d6-470f-a1d9-ae4183f68c42,AR030,2026-02-04,
b95bc5ad-b08e-4cd2-a114-e0ab1a8d7894,AR006,2026-04-04,
d5dbffb2-d8b0-41fa-946b-daf226fa9ba8,AR022,2024-04-06,
dea1b5ad-eb2c-4bc6-8194-0991c8823ee7,AR019,2025-05-02,
4c2c2c88-2d23-41d9-a0f9-747acbf08431,AR006,2026-07-31,
62826dd9-5679-4750-85f4-3b5d99663c5a,AR027,2026-05-24,
777ab7ce-3dd4-4f04-9ba8-9435c98d0625,AR006,2025-07-06,
5a020f4d-13d5-4891-ae94-c25e79741789,AR011,2025-03-04,
a2c39d2d-9674-44c1-ba46-b1817cc354bd,AR002,2026-01-23,
4cc808f5-bc67-4ddf-b11b-a4832c287373,AR003,2025-10-09,
334f99e2-dc74-49f7-9158-e0944703d734,AR023,2024-11-21,
13057ec3-de4d-4b48-ac19-b748c816965b,AR006,2024-05-04,
cccef3d1-4a0d-4815-a589-f6b6168ab685,AR006,2025-06-22,
72adb5b8-c41c-4c88-ad57-9a26b525f341,AR004,2025-08-27,
b34acc89-001d-445a-a578-e40075b5aaad,AR008,2025-10-13,
f781e7c0-4040-4361-9e7b-690a13bc51d7,AR022,2026-04-27,
321fd48c-38d0-4a02-aa0d-0259fd549ce2,AR026,2026-07-09,
825d3274-a891-4546-bf72-515848ea71bc,AR001,2024-08-28,
d1f2fe7f-297b-422e-a544-4da84a4be4bc,AR011,2026-07-22,
ffe0c77a-df90-4331-8356-1c17b1c9d80f,AR007,2024-09-08,
a6d192c9-1957-4b02-810c-80ead6a4877a,AR013,2026-01-20,
c9d0c031-def6-4990-886c-88865eaa32d6,AR006,2024-12-27,
c86e9072-24da-4927-9ed2-aa8144d316af,AR006,2024-05-18,
0c95a71e-fc1e-4e00-842b-be590cdbbe98,AR007,2024-11-10,
5e59f40c-116e-40b6-85f0-810d7769adb0,AR012,2024-11-27,
e857b6a7-fec7-4d57-845c-dee7f97c17a0,AR008,2026-01-05,
42393a04-f8e7-4532-88db-018b6cbf5814,AR007,2025-03-21,
3b55ee84-06cc-420a-8173-82ef7b0f93a4,AR022,2025-02-11,
3af89e65-009d-4121-bc10-f7d175807bff,AR019,2025-08-18,
99eb15e6-36d4-4552-8ad1-28a109044991,AR005,2026-07-21,
8e4c7954-5678-461f-a880-be44623cef35,AR022,2024-06-21,
d3975f31-aab9-498b-8b08-90a1aac2e2f3,AR024,2026-03-05,
0e834f2d-0cb0-44e5-81b3-16c529cbd68b,AR002,2024-04-29,
ba9db36f-2728-4de1-853b-1c5406578190,AR012,2024-06-03,
447e4931-6f39-464d-905a-54a1d9d41a03,AR004,2026-08-07,
24eec587-9100-4c04-a3b4-04cf7bda7135,AR019,2024-11-18,
e077da1b-86a1-4fa9-9b7e-67ed3a222241,AR004,2025-02-18,
01b20b14-1e0e-4a57-8cad-f950f5aa5e45,AR016,2026-02-04,
c3040043-44d1-45f1-b435-eba6ee53aac0,AR004,2024-09-15,
620c0d2e-360c-4b1d-87c1-902c9a490799,AR009,2026-05-19,
e29a4c72-f4f5-4bc6-b1e9-3fa5ce8c55ec,AR028,2026-01-19,
89846fba-d403-4c59-8300-d6518ff38154,AR005,2024-05-20,
4f23531b-fac2-4ff4-a3d3-34356ce1262c,AR025,2024-11-15,
fcd440e6-ed8d-412f-a632-9fa9c0ad0115,AR030,2026-05-18,
cf0dd57f-bbdb-47f0-824c-5d5ae3030a38,AR025,2026-04-20,
4cbe843c-0643-4148-a5b4-cee02dff39e1,AR003,2026-01-12,
a369aa0c-9b3a-4899-9307-f990105eae6b,AR022,2026-06-23,
08ad37e3-c6fd-4c8a-b157-7a0cd261bc24,AR001,2026-03-18,
3cf5bd50-3671-48de-9ef3-6b8da9ab1b0f,AR006,2025-04-13,
38bef2a2-20d9-414e-9500-8802cd9084f7,AR025,2026-08-17,
02a418af-9260-432a-a27f-8ebd0872a4c6,AR016,2025-12-16,
4a0da1bb-d854-4693-9f3f-d5d17353df65,AR009,2025-11-23,
56f1f79a-1fe7-4690-b928-bb9e72911c8f,AR005,2024-05-01,
af064c9e-10f5-41d9-afc9-ef44ff5d5da8,AR022,2024-04-28,
eced6582-0684-48f1-9c64-496aad25c18b,AR017,2024-08-18,
040c02b9-d11f-49a7-b2f6-76f3cb42d7fb,AR007,2025-10-30,
50796c6e-e90e-4ef5-a30d-4f445989b8f4,AR026,2025-05-22,
92167900-cc90-4ea6-9c1e-9c094080ab0a,AR003,2025-06-11,
8d609da3-f263-46ab-a1d4-ff6552a02d8f,AR003,2024-08-05,
78c2f652-863d-49e6-bf28-dd82d7ce31f5,AR014,2024-11-13,
aa442b8e-9254-46de-881e-84f5630b59c0,AR029,2024-06-26,
91419670-00b3-4cc1-a171-822141020480,AR004,2025-05-01,
23acff36-c64e-47c3-9a00-bf280b4c0467,AR004,2024-06-15,
1fef11d4-c667-4221-bc27-a37145ec0c6b,AR002,2024-11-15,
c89007cc-2a13-48d1-8999-2fe7247201b3,AR024,2024-11-19,
b9a79f18-630b-4f39-98af-86d9d4199e1b,AR003,2025-01-25,
142fe8f1-1205-420f-8ef0-ee52db3945da,AR008,2025-11-04,
e45d21d6-62b0-4c39-8d06-77977f95051e,AR030,2025-03-12,
7e2e6245-643b-4e20-b208-b79dd1afaa6b,AR001,2025-10-17,
b54a1b51-388b-40d7-a9b5-eac233272504,AR011,2025-02-04,
f697f010-7097-4107-b93b-c7fb827a81e8,AR009,2026-01-14,
e3dfd69d-be1d-4634-b552-f1ab66bf8133,AR022,2024-09-27,
899191d9-a615-4449-b56e-d1599ce2a5d0,AR005,2025-04-13,
728353c2-f9d3-4649-a19f-4e3f62c77534,AR006,2024-12-14,
5704976a-774a-40b1-98b1-74fa5985a3f1,AR003,2026-02-12,
bf8b2572-a732-43c3-a5fd-d85947698094,AR019,2024-10-04,
17e9e111-b3be-4f63-bd46-efd080768337,AR021,2024-09-24,
18e608ce-1835-4e43-8f48-dde6d4d780d7,AR002,2026-04-19,
dcc2691e-6429-4a5d-bceb-15ed0fb1683a,AR006,2025-10-23,
53b54c8e-f80f-41ff-9646-d4fb00fdf3da,AR026,2025-01-11,
97d77b58-2935-460b-8428-e29e09b7a08e,AR001,2024-07-25,
c16355f9-1a53-418b-9c3d-114b978f9cec,AR004,2024-11-20,
4063836a-8e67-41c8-9e3d-f3a44a797ad6,AR010,2025-07-09,
f4335bd3-fe93-4154-83ec-bcf652233a15,AR005,2025-12-06,
f9f6827d-2126-4255-a9de-c1d1b0c024ac,AR004,2024-06-23,
05af76b1-89da-4671-a8f4-813cf72b3959,AR006,2024-07-24,
668e14bc-e14d-4585-89b6-5e3da438252a,AR003,2024-07-04,
60ab34a4-7c09-4cc0-9c1a-965ce6d5b323,AR009,2025-12-01,
a870da29-51a7-44f4-ae7c-6fb20686750d,AR017,2025-08-09,
77934748-a6cd-42cd-a0a2-5c01ba54ed90,AR011,2026-01-23,
a1d0f371-8a96-413f-9c4d-b84f7e7c63fd,AR002,2024-05-15,
97c64d8e-e5d6-4917-9c7b-34d48a195b6e,AR023,2024-07-30,
b7e35a01-4834-4152-b92e-37caf3ee4703,AR003,2026-03-26,
05b1b297-05d7-4928-af0c-e5f43b74d1cb,AR020,2026-01-21,
a76812b9-0849-4980-9fee-947044d68e2b,AR005,2025-04-30,
5d877bd7-2798-4475-8036-aad10c0ddb0c,AR021,2025-08-27,
380834c9-d99f-4043-ab9e-d1151e74381b,AR003,2025-07-19,
cf82ff29-7e8a-48e7-97e4-47a50988e398,AR003,2025-10-07,
998adf25-0a3f-4e6a-b52a-e787ba9cf050,AR008,2025-01-14,
c48765f7-653d-4eab-ad65-73942b5ea49b,AR001,2024-07-03,
a132236e-3c02-44e0-b1bf-bf4d6c18f5d7,AR003,2024-06-17,
7dd035b9-20e6-45bd-b33c-ea6af41a1a90,AR018,2025-07-23,
fef8725a-3db0-4db3-a0b6-8ec5cf9b50ad,AR023,2024-09-02,
0b9542a7-724b-41dd-86e4-654c80b2ba74,AR002,2024-12-27,
78a96ec1-2589-4a1c-87f6-c5880edb2728,AR025,2026-03-05,
d780b164-1a54-4147-9541-15f71319f78b,AR021,2024-10-02,
84445d10-c955-4188-a08a-27ffe62c53ca,AR025,2025-10-23,
366c8433-0dab-44cc-bf26-74561ac3f4aa,AR017,2025-02-23,
b1c3f42f-5d86-4234-8400-ca6df3e3008a,AR016,2024-12-05,
0bd4143a-0fed-4247-89ba-4b71008b730b,AR009,2024-05-24,
6b4da22f-1b71-42c5-967b-ebcc473feb08,AR015,2024-05-20,
2eecda9e-9e6b-4d9d-9706-d6d1cba0257f,AR027,2024-09-24,
0db5c524-e12d-4aa7-a7fa-ea576bea7b72,AR002,2025-06-09,
d4487a7d-a9ab-4320-80e9-b2efcf180bd8,AR005,2025-09-09,
2be8e54c-4441-4d53-a093-3234938dd4b5,AR001,2025-08-05,
10972684-3ffc-4dd0-8590-bd507d5f6682,AR028,2024-05-18,
9edf18c4-6527-4a0c-9d89-e459259b8e9d,AR006,2026-02-26,
38fddc3d-f5d0-4ec5-9cd5-d236afb3dc9c,AR016,2025-05-24,
5d79facc-7054-4a1a-945f-fcacb890d655,AR023,2025-01-09,
2e9a6ea5-39fe-44d7-8b08-8080347f1255,AR030,2026-08-04,
900bb975-ffc3-4395-b3c6-54e6e046ee07,AR003,2025-02-17,
30fa0d7f-54df-4a0a-9095-b20c98072b3c,AR021,2026-01-09,
b6f71719-fff0-4480-84d4-981b4882dead,AR025,2025-12-22,
07f1b3b5-52d2-4983-9090-660825714adf,AR001,2025-03-01,
cca82415-3b89-4c98-8fc8-f26597c6ed0f,AR019,2026-08-16,
e24ca192-ee43-4a2b-9d82-bc36b28dc7a4,AR005,2026-04-09,
549d54a7-bfd7-41e1-afd3-041e2f482a09,AR015,2025-07-24,
b6bb3076-6d9b-4c55-bc12-b5003cc8c4c0,AR009,2025-04-02,
9730f408-4288-47f1-822d-05c45a5effb4,AR004,2026-05-21,
8f125b77-b1ef-4d9b-8f1a-a9757fc40585,AR002,2025-10-13,
5679a545-305d-46b1-b2c2-65532f266237,AR002,2025-11-29,
e1c27303-b5a1-4e7e-8fbe-2575ebd90363,AR002,2025-05-16,
02d3b57a-2770-45e2-8315-c45e18350986,AR014,2025-12-05,
443faef0-d1eb-4efa-be9b-16e792dc0571,AR005,2026-08-22,
d0f2f533-9f88-4603-9bf1-02f4093474f7,AR003,2025-05-19,
5a44a651-aab4-48e7-9423-2798a0818ced,AR017,2024-08-15,
70fd40ab-7533-484c-8e8a-6c9c1c1c7816,AR016,2025-04-02,
bf6d51c1-5a7f-4441-9724-39511e3d0ad2,AR010,2025-10-13,
2988803d-b571-47f6-9ed0-37111c166133,AR028,2025-06-30,
1f0238b3-edd3-4a5c-a925-36c05b891933,AR005,2026-04-24,
c48af031-4ea3-4f37-9579-c26841ffa6c2,AR023,2026-01-30,
b4b2911a-8e92-47de-987b-a59c8fafbd3b,AR001,2025-08-08,
c4be425a-6a56-42a5-a921-3382a193bce3,AR019,2025-03-26,
7dc11c25-0061-4abc-a622-c1f0b750a33d,AR030,2025-06-27,
4279dd11-6a80-400d-936d-a1702f61d67e,AR024,2024-05-08,
65c4234d-0b91-4ff3-8222-dae34f8c6e06,AR012,2025-02-15,
5bcbec28-a75f-4330-b607-c34dd20033bd,AR014,2026-08-03,
552e6525-329a-4df9-8714-95ab1d87ce6f,AR005,2025-05-24,
696ac40e-357e-42f8-92a6-f5f67bdf77b2,AR016,2025-04-03,
bd064669-c76b-4fdd-bf26-a1447ab322c1,AR020,2026-07-17,
ddba5628-bd74-4cb4-b65a-89fab823f8fc,AR030,2025-09-23,
6fb224c5-caab-4ee8-8297-64612e119b58,AR008,2024-07-26,
be4f7dd7-e4a9-431d-ab46-9e966cd7f2b9,AR001,2025-10-17,
cbd8af20-0254-4576-bda7-4e9788a46b2e,AR012,2025-07-22,
3d1f2f92-98d7-4785-b70a-4f08c4adf8ee,AR002,2026-02-12,
3cad0771-67dc-40af-a82a-8399bb68564c,AR004,2026-06-18,
d488ca6e-32e4-48b6-acd2-ea804045a3b3,AR005,2025-11-20,
216b9343-cdb6-4bbc-8bdd-7ffdacc42675,AR018,2024-10-20,
24f66a6f-ab8c-4b42-a9dc-95a17f0e921a,AR003,2024-04-20,
18465463-b3ff-4f02-8a83-3a343c8c2a64,AR003,2025-01-26,
c972ec01-12e3-44c8-a342-3cc05704410d,AR001,2024-08-31,
688abd81-3d60-4a3b-8d1a-70891a16fbe7,AR025,2025-02-04,
8b5ca3a6-c1c2-4a0f-8548-5ea86f85df31,AR017,2025-01-27,
ad188785-53ce-4c8f-a233-9cebca737386,AR001,2025-08-17,
63c31d42-afae-4fab-a73b-7b0c15546992,AR001,2026-07-01,
8c21db1e-08f2-4fff-b5f9-6492cced157c,AR011,2025-08-31,
70904637-8864-4dc1-a6f2-5188161dcd7a,AR004,2024-08-01,
d714e380-ba01-4d44-a90e-f86ff82962a9,AR012,2025-05-14,
0580a5dd-9370-4029-a936-1958e69e8189,AR006,2024-10-30,
3d289bb7-0293-4e61-8caa-358196010dbf,AR027,2026-07-10,
e5889d14-0732-42d2-b996-16a648953dc6,AR004,2026-03-01,
b0722ba9-aa04-4c3e-9301-44d6a3eb5f29,AR016,2025-12-06,
5f5ea385-791c-42f9-ae50-d3af03ed93e4,AR001,2025-10-15,
07807ee6-3544-470a-a462-90f6e3ffa244,AR029,2024-04-16,
f2694626-0b36-4174-a267-5240bf3fabd2,AR030,2025-07-18,
5cc7705a-ce99-45eb-b657-88436b7cc620,AR019,2025-01-24,
a51190d3-78b2-4dc9-9871-d9659549d19c,AR006,2025-02-09,
26c9e4f8-32e6-4647-9391-d70834958724,AR003,2025-08-24,
9ee44d21-07ad-48f5-b68c-6c3e49b0cd00,AR022,2024-05-05,
48b58a0e-9dab-4fd1-9025-e32ecccd2244,AR019,2026-02-11,
438a2066-4920-4f23-a094-b21a1f1963e3,AR003,2026-07-24,
4564e630-4772-4567-ac07-b12ce962382b,AR006,2024-11-13,
54617815-0667-4523-bc91-fc43a1bc0c3e,AR006,2025-02-01,
25d4bbaf-fe37-4806-830b-edfed9a5a7e5,AR023,2026-01-09,
6760a50f-9384-4902-99f2-8579b8430b72,AR016,2024-07-29,
2b8a9c7b-e422-4215-9882-8cde4fb1e035,AR014,2026-04-04,
e5bd92fa-500c-47da-9a1e-322cf2c66fee,AR015,2026-01-17,
327d6ac5-3db1-4663-8a70-2431a4c7bc35,AR004,2026-04-11,
1fcacb7b-4172-4581-8e01-afb29d5245f0,AR005,2026-03-14,
f738384a-66ea-472d-8dd5-180388e11a06,AR001,2024-11-27,
d02d59ca-b9ac-47c3-956a-2a0311e09d5d,AR021,2024-12-19,
a245e4ef-6c03-449c-b00d-3095e8596835,AR006,2025-02-10,
afd5db49-e537-4c8f-b81c-f706c2e3141d,AR006,2024-08-05,
e9561229-9f91-4ca5-8baf-0b663bd82977,AR004,2026-06-24,
5f8be0f2-29dd-4bc2-b427-e9c18f5c7036,AR003,2025-03-02,
80dff539-f4c3-44cb-a738-ccce0a1b695f,AR012,2026-05-15,
43d304ae-f88e-4ed3-9b22-8adf43f57b0b,AR003,2024-05-14,
b443734a-fce1-4dd6-8460-0dbdcf18e037,AR001,2025-02-18,
6bf0e06d-caa6-4255-985a-bda55fcd8708,AR020,2024-10-31,
d2509052-6afe-4289-a70b-9251176d7e29,AR005,2025-04-14,
787275c3-a729-47eb-8c6c-fedf2cfd5d0f,AR005,2025-09-24,
806c9566-4a71-466e-a83e-15151b427a96,AR006,2025-01-04,
a64f4125-f567-4e7d-8bfc-490971307bbe,AR022,2024-08-26,
38d65fa2-9975-42db-b0a1-a756f23e5b8f,AR005,2026-03-22,
fdfff71a-7064-4b81-a4d7-f2a399025115,AR020,2024-07-26,
0085053e-a2d3-4c73-821e-f2c6aeeaef73,AR028,2024-11-29,
85f3c441-df80-4a11-8ac2-e5ca76e7909f,AR015,2026-06-10,
42102a58-a2d4-4214-8c6e-e29e7456b353,AR006,2024-05-31,
0e6e33a5-7abe-4e78-b8dc-cb83e6b4be53,AR019,2026-03-20,
de66ec89-df6a-4516-84ee-e94b00498722,AR006,2025-03-19,
6596bfba-ca87-4b9a-9346-29fcb5f9f2c0,AR006,2026-05-03,
5b486314-41af-419f-ba3c-f70842a0288e,AR009,2026-03-06,
0f8dc21c-4ab2-46b2-a6e3-5a9644875379,AR005,2025-02-10,
ec90c3e6-8ed2-42d9-b68c-3e0a13a7472e,AR002,2025-01-09,
0996e314-5542-4c30-8659-bc3b6060d969,AR006,2025-01-03,
3641e63f-2fe8-4465-b4e2-74c8025fd531,AR002,2025-10-29,
0ea541c5-e1c2-46a1-91d9-931562785544,AR006,2024-09-09,
f0c59b80-d822-49cd-a47c-e2e9476f9719,AR011,2026-07-12,
4905bfa2-397f-44aa-919c-57380a8c5390,AR027,2024-08-10,
fa7521c8-78f8-4bed-aed1-32d59f675a0f,AR001,2025-12-03,
2cd6e3de-9833-4d37-90af-5878fce53a79,AR013,2025-03-02,
5d32a9c5-9bcd-42c2-956e-682649ed7024,AR006,2024-06-27,
71e12258-eea5-4ff4-ae74-0cb4371dd7fe,AR001,2026-01-13,
cb639895-bbeb-4ccc-8602-2667fa62ee95,AR004,2025-08-31,
aad4a972-9198-42f0-b4c0-e431e2401d50,AR002,2024-09-02,
8ca1bb09-8e9f-4e2a-a90a-ea99ffff6e08,AR003,2024-08-01,
980db47c-190c-4721-862a-2e4b0368b5c8,AR004,2026-01-31,
09da8c6e-5661-4425-a0a3-662dd5dbabe6,AR006,2025-06-07,
4d32fbad-f2f7-4d7e-9f08-1476becb1bd1,AR009,2025-11-07,
4e427970-c889-4881-873c-1786457bb2e2,AR001,2025-05-31,
f0628048-0f98-4920-bace-be42cc7b68e5,AR003,2025-09-28,
a4049b13-869d-4608-b036-074b7b9d7e5a,AR002,2026-08-19,
5ab810cb-dde4-4c03-83f4-2e696b262f00,AR010,2024-06-10,
16126bcd-1e87-4ebe-8f9c-763910f03fa1,AR005,2025-02-15,
b81dcd24-270c-4105-93c6-7736f232e496,AR010,2025-07-18,
96cb37b5-e970-45e0-a816-c73df874cea8,AR003,2026-05-22,
ec33225a-2fb7-4966-9d9f-91a2fcdd2630,AR001,2026-06-22,
09b6e4f2-2d4d-4f8e-a3b1-e6c3343463f5,AR028,2025-07-03,
891ed09d-743b-48bb-9884-1df62ea92c09,AR002,2025-02-05,
69344881-02f8-4576-bf36-395390854124,AR002,2026-01-09,
b6ac4467-1293-4949-9b9b-59efeeae8549,AR002,2024-11-14,
316899a9-40ce-47a0-8a55-c5c584c35c2a,AR030,2025-09-16,
a758d90d-0b5f-4a60-91c5-ae1b44d85b25,AR013,2026-08-14,
b480bbf6-0662-43fd-991a-03d38210d43c,AR013,2025-05-13,
aefe8dd2-194e-4258-a102-19cf399a3d7e,AR030,2026-03-19,
02f7f49b-b7ca-4372-b6bc-019a5f47485e,AR002,2026-08-11,
c70cc8a3-349a-4be6-a828-ca7636e7ac8b,AR029,2026-05-02,
9aa7ef18-8a1f-4b06-af74-7aa750c45d5b,AR003,2025-12-19,
e7231703-fb92-4cd7-8447-98cddeadc1f1,AR014,2025-06-02,
4eb3e916-fb55-493e-a318-64ff46ce2fb5,AR006,2024-04-15,
7b5db12d-a9e0-4f21-9df4-410905ddeec0,AR005,2026-02-15,
f2d75777-4ff6-40bc-8afe-32138f58b87c,AR027,2026-07-05,
3cf6fe02-3db0-42d0-94b7-05e611505fbb,AR002,2026-03-10,
b665a0cb-5a72-4dcd-864a-c9ec4e3159b8,AR030,2025-11-19,
71a866f2-39d7-434e-b5e3-5566862d8267,AR005,2026-02-26,
a8042434-98ea-47c7-bd67-076302737d03,AR015,2025-11-17,
1e206316-50ac-4fcb-be63-8b11bbb8129c,AR029,2024-05-02,
5ec11c0b-c3a5-4d0c-bfec-1a66ed873e61,AR001,2025-09-27,
cfae565a-3d93-4cf6-ba39-c5868da94487,AR027,2025-02-17,
8036e5c0-077e-41e8-9745-572968a7cad4,AR011,2025-01-05,
e6b2993f-faf9-46ae-8562-f7526e18cad9,AR017,2026-05-02,
69fa8992-06e0-450a-8f7d-552d32f4cddc,AR002,2026-01-20,
6801e6e5-968a-4ca0-9f24-4e14abf4d8a8,AR010,2025-08-27,
b2ec4c7a-cf56-4d4e-96fc-62a0c46ce168,AR016,2025-07-19,
22d3a4b1-df6e-4cc9-9758-98b9f82b4369,AR006,2026-08-12,
68a9653a-9676-4f1d-871d-52930d65f919,AR002,2025-02-08,
548034b9-4b32-404b-add6-c3691a3a01ed,AR004,2025-12-05,
595185ce-97cb-4ccf-b1e9-aa1b86e4982f,AR024,2025-11-16,
624fe9ce-f1d7-484d-9f81-2e9a76bea9c6,AR001,2025-03-17,
0b0bad81-60f8-4bdf-abcf-bd3b2aa0d8a3,AR017,2024-05-20,
d6ce8f35-f8a1-4d39-a04f-f09570fc78d0,AR030,2024-08-01,
09a84e11-d88f-47ee-a91c-a0d43fa05d3a,AR001,2024-04-23,
7a2d91b3-d80e-42cc-92a3-4b31b7692bd2,AR003,2025-08-29,
9cf8ea4e-6929-4ee4-856e-e45d434a4dde,AR016,2026-05-11,
d09484f2-dadd-41e4-87ce-2588d4dd1226,AR001,2026-02-17,
6e7e1563-3e85-401e-bdd9-afabd118c8df,AR012,2025-10-28,
af757739-c3df-4b4a-9093-777bb6f0a5cf,AR016,2025-12-05,
491bbe8b-6b43-4e81-a789-0897b50e4b08,AR012,2026-02-24,
bae42c81-de53-41d4-9376-87167b7dc2ac,AR005,2026-04-14,
62e995d0-0ad4-4f9d-af1c-25bf004a4666,AR017,2026-03-14,
6c05c787-ef71-456a-8ab9-5426d6314428,AR012,2025-01-28,
2da77764-14bc-40ad-96c3-5a9b41ee06cc,AR003,2025-06-22,
53b275f1-ccd1-4e97-a8bb-53dab503ab42,AR011,2026-07-22,
eb13698a-0975-41b5-a64b-c109d18a36d6,AR025,2025-04-20,
07befd01-fddb-449e-b392-0db8b9c9b8b2,AR016,2024-08-21,
58b11084-fc6e-4ca5-8d59-b334957a9b53,AR007,2025-08-18,
27292d47-c3e1-4ea7-901e-1ccb4679942f,AR005,2025-11-19,
a8dcee5c-3f30-4e8d-9fbc-d0a9d8146b6a,AR002,2025-12-29,
92288e25-bfad-4545-93b8-803852a6d35b,AR004,2025-09-27,
600a2f82-d0ba-4250-876f-efc12825c18d,AR001,2025-12-24,
7e14d4ae-7b28-4ae3-80bb-c2c3dcc7a7d9,AR030,2024-06-10,
627dc49c-8c5c-4a40-9af5-c9b95653bd49,AR003,2024-04-12,
d2dd068d-8a0f-41ee-9de7-6bb343dc0110,AR022,2025-10-29,
3053fd4e-56a4-41ec-8b59-d7df96ed9c88,AR003,2024-06-11,
5d94fba8-9e03-42f8-b26b-2a388e940408,AR004,2024-08-11,
e451a459-ca9a-4c20-9a51-80316df76717,AR006,2026-06-18,
7df6859b-61c0-40bf-88f9-063b34c697f9,AR005,2025-06-22,
95a56e04-52dd-490c-8711-47c4386f5102,AR021,2025-01-29,
c4e62955-843c-4178-9949-462150e940ee,AR029,2025-08-21,
12c8753e-3263-426f-9edc-d17f9c8b2d3d,AR025,2025-07-22,
b9d77d23-9658-4739-ae44-6a81a7299259,AR002,2025-06-20,
2d5ef6c5-9eee-4fed-bdd7-4ed8c4b10dc6,AR020,2025-01-01,
eed3e7e0-baf3-437d-8ebc-4b06108ce6f6,AR002,2025-12-11,
dca23372-781d-4df8-a459-65c7a88db0c0,AR027,2025-03-22,
dadca689-0967-4bb8-86e6-86b0968eab02,AR009,2026-01-24,
d15c4a4f-211a-47cf-9803-105df42b53af,AR005,2024-07-11,
42681ac3-f2d8-4566-b924-76fa97846f11,AR003,2026-06-11,
3b303154-7d70-4918-9e11-54cb9da17f64,AR001,2026-06-26,
be987f81-be6d-4b9b-afbe-f59159bce2b8,AR004,2026-07-22,
88bdc7bf-3522-404a-a81e-dde70cc218cb,AR027,2025-10-23,
77113f73-eff5-4e9a-9b13-540e3fed8279,AR021,2025-03-14,
0ba82596-a390-47c9-83f7-de5ad724a2b6,AR029,2024-04-18,
43f21e9b-2c93-4ad0-821a-ea9414f1f3c5,AR002,2025-07-24,
e7712523-de97-417d-8a9d-df95d09d99c4,AR012,2026-03-18,
9f7822bf-7d0a-44ac-a2c5-bfaf2200434a,AR004,2025-10-07,
2ab99f3a-3671-49eb-bb4e-6496bad6e250,AR010,2026-05-05,
c978409b-3912-40c0-a75b-9b8984837ccd,AR005,2025-07-09,
22f86062-1051-4312-b55f-b4be9148af9b,AR004,2024-11-27,
fc4a98d5-bd5b-4ecc-8fe6-26e8a90df4b8,AR011,2026-07-24,
23142d37-59c5-4a06-8d19-bd2af6318874,AR003,2024-10-16,
7e244ee6-c07d-48ec-95a2-27fa9403561f,AR007,2026-02-06,
e3b9a3ec-f84f-4506-8ac6-e1029f1dd49b,AR015,2025-01-16,
2facf34f-2c78-4612-9fd6-70f933629ebe,AR002,2024-09-13,
75fc85d9-c278-4d02-9fac-45ff566e3d33,AR027,2024-10-17,
1a0f75f2-786e-48ef-8be1-82fe7938a362,AR008,2025-01-18,
61fee8bd-4ea7-4e03-8ee5-5055948bcfaf,AR022,2024-12-28,
dfb8c711-1a52-49a1-a8b9-7b1d09619e4a,AR015,2026-03-13,
eb2837fd-6b0d-4a2f-934c-06145429a513,AR017,2026-04-27,
6f3bc7cb-badc-44f2-89bf-e61b05a30793,AR018,2025-09-26,
d78429f8-232c-4c0d-8ec2-79bfd6da3c44,AR025,2025-03-12,
3086283e-674d-4997-8325-42e68fec1b3a,AR013,2025-03-04,
76251825-ef01-4550-ac7f-18c0d97f5b8a,AR004,2024-10-17,
f0144537-4afe-40d8-b152-ba9eb08f093e,AR002,2025-11-28,
fbc74b11-6dbf-4d04-8941-e4d88467097a,AR013,2024-08-01,
f4d076bb-9334-498b-91ff-a2f0d24888c5,AR001,2025-07-29,
4c9ee62a-c583-4cd5-ad6f-0b0375b7d5d6,AR004,2026-01-21,
95a52056-31fd-409f-9899-49e30967652a,AR001,2024-11-22,
bcd4d9b7-908c-491a-a01e-72f900df7e54,AR010,2026-05-05,
d77727fd-931b-4bf5-8789-18abce099bd7,AR003,2025-09-05,
b50b0832-a3b5-4047-afcf-d30f71597bbb,AR013,2024-10-13,
43d631f2-aefe-40cb-b16a-7acef6dca9e7,AR021,2024-10-22,
8e418bac-2904-4d63-acbf-2cc66d0c8711,AR022,2026-01-12,
437c5f11-94ea-4c79-afe2-d94bc8bf4cd0,AR004,2026-04-01,
d34b49b1-72da-42cc-a9b5-ecafaa9fee29,AR010,2026-07-27,
08b09d72-f94e-4eb7-933f-46685aeb4632,AR011,2026-06-07,
2ae09526-95be-47c9-9f52-dfa691b85aab,AR007,2024-09-05,
e64324e2-bf44-4f0b-bfbc-c2aa3d6a71c1,AR015,2024-10-11,
f2ebf4dc-7aa9-4250-a1ff-5d0cfcaae2a6,AR003,2025-06-09,
6846422c-ef4e-42c2-ae74-4fcc329f7192,AR030,2025-04-15,
26b8efc1-7480-46eb-a7cd-47e0f2c7c663,AR002,2025-11-12,
5a54ecd7-cde7-4712-a401-4d01ce12d2f4,AR023,2026-03-09,
8cebea75-8660-423b-81d6-5b80ce1df269,AR012,2026-08-14,
32f2f4d7-8b0d-4843-9c4b-28f49bc0355e,AR004,2025-01-16,
fb646980-4203-4f9d-883c-202ca7390a78,AR019,2026-07-24,
978c6e4c-4005-4031-a5fa-c5c04c8552e7,AR002,2026-05-24,
0f712b8a-88b5-483b-b704-2a76cc7a5c48,AR020,2024-10-03,
5fc9b88a-f8eb-4218-823e-e4cfd4edc72e,AR012,2025-04-03,
dcf94014-e91e-4d34-8b34-4b80e701d4b2,AR002,2025-06-23,
466e6bfd-9526-4653-bf3d-c10d0b6c058f,AR002,2026-02-14,
4b207f55-a99a-49b0-91de-d9863fdc10f3,AR019,2026-04-15,
f0d869d8-fc5f-4045-a86a-4db789b73e77,AR004,2025-07-14,
ee4d0c08-ea18-4b21-890a-abb0da4fe02d,AR026,2025-10-16,
3f0fda49-85f7-4f30-b7f1-4ecf5fbae3c7,AR020,2025-05-16,
8e926dda-f627-4d95-913d-075a76aaed62,AR017,2026-04-02,
4a310800-56eb-46de-b165-85af640d99e5,AR004,2026-02-03,
dd2cc737-0867-4f78-9c1b-b53c4280d410,AR017,2026-05-17,
6a1d7479-9c67-4730-a829-8096de231160,AR028,2025-08-19,
3eb280f7-24e9-477d-85a3-9d8b0a3a8fc0,AR002,2025-12-26,
a838fae2-1c4f-4c9d-85cc-49c865c7ef9f,AR005,2026-02-10,
b8584ad6-113e-4725-b075-3a5268232075,AR004,2025-05-02,
44bab40f-0473-4c39-b4df-960008b7774e,AR006,2025-06-17,
f70bc710-8dba-44fe-984a-1b352cbdf1f4,AR019,2026-02-22,
5104ef24-916a-445b-9253-50d623bfeed5,AR007,2024-12-23,
416b397c-493b-4bd5-b89e-f59fa9f19aaa,AR011,2025-10-29,
b7c04079-7af0-4c07-8668-d6cf51decc34,AR005,2025-10-31,
5795bbbb-8757-454b-b280-51e8f6d954b5,AR002,2025-07-04,
ccb3b53b-7214-4705-80df-cc8a28ab08cc,AR004,2026-04-25,
7c1266f9-5064-4c22-bfd7-e9949ac69b5b,AR024,2025-08-23,
01711bb3-a319-43ae-ab0d-1d860e958b5d,AR013,2025-04-04,
226027e5-cda5-4ce4-b5c2-ca6bfdade174,AR005,2026-05-04,
3ff15d20-c6a8-4f8e-b56b-c660d46d1133,AR021,2025-04-19,
783f62fd-fb7a-4cf4-86f0-b2373701611f,AR001,2026-07-21,
305d7c81-609b-4ae2-9127-c6375abfcf3d,AR004,2025-03-16,
4c9a980f-0009-403f-9076-576a36c55e25,AR003,2026-07-24,
b0ba7002-75b0-4ec0-b764-452c05b2a5f9,AR030,2026-03-24,
d80d67a7-b1e5-47a6-a0b0-65e7f275828a,AR017,2025-10-23,
94d77b8e-e7b1-4bcc-a531-9d353994ffdd,AR013,2025-03-07,
5bd8ddde-7211-43a3-9a75-9e0c104b8561,AR001,2024-12-06,
10affc42-c889-4ea8-88ee-ce22b3f662f3,AR003,2025-07-12,
beb3d58e-8d0b-4e79-b7ca-ea08baed5ec2,AR014,2026-05-01,
ba0dae2e-6526-470c-adab-5badb04d8a44,AR005,2025-09-20,
05634bc8-2625-40c1-8e0c-362effed3908,AR027,2024-10-08,
baf6532a-d09c-49d4-83dd-c725dc05a97a,AR020,2026-06-06,
2000eef8-b33a-465c-8d95-8fadb795a565,AR006,2024-12-09,
626bc414-749b-4d36-b6bd-f96e98756551,AR019,2025-09-22,
15ae0f32-3a00-4e8c-9057-d30206cfe17e,AR029,2026-08-20,
b4778757-5b42-4621-a4ce-37ac8a8bdaa0,AR006,2024-12-27,
ca70048a-0669-4f35-ba7c-78ac41e64b3b,AR014,2026-07-31,
55f5ce6d-7d6f-4d4e-9863-e054345b5ed5,AR027,2025-10-06,
d54e2ab6-3cba-43a7-9a2c-4a1c53941c5a,AR004,2026-03-07,
f946a21e-a43c-46cb-8d9e-b2d24a350cad,AR025,2025-04-02,
c5fc54df-1db3-4e06-8d62-4b25f82ab882,AR002,2026-07-06,
f81bef7b-4b0d-460c-b062-cb53f6ba4056,AR015,2026-06-05,
48744e12-a08e-4ec9-91bf-28efc49bb7b7,AR021,2025-05-18,
c7e52452-770c-4159-91c7-4091a4bf6d26,AR013,2024-04-11,
14fce421-6f88-4cf5-926d-282262725863,AR008,2026-07-20,
84577ca2-7978-4465-b58a-05ddb8724fc4,AR013,2025-07-19,
d5ca0cc8-dca0-4268-a023-dac7fa53abc3,AR002,2024-09-24,
97a0024f-3625-4348-a84a-79c888d65453,AR003,2025-12-14,
6cc5c19b-f23e-45f3-ad1c-17b06f45073a,AR004,2025-06-21,
61639e26-13fd-4d14-a1f1-09dcdd4c5408,AR012,2024-08-24,
b570100c-94ea-405f-9e73-c8740e62f2ba,AR006,2024-11-28,
a7bb75ba-18e9-4330-ae7f-07808755b390,AR004,2025-12-11,
0c31ea56-fffc-4413-8a4a-ae7e30beea1c,AR025,2024-11-08,
8cdb270e-c420-4ed6-8812-c2c50701bc6d,AR005,2025-01-13,
2a22ba31-a216-43d4-a73b-944dc66da3f8,AR006,2025-06-09,
5500913b-6c48-4a55-b192-67827582e94e,AR006,2025-08-05,
2f418013-700e-4656-bb5a-b2f881f6df68,AR003,2024-06-09,
48bdf65a-0b9a-467c-a786-e4c01f18cb2e,AR018,2024-07-24,
1ffe23cd-75ef-4293-9bc9-ee953b2b4923,AR006,2024-04-14,
f7313a93-496e-4583-b343-834fe695fb55,AR001,2025-01-13,
04084e53-fa2a-4e97-8977-7a3e4a23b822,AR029,2025-10-15,
039c1528-c102-4457-9e19-5b63b6cd860f,AR022,2026-05-20,
65727132-2615-48b9-9fc0-1b3ac2dd476c,AR018,2026-05-06,
b8411221-9037-4f08-bc5b-5bd8d649d24b,AR025,2024-05-18,
591d3840-b7bd-4c62-8b01-c3535cf58b43,AR026,2025-10-11,
7a964998-3927-443c-bead-19e0829be218,AR005,2026-05-19,
6a4c3d32-614e-4835-ba6d-08eb1d24f445,AR013,2026-02-10,
a78194f8-00b9-483b-9eaa-9d7fdc4ebbcc,AR013,2026-08-05,
ba6172dc-a209-48c6-9c68-c088b980750f,AR004,2025-05-19,
b64a4699-e274-4346-9ebc-62d50f4045b2,AR003,2025-03-27,
001c40ed-24f3-498d-ad33-bb2918fa869b,AR002,2025-09-28,
f30d0705-50c3-4e18-9a99-b21bb46e69cf,AR015,2024-11-14,
5094e18d-bfe9-44f8-ad93-ffc533aad9af,AR021,2025-07-02,
76cc09e2-d225-4bc7-8e85-fce1cc282b3a,AR020,2024-05-10,
d671c2a6-79a9-42f0-bb8c-66a42bd99878,AR005,2024-10-29,
d1c175e6-da1c-4412-9ef5-938dd2eb9def,AR003,2026-06-19,
d2791d4d-b97f-43a5-894f-e16554d65dad,AR006,2025-12-28,
42c09c7f-dfa8-42bc-998b-6bd59585bfc7,AR010,2024-11-05,
3f143dc9-1305-4f15-9fe4-0b012f5277c3,AR027,2025-05-13,
a7c7adc1-7d9f-4d08-9d00-aecdf834f326,AR025,2024-11-06,
7356062d-3eef-4826-bded-49950aec885d,AR027,2025-11-05,
82e10033-e2b1-4416-96b8-c19983bb110c,AR024,2026-07-21,
1998aba2-6fa9-4e18-8699-4947396badc2,AR029,2024-10-10,
9f782a60-88ab-4d59-8baa-fb00f72360ae,AR006,2024-10-10,
9195b6e8-7e24-40ff-9df4-10e04ff6a00a,AR001,2025-02-13,
558266e6-3980-41b9-b3f0-a29159ad4107,AR002,2025-09-06,
213b3c06-d138-4630-b3f4-e53a39cb7be5,AR006,2026-08-16,
62948d04-bb80-4b6e-9de3-d1cfa1f8bfa2,AR004,2024-11-28,
9b952ea8-6315-4be7-a528-87927f371325,AR003,2025-01-26,
5fefa68a-b8ab-4721-a514-0782207a3759,AR028,2025-01-20,
765b48e7-19cf-416d-b3ca-c5b83c4d816b,AR003,2026-03-28,
d4e062d5-37a4-4130-b710-894b8f9672ed,AR029,2024-11-25,
0b74f596-349c-472f-8bfd-02d7210a95db,AR020,2024-12-01,
c2ee3b37-b1f1-4e4b-85c7-ff6f287661be,AR014,2024-08-07,
15ab5f25-9a8a-494e-91dd-c07d1b8858f9,AR016,2025-04-17,
562c0b13-a4d4-4d83-8d64-435e7d37a788,AR005,2024-11-25,
7f134bdc-b4d8-4b46-a720-c29b3b373d23,AR015,2025-09-08,
bcc0ebc9-7928-4578-b573-5e72a0931c60,AR003,2024-12-25,
4b063934-9a16-4b95-b105-d74d00d8268e,AR028,2024-12-28,
15d9e44d-23bc-4b4b-ad56-8dd23a456fab,AR004,2024-10-14,
975f661c-6269-4066-88d7-81640da413ce,AR004,2024-08-08,
67286d25-dd8d-416d-bdf1-d78e0af7ed82,AR018,2026-08-21,
d32feeb8-41e3-4042-b9bf-adaf4b4e2120,AR015,2024-10-15,
db3aa887-807a-4554-9622-48df089c6a9a,AR006,2024-10-03,
85a16774-3bb6-4d1b-b95c-b9491f19d9a4,AR014,2025-05-06,
30416ada-646b-4036-8db1-e3c12e517c5e,AR003,2025-05-28,
35741bff-82a4-4934-b1f3-ef1ff69056b9,AR016,2024-12-03,
b1586a8f-c43f-4c51-82c1-45399ca633a7,AR004,2025-07-23,
f5d97c10-9479-4c83-947a-a6674f1cbe11,AR004,2025-08-28,
7b1e558a-a35e-4a6c-959b-214866121505,AR003,2024-09-24,
36878891-589d-43e7-9c5c-bb094f3e099c,AR005,2024-10-06,
c7f51902-d785-4923-8bab-f6680ce3e51b,AR005,2026-02-24,
0e61120e-c2a3-4bc1-9cf0-30aed1189108,AR006,2024-09-01,
cc8fff46-fcb9-4300-88e4-994581a23135,AR003,2025-11-12,
c1abf4f5-064f-4ef9-a38b-4432a07d03a9,AR003,2026-04-26,
7ea79019-45ae-4bf0-a513-bcbda3c0d3e3,AR010,2024-07-20,
cc5be51d-b52d-4aa7-923a-1be06eb377ed,AR002,2026-01-28,
46982083-bd81-4fe8-9311-386f4899ecc7,AR017,2026-02-28,
15e9399b-4bd0-46a2-bcd5-817146a1f945,AR028,2026-01-01,
05b06902-44aa-4098-80af-522f5c536a49,AR006,2025-06-22,
70f31fb0-72ec-4a7d-a766-c14bba482bab,AR026,2026-04-01,
7cc2e313-9b54-4733-bb24-d06323c637f8,AR002,2026-04-07,
447a8792-f8a2-4839-b928-82aeb4a761f4,AR001,2025-09-16,
e2639982-83dc-4861-a1b0-23156a933e7a,AR018,2026-02-15,
4d8f0cae-c5e3-4fe9-8846-90eb0c424f81,AR020,2026-03-09,
d289f378-5c3c-4e35-be89-0203904b94db,AR023,2024-06-21,
8ab44dca-863a-4ec6-b61a-57b983a0b825,AR001,2025-03-23,
6807d5f7-7044-422e-a7ad-7deca38cda9e,AR020,2026-08-11,
1583a5c5-a78b-4a01-9464-f3943a9c8493,AR005,2026-05-27,
02c25613-0c3d-4f7b-9aa3-00848f42e85d,AR004,2024-09-14,
f3cb9d66-0c79-4812-ac34-63594645c5de,AR003,2026-01-01,
403ee065-8128-45b5-9340-ffae123809c1,AR030,2026-04-13,
9094d99c-81a2-4785-b654-6acf29434bd0,AR001,2025-01-21,
81b899ec-285f-48e2-9d54-9b244aaac6b7,AR023,2024-08-24,
7f9019db-55e9-401b-bbcb-50d24b1aba3f,AR014,2025-09-11,
bb24164c-c72a-48e2-accb-3d9fec2b2044,AR019,2024-11-15,
8c7b9eea-f625-4e29-826c-7150b0b4b0bd,AR018,2025-08-22,
766affb3-5fe9-441b-9f0d-1bf6a5cd9bde,AR024,2026-05-21,
c01a99bf-d64e-4cb4-85db-806a315854f7,AR003,2024-09-28,
cae65f4c-e598-4c0a-9408-d2d3d74aa991,AR001,2024-06-15,
d280a9d1-2662-4706-a428-8ccb115695a8,AR012,2024-04-19,
9b422a5e-644b-4cd0-8096-d51322fc6649,AR005,2026-05-28,
39590f44-a45e-4fe5-b523-3a09ca1f3580,AR002,2025-04-19,
5ddaa70a-8fd8-41da-b517-8a4d4fea7d6c,AR003,2025-02-27,
175ede9a-970b-4732-95df-26e82bd7501c,AR005,2026-06-16,
6891d96d-55f2-4f77-a8e1-13887a71010b,AR001,2024-05-18,
72d27402-b5eb-4f62-85ab-f414c95050a0,AR001,2026-05-26,
afcc02f8-63d4-4c44-ae99-079805941448,AR027,2026-01-02,
9c5f1172-9660-4975-a672-ae61d712da22,AR005,2024-05-03,
f58e2c21-7215-4a9a-b9b0-8a52cd49b569,AR030,2025-04-27,
c5d76a84-5400-40c8-8c63-2e7e2620eec1,AR029,2025-01-10,
481b03de-bde5-4346-8900-34fbec8bb450,AR002,2025-06-20,
39d19f3e-687a-4d08-a3ef-6437b29708ee,AR018,2024-11-07,
53cc10e7-953b-4b5d-8f1c-1f6be23a03b3,AR013,2026-06-14,
50c79346-9d16-409d-a534-9ff6d030bbe1,AR017,2025-01-13,
c1d28890-65e9-437a-91eb-06a5bb978c84,AR002,2026-06-27,
0dd87940-d939-49a3-9710-ccc93edce069,AR003,2026-03-20,
c7cd427d-6651-4c14-a784-96c47074f18d,AR001,2025-06-09,
661fc082-87cd-4dbc-b1bd-dde74acf9584,AR013,2025-07-29,
570792b3-9ffa-4cba-9bd9-0581cddb9c5c,AR030,2026-04-13,
b38ebbb1-9962-4b08-a468-61880a3b78ae,AR016,2024-09-28,
06e8b631-ea5c-4954-a171-3eb6dbb214b5,AR017,2025-12-04,
8921510d-7ffe-4fb0-9c0d-f2a53b980d60,AR030,2024-07-31,
bd9aa709-f14d-4e90-9a37-6f16feeb1361,AR016,2026-08-10,
5f57ec12-1bcf-4243-89a5-56ef12164f21,AR001,2026-01-29,
c4b02ce0-6e9c-4822-9309-ed3faf67da47,AR025,2025-12-08,
4c8d37dc-2704-4f39-b3a8-2f19482222d0,AR005,2025-03-23,
0d92372d-9c59-4843-9305-532f600d61ef,AR001,2025-09-09,
cb4e3643-2697-42ec-8775-e4c3d8c036c3,AR008,2026-04-09,
aec45fc9-03a8-47d7-b8bc-1cad8227ad14,AR028,2025-04-14,
edfe7a92-4a67-4bd3-8a99-17123c46a1a8,AR004,2024-05-12,
fb8b7fbb-16dc-442d-8e41-4595277a1c6f,AR008,2026-04-29,
dd36ee5d-3681-4087-a93a-197db59fde43,AR003,2026-01-16,
b385e809-30df-43be-bc5b-8a245c9a0138,AR001,2025-07-03,
d12d5897-ae47-429e-a727-7a6beab5f532,AR002,2024-11-29,
816f5fd1-751c-48eb-b1c6-96dba34ad230,AR018,2026-04-27,
5c6a8f05-c4b7-4659-9f69-c0be0a74152c,AR024,2026-02-03,
c13123ee-d29d-4487-9f36-6cc6667d765d,AR002,2026-01-31,
df71e9c7-2c86-49b8-abbc-56520693c093,AR004,2025-03-06,
98cfc439-7745-4f9d-9237-cbd55bda9dc1,AR003,2026-06-13,
c5075101-3725-4e89-bfc3-011f0227a5d2,AR001,2025-01-27,
cdd7a77f-8d3b-41d5-a44a-d2e3fa9f4f95,AR010,2025-08-18,
11a46dbc-b65f-4e49-9bd8-94b75ecd7bd6,AR017,2025-11-11,
806b634f-1c8f-40d6-bf9f-0c9295b62e43,AR015,2024-08-03,
72255447-8e2e-431f-a51d-b1932f38a1fa,AR005,2024-09-10,
744a9df8-ee0b-44a6-99e5-3ca7dfbb56d3,AR010,2024-09-24,
3fa1dcb7-9b0e-401b-be92-a255b983891b,AR002,2024-07-14,
3e7c7d49-1c33-49b9-a200-31dea92b5b66,AR002,2026-02-01,
82fd7f9e-f711-4ae6-a19b-371140b4f088,AR027,2024-08-10,
df22457e-96f0-4dc2-81f6-98d9fce9b541,AR020,2026-03-23,
f8006aad-fd7d-47ff-a307-ae6e6ae1fa50,AR027,2025-11-09,
148ef2d8-4659-4f98-818e-2ab7094bb269,AR027,2025-04-27,
777b156f-337c-4b3f-b28b-c6da7f0cfb4e,AR015,2024-11-14,
2e55a82c-6625-4a2c-b00b-d7059f75aa63,AR027,2025-04-08,
593d4040-e8da-4c9d-a7ea-1a2066c249db,AR006,2025-04-24,
76f098fb-ecab-44f0-b059-93162744da15,AR001,2025-09-30,
8b94f97d-d849-44cf-990d-98bcd46aad83,AR001,2025-03-26,
c15f254d-9437-40d8-b84c-dba2d29b40ef,AR002,2025-07-06,
004490c1-4e7b-4ac4-b225-01c32039feb5,AR002,2025-07-04,
cee1b008-357a-4c54-9e81-296828216f18,AR005,2025-04-01,
6d8868e3-07f5-4c76-b069-e8122348bd81,AR017,2025-03-19,
226826a5-dd2c-4d43-9071-068340c5afdd,AR021,2025-11-09,
597b848f-c02f-4e6d-866e-349a2d446036,AR012,2026-04-27,
ee4977ba-2fd6-4d4d-a406-6ded99c7fd95,AR002,2025-12-06,
286ce801-b899-487c-be58-9f47e70858ad,AR019,2025-09-02,
010179d1-2df1-4c68-a626-5b07cb2af84d,AR005,2026-04-05,
7709632f-8f6e-49de-a0d6-50d0a4e38133,AR001,2026-03-22,
8cb53752-b397-4d2a-8e6e-092056641861,AR004,2024-05-18,
3d068e36-8ce1-411a-aa32-3a1e5e3645ad,AR005,2025-12-23,
4b404689-1f4d-4782-98f0-b32178417ee0,AR004,2024-11-19,
f40d1e14-a2d3-440c-b167-c4e07257dec7,AR022,2026-05-04,
e48dc0cb-2cc8-4b6a-8e8d-fa6cff3b33a8,AR020,2024-04-30,
27a01e97-8451-44e0-8a2c-91675adaaef5,AR017,2026-02-20,
fd692247-7853-4a0f-9077-c3543f713f7e,AR002,2025-09-15,
3d37772f-7031-4e46-93a0-6eba75dbabf3,AR022,2024-10-12,
fd51ab36-1e26-4cd6-9f1f-19ca4cc208a2,AR016,2026-03-01,
ced4cf7c-1722-478b-ad23-6c0c413b3131,AR003,2025-05-02,
593778f3-2599-4f44-863e-2c55683b8dfd,AR015,2024-10-09,
ae29aff1-bcc6-4ce7-b634-57db9bc4269b,AR007,2026-08-03,
9b8722dd-9147-4de3-b7a3-c485ff530341,AR006,2026-08-01,
2793a7e5-b1be-4ccb-86e3-e1bb908f2a10,AR002,2024-10-06,
e6f81f25-5222-473b-b06b-ef7f96734808,AR009,2026-01-07,
06780976-908d-4a89-ae0e-fb4d788ed0a9,AR002,2024-06-23,
2d53d4fb-b308-4e56-8c03-01d6f3df1be2,AR003,2024-06-08,
69c0c5a5-4663-49f9-9827-0d1a2bf05c7b,AR002,2024-07-19,
af0c492c-b6b2-473c-8b37-9149bb7ad730,AR028,2024-04-08,
9e7d3138-7485-4d05-aedd-0d28ae04039f,AR004,2024-09-06,
ffcf3036-f081-4d07-8344-8e9d0ff7fdba,AR005,2025-09-24,
c9a8f52f-0b4f-4105-bcd7-7e64b64e302a,AR005,2024-04-12,
243d040a-0c2f-44cf-96aa-3fe00e2455a2,AR026,2025-10-27,
779e25a2-5dde-4ea2-a295-a469589ab7e3,AR011,2025-03-31,
22228943-7e61-4dfb-b270-f13f4b2cc056,AR027,2026-08-19,
0f7133a8-98d5-4550-8535-d793d89beda6,AR004,2024-05-08,
6c2532e8-c8c9-4ee2-8d2b-70d1be05cee0,AR002,2025-03-27,
f90b2938-3668-4689-9cfc-a60fd0cdbd5e,AR011,2024-05-20,
94d1c8e2-cd69-42a7-aea9-177e674d2e31,AR005,2025-10-21,
15f79532-7a1f-4e16-8b31-b853651cdcc2,AR022,2025-11-24,
07e75ed2-8bf9-4f77-bdeb-3a8b042b9797,AR025,2025-05-26,
c2b92681-69ed-4a66-826e-eb41c00fc17c,AR007,2024-08-02,
01f1fab4-43c4-4e28-91f5-3e4e389e84e8,AR029,2025-05-03,
aa53802c-9b9f-4547-b3e6-64d44dba3c54,AR010,2024-10-03,
64fef16f-1116-4818-b0de-0d221efe7f80,AR004,2026-02-18,
c5da0e81-7d3c-4082-88b8-38d179475608,AR008,2024-10-18,
24aca95b-926c-4532-b4f1-7091a1c9b16b,AR001,2024-11-24,
6055aa52-f1c9-49c1-bd5b-23c99c9f773b,AR022,2024-07-05,
14336a53-2420-4ed6-80cb-bcbab5573b8a,AR002,2026-07-04,
1ae6ac12-b7c6-4274-bb6b-bffc20b812e6,AR004,2025-09-23,
2624db92-14e5-4229-a923-133d1281b58c,AR011,2026-06-07,
731a4a78-da29-4fb6-aae9-66502e9516be,AR001,2025-09-09,
0343647c-98df-4e57-ac57-d7965b3da2ce,AR002,2024-11-01,
d7bd4611-f7bc-406a-9ce4-8154db28572f,AR017,2025-02-13,
b15faa92-d4db-4bb9-959a-4e7be8743031,AR001,2024-11-06,
518d8019-18ba-4497-b72e-8e0f51b2de20,AR007,2024-11-20,
31018edb-b30f-4a54-9b63-d14d56266664,AR005,2024-04-12,
017a9d98-0fce-4a40-b9fd-92ff9b888a29,AR003,2024-07-19,
bd904989-42ac-4a3b-b2d9-c1ad369411cd,AR003,2025-03-31,
334e895f-0fd6-41b4-bf06-07e99dd262fa,AR020,2024-07-23,
3969c0e6-49e4-437a-b065-9bb699cd1544,AR028,2026-07-13,
a1738257-49e7-4d9d-8e69-b2173861c023,AR002,2024-12-04,
36ff1c61-3993-4cc8-ba2e-8cc83cb047a1,AR029,2025-05-26,
57f9b9ee-0ce5-4192-804a-e6119e46d859,AR012,2024-05-13,
6cf76777-4d95-4c1b-b278-c0f9d4aa787c,AR014,2025-06-11,
2bb3554c-585a-4054-8594-42df5da23adc,AR017,2026-03-21,
f18550dd-2206-40ff-8a3d-9d8120ce1c95,AR017,2024-12-02,
7626ce9e-77ab-4352-8796-980dfa9709ae,AR022,2024-05-19,
a372e0b8-bf2b-447f-951e-a16e97979a88,AR007,2026-08-09,
d4e7f726-8820-40d9-9531-9542b5c807c7,AR010,2026-06-29,
2d74d9b1-f31a-4028-90e2-a9ed3c45be88,AR005,2025-01-25,
c6e40742-bcc3-4e87-a851-bfd25e4cc6d8,AR002,2025-04-27,
c065549a-aef4-48c8-81a3-20dbf8ae45f6,AR015,2025-05-03,
b7c0710a-db86-401f-be95-297a1de41b9a,AR001,2026-06-06,
65808c1e-d25d-4573-84be-7f0d6fed7730,AR004,2025-04-13,
0744a14c-2b68-4251-85e3-0c34d22d1bc8,AR002,2025-04-16,
b066b217-2c3f-492d-b128-11589b7dfae2,AR003,2024-08-15,
13a20020-2f59-4554-9af1-849fda9140d6,AR014,2025-09-18,
f5a9cab3-91cb-40d7-b389-28642cc24e02,AR014,2025-10-25,
d3f9d4db-51d1-47fc-aa5f-a017652dad23,AR006,2026-06-13,
f1e8bee2-53d7-4d6d-b24b-d43c750b97d5,AR002,2025-04-17,
476d1fdb-dde1-4cb0-9e5f-a47ad6a5f38b,AR006,2025-02-06,
f92fccbb-eddf-4b91-b950-84d2302ba6d2,AR005,2025-12-22,
e97e8c30-387e-42ce-9c3f-6de8522316fe,AR018,2024-11-25,
b7f65a73-6b59-41e1-9131-0d307cf90936,AR012,2024-05-29,
6d06b8a5-b3aa-4105-b926-d773fa55e53e,AR008,2026-03-25,
5229eb2f-7df1-43fe-9c18-8189aa3fd757,AR007,2025-04-12,
0e11c3a6-9247-4b15-8c41-1f0e0c2af392,AR029,2024-12-27,
e1340914-1135-4388-bb1b-c43fbd06eab5,AR020,2026-08-07,
676cff0e-157e-4b57-b1e6-ddc8f6c808c1,AR008,2026-03-21,
aae005ab-0a02-455d-a2ac-e0795036641a,AR007,2025-09-13,
ca51d2f1-ae7d-4bd4-bc87-636a6458a9bb,AR001,2026-04-26,
f48e1e58-6d2c-43c9-abbe-a8475928f4b6,AR028,2025-10-18,
d93cef18-2e2b-4d4c-b7e4-ee5f72a1b8b8,AR005,2026-04-17,
3d5601d3-61f3-46e5-b520-c76a3f4ba33d,AR004,2024-07-04,
6c0520b5-7469-4af4-b526-94e7a10fe2ec,AR030,2025-03-20,
3de532fa-ec1b-4e5c-945d-132697e8ea47,AR018,2025-11-10,
bd58ebe6-2683-4e9e-96d6-4d12db1fe87d,AR001,2024-10-15,
16fcb26d-3393-4baa-9bee-29505d4b2869,AR001,2026-08-07,
0a4dd91c-8215-49a0-94d8-ab8fced76429,AR001,2025-03-22,
fc9f1d79-bf07-44db-81e2-bdb48f9e527d,AR012,2025-01-06,
305a7631-adc8-4b0b-8237-f590a7f0a525,AR001,2024-09-18,
4b0051a6-550c-47c9-be1e-0e025211a543,AR028,2026-02-11,
12d5debe-f3f8-467f-95c5-d1481e247a91,AR028,2025-03-27,
73d330a8-3bcb-4a05-9919-7f0fe58d45ef,AR010,2024-10-25,
bc1aee64-0ae5-4a98-9b69-d5f6943a4b78,AR013,2024-09-29,
b13b5790-ba4b-4be5-8a4a-fbe281a42ba4,AR004,2026-03-24,
1cf6affe-4635-42a5-8611-e4dc8cb37cce,AR001,2024-04-26,
8543f08c-8fd8-4ac0-b452-c3e37a76f7f3,AR019,2025-12-28,
29b2e41c-4d22-4e40-ab0c-1c6d46a96b0e,AR002,2025-09-17,
8d849976-ef6c-4d10-8653-8f3ece4a3cd0,AR002,2026-03-09,
329e9701-05ad-413c-9474-3473aa465bbd,AR005,2026-04-15,
32bc1794-b275-46f0-8911-4fd1a44ebe7c,AR001,2026-01-13,
75191458-2555-49ca-8f8c-8698a4c923b0,AR006,2026-04-28,
f758843c-cad4-42e1-9e53-2f5b4b1abb28,AR017,2024-11-24,
43249cd1-6050-4569-8fc8-f0636a8346c5,AR022,2025-03-22,
064da616-92b6-4734-9478-c79dd5e5efd0,AR013,2025-09-18,
19561a7b-831f-4827-a329-c526b6775852,AR024,2025-05-05,
6c202dee-968d-4418-b302-d59e70daf535,AR006,2025-03-16,
c8cd98f2-58dd-4d93-91ef-2250c1edaef7,AR024,2026-03-16,
8301941f-2983-4936-bee5-7dfc3bd3299b,AR008,2025-12-08,
fd0e7c0d-2403-41d3-add2-0ca057c010c1,AR003,2024-07-17,
1f4de924-cf66-4c69-9601-6ea3121c11b9,AR028,2026-08-13,
538970b1-c02d-4c56-a70b-0a05268e929a,AR004,2024-05-13,
100c6735-220e-4351-845d-b301a8631647,AR001,2024-05-07,
a28bcbb5-7275-4a15-b448-03eef4b63e91,AR004,2026-01-15,
df3e8918-2c12-4412-a5f3-916a4fdfef72,AR005,2025-11-17,
f5c6c72b-6882-49c4-8358-20f71644fb4c,AR005,2026-02-25,
553f5239-efbf-45d7-ba05-ef4cb3db14e3,AR009,2025-04-23,
db9a30a5-2c21-42da-ac51-07720c7dd726,AR025,2026-02-18,
52526a47-6ad1-4f6d-88d0-4b4f6d6ce016,AR004,2024-10-05,
0aa1b66e-f777-4435-afe2-3f6bbb09c88f,AR009,2025-09-20,
94d6712d-8635-451e-b2f7-16baec2ef464,AR005,2024-05-04,
cd541bcb-38b4-4e57-b445-bbf0886e4ff6,AR022,2024-08-11,
60d2a8fc-8871-452e-9286-7464edcf01f8,AR003,2025-09-08,
5530a9b3-bb0a-4aac-b541-c232728d4274,AR002,2025-03-23,
016294ab-7e12-4e21-8079-b695c6a3216f,AR008,2026-08-02,
f4e84d8f-9331-4bd5-b92f-cde6d9f46721,AR016,2026-06-26,
593703fb-fcef-43ac-8d4d-e29cc9d5ba99,AR021,2025-06-09,
6731e086-ca89-447e-9cbf-396006b602f7,AR012,2025-07-08,
af2503ed-93d2-4c4b-9f3c-05f9bf8dc515,AR020,2025-09-11,
5ca30d0d-262a-4986-a203-d69d76a7b2a2,AR006,2026-06-06,
040a8352-3882-4ea4-92f5-e020e8967841,AR001,2024-08-23,
e3e75f62-17f8-48bb-9bd4-a0c5a12c4c5c,AR002,2025-09-04,
55bd20bf-eb99-4155-bc67-bf4462819f71,AR001,2025-07-11,
bccd2c45-2a5c-45e1-a35d-08fb9e2583c1,AR005,2025-09-06,
3f33e907-148e-4461-978d-e9b98b03f3e0,AR008,2025-06-17,
0f2964fd-7066-4c0a-8def-33b3d977e9c1,AR005,2025-02-05,
e45c9ca5-e4ef-4437-bac7-78c381b43432,AR011,2024-10-28,
768daa06-01c0-4c09-9d1e-9e68c1c8f5da,AR007,2025-05-02,
fc5848b1-f1d0-4207-b08d-32949631012e,AR016,2026-04-01,
45c05575-d815-4d5a-ab2b-f68d018a8bd4,AR016,2024-07-23,
511e8be8-cfce-4d75-9914-37317404b860,AR005,2025-12-19,
84c60d0a-6bcd-465f-bf85-88ed1f92c405,AR005,2026-08-09,
0d4a6ecf-34b3-4718-be33-758de7b104a1,AR012,2026-07-21,
8c586eba-6eed-4a83-9524-dc920af33306,AR012,2024-10-19,
bc9ae53d-098d-4993-b39d-f453b7cf1ccd,AR005,2025-09-21,
abcc3093-1c5f-42a2-8d58-f6dfb1f7e885,AR005,2026-08-04,
097657f0-8465-4b57-bb27-789b1f1e8ebf,AR017,2024-09-17,
b4def9e8-4319-4350-85bb-eab86dc0570e,AR015,2025-12-02,
8a7ff4b3-a6d1-4711-af33-26818036a89f,AR002,2024-04-25,
c3b5e7d9-5484-4a47-98a0-c724416fce90,AR006,2024-07-19,
73269c43-6f3e-4387-a18b-9b23f93e5bd7,AR026,2026-07-13,
0b40d3af-bd4d-4d97-b4fe-30989abb463d,AR001,2024-12-31,
b7b1a9b6-bf3f-4513-9064-c4c63ce73869,AR024,2025-03-17,
17655416-a347-4206-8287-ee0319ec4159,AR003,2026-03-27,
989f2f89-e9f1-49ab-9fda-9a921a1439fb,AR008,2025-10-29,
3273397f-d084-4679-896c-e8432d35e359,AR006,2025-06-23,
f3163e52-4c38-4f02-a8dc-f47b616cad67,AR001,2026-04-18,
bdabfa68-3c6a-4581-94d4-36c060c34710,AR027,2024-12-03,
8661fb64-59a6-4e87-ac92-7b7825b7d0e7,AR006,2025-12-25,
ae9919b5-141d-433d-8c2a-11911c893129,AR028,2024-05-30,
81d57d9b-12f5-49ac-a03e-bf7acb6c58bc,AR004,2024-09-25,
8fb9de06-ef87-420f-b7a6-db3da5ea5a6f,AR024,2025-02-18,
d86d4bcc-61a0-4b8e-9c21-1010ae0a7829,AR027,2026-05-11,
ab83b209-2353-4a28-9462-d673fccd1c2e,AR011,2026-08-02,
895bf4dc-f3a8-4c47-ba10-acc72ee21657,AR003,2026-04-19,
76d73c2f-4f65-4a19-a4ef-3d8c9e1c4782,AR016,2025-06-15,
aa3d511d-3538-4977-b553-5ef84e3ccae8,AR010,2024-10-13,
11c795db-6d43-406e-8c19-ec5f060b6b5b,AR028,2026-04-12,
2ab0dd0b-7055-494d-be32-74026a90ec23,AR006,2024-12-16,
29d24928-62f0-426a-9f96-da760fc2ad91,AR004,2026-07-13,
8683d1e4-d00a-4bb0-afdd-c06c13becb70,AR002,2026-01-04,
78aace27-292e-4402-b23a-1245c1b5d827,AR017,2025-03-21,
6b66486f-e585-4152-8a1b-e0d74506fa93,AR029,2024-09-02,
0684da5f-a37b-4e65-bd77-5740d61db134,AR001,2024-10-17,
bdae1436-360a-4a49-87b2-e4554adf4ef3,AR019,2025-05-17,
ae3409cc-15ef-4b55-9a48-9c45c5a0fb3e,AR027,2026-07-23,
0ea5558a-e9b1-41cc-8c7a-19452a645ba2,AR001,2025-12-11,
b4cc72f9-e85e-491c-b96e-fbfedbef0c85,AR002,2024-10-11,
c0bd6c00-11e8-4706-908a-ee2039bc549c,AR017,2026-06-14,
14434812-9a04-4d62-9e01-9cde38d2b6c7,AR015,2024-12-17,
11a395ad-392e-4f0e-a986-fee7a8c0b60c,AR001,2024-12-19,
23748568-404f-4649-9105-0c0b82026090,AR023,2024-11-07,
7b4c13c1-380c-47a7-ac56-facd3e79e529,AR009,2026-02-16,
433204ba-c459-4d04-be42-ea57a1a46120,AR026,2026-01-23,
5f4e1ffd-4dc5-4054-b807-efa03f06506c,AR025,2026-03-04,
8d1bedf2-65f0-4574-956c-cc06d5efb2ba,AR022,2025-09-15,
8eb4b29d-f3aa-4ed9-9713-9490f3ceaf96,AR009,2025-05-25,
2c37c699-d8e1-46cb-b8b0-0eafc5fd08d1,AR004,2026-05-11,
2f101e7e-5c31-433d-8eb0-316e355bb8f6,AR008,2025-04-17,
584c3107-ec26-4484-847b-249bf0f85066,AR002,2026-01-28,
9d41f59d-8c77-4250-944a-bf9e5414eb54,AR015,2025-04-21,
ecae2e3d-e14c-4333-922f-01fd7c3d3547,AR002,2025-12-03,
3646d6bc-f290-4826-a9df-777380e0508d,AR009,2024-05-15,
07c8cff7-ce3b-4f4c-909e-e06c5fa7fb3e,AR001,2025-11-19,
6da4b610-3ee0-4a46-a21f-c6c1259ccafe,AR004,2024-07-26,
76396838-aa93-4aed-a8fe-16324314d5e2,AR003,2026-03-24,
05bbd4b2-dc90-48bf-b8b4-0751f2489259,AR013,2026-06-11,
fb30373c-416c-4148-9ae4-0d9c9242249f,AR021,2026-03-12,
0b5c80e0-04b5-46a3-970d-c39fd070aeb1,AR001,2025-08-24,
58e55b23-d683-4f4f-8825-523790dd3351,AR024,2024-06-30,
2cd3fda7-6f1a-4e73-97e7-68b1dd1bd26b,AR024,2026-03-23,
38fbdb9d-4415-470b-9016-a159571e01eb,AR005,2024-10-11,
b9e66523-ef88-48b5-bbec-04d17bf052a0,AR015,2024-12-25,
24bafa69-272f-4c63-bdbe-a306d871c2d1,AR006,2025-10-28,
6ac68546-16c1-47a5-9581-43fb41119b80,AR002,2025-11-04,
ffc90bbf-7157-45dc-844e-e4a654718c7e,AR009,2024-05-21,
053cf644-ad8a-4e34-b128-f5a75d94bf50,AR002,2024-12-10,
b71549c7-d40c-424a-816d-e97f471c575c,AR025,2026-01-28,
3df1e1ce-6878-40da-8485-25dd9ca62db4,AR027,2024-06-21,
271182af-58d9-452d-953f-da94f59b7e0d,AR022,2025-09-04,
c743e05e-0bcb-4243-8973-59ec8e00e948,AR011,2026-06-15,
dd0eea04-e1f7-4186-9af4-dc5f41a3c136,AR011,2024-09-15,
c6beeab6-27a4-404a-bc7b-edc1e0685498,AR030,2024-07-29,
41268752-7a82-4b64-93b9-f7eca80dbd2d,AR004,2025-08-03,
2c0c8b17-6753-4052-a3b9-71a050320ac7,AR001,2024-12-19,
8d27eb52-5439-4c5c-acea-38905d4799da,AR011,2026-01-31,
a61deac3-6b85-44a6-b499-af502e53d923,AR005,2024-08-14,
4009322c-638a-48a4-a2f7-093f0fd89aac,AR005,2025-10-07,
fb03d188-50be-4cff-b013-90e5f5d7ef92,AR001,2026-01-03,
dd551555-cc89-4748-8a62-6c6d86e7c9e8,AR012,2025-06-14,
17312d70-ab97-4e26-a81f-70cfccfee89d,AR004,2026-01-03,
82f1c2cf-c88d-4d49-8734-d2533f87e943,AR003,2025-03-02,
63213878-d4f7-4e5a-82fb-e665e1020999,AR001,2024-11-11,
9c1ab5a9-4708-42d3-9b18-ca1a6b07f000,AR005,2025-09-05,
3cca0a20-6db0-49bc-9a11-97e7d8886d9f,AR025,2024-10-11,
2174fb43-29df-4eb1-be6b-acb4500cee35,AR005,2025-08-13,
9c0da7ac-4931-4ffc-988a-53a311ba478e,AR016,2024-05-01,
1ac504d5-28d9-422c-91c4-166ed627b341,AR020,2026-01-06,
6284c85b-6404-41bb-9e75-9b699883575f,AR005,2024-12-18,
c3a00f73-8553-41bb-9e57-48884d721ec5,AR022,2025-05-15,
26534011-60a9-4659-b223-7898cbcc3dd6,AR017,2024-05-25,
d19cc0ae-56db-4d32-a2b8-7687fc79d1c8,AR011,2026-02-14,
fd9051b9-fd3b-4cbc-9e75-b56a547f0f09,AR001,2026-03-05,
5db913e9-3153-4e01-83ed-e499900b8601,AR001,2024-07-30,
71ab46c5-225b-463c-b93e-d2660f39db43,AR030,2024-07-01,
6fb59185-6293-47e1-8bf5-417b3fb5bca0,AR021,2024-11-11,
b000bd61-936e-44ba-8809-d9c34d7d3747,AR028,2025-07-06,
6548e3a6-9f85-4ea2-9e06-d788b72971f6,AR026,2025-09-01,
f2c74b58-43be-496e-8aac-1398a88d4c29,AR001,2025-01-21,
8349f56c-e71d-44f0-87fe-40de22e6778b,AR021,2024-11-11,
fb269be0-3dee-4b77-8dc4-1b448c255605,AR006,2025-12-26,
82192f1a-b89b-4e9a-a3df-8a6849dfc615,AR021,2026-08-17,
a6084cd1-878a-4b17-9435-836b97f78679,AR001,2026-06-21,
ad8651c2-14c4-4452-939f-0ab7b4b3e4f0,AR004,2025-10-28,
7f20f1de-5415-4221-bda3-6c092a162d0a,AR019,2025-01-07,
9f596b9c-563f-4221-af72-e14bb28736ea,AR021,2025-08-05,
44712782-175d-44ea-8d55-fb029991c68b,AR013,2025-03-04,
93d9bf90-75be-4761-b670-ac9175488b09,AR004,2025-07-11,
c0afbcfc-ea4c-4319-8f52-512a22a0b024,AR004,2026-01-17,
c3e67bb6-8144-4f55-8ea5-76adce88953a,AR029,2024-11-10,
7cba74dd-6f15-4d26-9bfc-abf1f40ab17a,AR006,2024-12-02,
471f90fe-587b-4da6-818c-ff48d4ace616,AR006,2024-05-08,
43bf37ee-43f7-49f5-90cd-4f5661a5fd17,AR010,2024-09-04,
5d9d017a-c339-43a4-8960-2f4a12581cee,AR006,2025-09-27,
e360b262-6bc4-49ca-8335-d99838f3065b,AR010,2024-12-18,
59c62d64-e734-474c-ac6a-351d9856b7b1,AR006,2025-10-22,
0ccc2362-3a34-432d-99f5-930af53e7f2b,AR023,2024-07-25,
e06080d7-b3cd-4c1e-951a-665c3c36eb5b,AR026,2025-03-10,
fb32238e-e44e-4b5a-b35d-e3cd6ee26484,AR027,2024-08-27,
6d548326-ca0c-4cba-a048-5218c1ae1203,AR011,2025-12-22,
b0a9b7a0-2da7-4de1-99cd-497681e8e72d,AR006,2026-08-11,
b1a1229a-967f-439b-8058-773cd43a730e,AR017,2026-04-23,
842a1fd5-5d5a-4d24-9d39-e3e22836371a,AR023,2025-05-18,
59ef2af5-9a79-4bb6-bb95-7ee3b220714e,AR011,2024-05-09,
b9ab864e-3621-4185-a958-3d0cac28c6a3,AR017,2025-02-24,
bc0d46da-4370-4e18-a41e-fd7895e9e2e1,AR019,2024-09-18,
e62f4cbd-acd3-4919-a21c-ca43c736415a,AR016,2025-07-11,
cb75c6d0-cdc4-4985-823e-e7ff19b2bd75,AR019,2024-05-12,
21de0848-be7e-49dd-ac13-0b8613476790,AR003,2024-05-27,
73107ff7-018f-4dfa-8a87-bca1d0ed72e4,AR008,2026-02-15,
23c5cb7a-5d4c-4637-a7a0-0c7730f6e75c,AR012,2024-08-03,
6a182297-69fb-4dcd-ad31-f9deb88c30f9,AR001,2026-08-08,
a7cb6015-6191-48db-a923-46ca447fd551,AR024,2025-03-26,
f9d83e35-dec7-4cf8-ba7e-6c5f0e0c135d,AR013,2025-08-08,
4bd0a9d5-c426-4d6d-8235-195d29f8eb34,AR002,2025-12-04,
85eeaec7-4d8e-402a-97b2-5c150cebb3f3,AR022,2024-06-02,
6950650f-f1d8-4075-b8b1-782456f17536,AR018,2025-01-24,
a7c9679f-d4a7-4602-98a2-68400a199ca7,AR020,2026-04-25,
7d8e6c11-c95a-4ac1-ab31-69a5cc948b8c,AR006,2026-04-24,
f8adcc79-0f32-46a4-9bcd-48ae2262c949,AR024,2026-05-14,
92e78b8d-2ef1-464f-b478-91e1a0ae8e13,AR006,2025-12-02,
b3847be2-5f7d-4aba-9f13-fc0d9c4284cc,AR011,2026-06-25,
4efaa424-a51b-4d4c-b40a-81bfe231d89c,AR001,2026-01-06,
473f6204-ca6b-4fc8-90d1-629c6c71ab9b,AR015,2024-10-27,
6567b939-1e71-48c1-8a0a-b02ad335a916,AR018,2024-07-24,
ab2fe562-bc84-4a2a-9e97-468669e77c02,AR011,2024-10-09,
fe34d6bd-5866-4a48-974f-a2c8ec57d997,AR008,2025-06-18,
b20555fc-2dd0-49ff-adfa-f2ac7e6216d9,AR022,2024-12-27,
00cf2528-3b24-47e6-b9ce-c4773df8d36c,AR016,2024-05-24,
0bbba262-3c49-4347-9a3b-cc0c642f3314,AR004,2026-07-08,
66a28318-2293-4694-b27f-c0060af88749,AR029,2024-06-28,
e716babe-56d6-4b83-bb9c-d7f32b9055a2,AR017,2024-12-02,
0aed82d3-8d26-49d9-9e72-f09c643255bd,AR030,2025-09-21,
4c1c3f37-de36-4dca-9f05-c7b90cdfacf7,AR029,2025-07-29,
b322f683-6c04-476d-86e4-d035bd9d7642,AR027,2025-08-07,
4581e45a-9ae2-4ba6-883c-435721deb2fe,AR019,2026-04-08,
531fec0b-5a2b-4c64-bf53-6e4f697cf916,AR013,2026-02-04,
8dad5c16-c446-48b7-866d-61c162507536,AR003,2025-12-10,
f001d42c-fa0b-4a25-abe9-17da96b18f6f,AR010,2026-08-18,
0ac9b76e-3322-473b-8d90-42d221b7cbe2,AR020,2025-06-14,
32cb05ec-5dd7-4d81-8edd-a53b37f8e3de,AR009,2025-07-05,
2df5a13b-f63f-4166-ac83-73d166987032,AR025,2025-11-10,
76c35b81-2aef-480a-9a81-9ea7d1c4a1ea,AR002,2026-03-23,
0dc105f3-5f12-4cab-a0bf-d0b5f1afb684,AR005,2024-05-02,
f24b7488-00c9-445a-b304-532aaa5ebc64,AR008,2025-01-10,
8f6a53dd-5b86-4d45-ab4b-6bbb7fb2ff01,AR006,2025-07-06,
ee339d7d-f0fb-437d-afbd-db990e08fc41,AR002,2024-12-03,
abfb2487-d3d1-4672-b3f4-0a880b14408b,AR002,2025-10-04,
6b4205f6-73af-4119-b01a-cd181ae589a4,AR023,2026-02-17,
6757ea85-31fb-43e8-9ee5-3b7bbb1a11b7,AR007,2025-01-15,
d97afb3b-c34d-4fc6-9aa8-7c39714161e0,AR001,2024-10-22,
182cf626-2643-41b0-9e64-3f79de5d7c70,AR001,2025-02-04,
088a2478-261c-4652-8259-36975aa15170,AR007,2025-04-18,
63977e84-50af-42c3-8448-9959e7a70cd1,AR003,2026-08-21,
7bda6329-8947-41e1-bd67-c0cc53bb193a,AR017,2025-02-15,
1e6ee46b-dd50-4eb1-ae14-b10963953fed,AR021,2025-03-03,
61f57b67-90a4-4295-8a12-3befde38e7ea,AR003,2025-08-30,
41884b98-3886-4f81-9e60-3380db0c4e9c,AR012,2026-01-23,
34391ba6-26c0-4e25-8989-7f8c823ae00b,AR002,2024-04-24,
24180ccf-2631-4a9a-a459-376d9da0c4c1,AR004,2025-10-01,
37c1e932-387c-4a18-af5e-e1917f2084fc,AR025,2025-12-30,
e25226c7-3030-49f0-996f-ce18b9f33f40,AR010,2024-12-17,
c0069fdf-c347-4c8e-ae96-a6a8cb6e4938,AR025,2025-06-30,
d343f178-c81f-436d-9c4f-8effe8f79f9b,AR003,2025-04-26,
1827453c-9680-4cdb-9e47-c32319f5e31d,AR005,2025-02-05,
c0597043-fe02-43b1-86d7-236d65cf7838,AR007,2025-10-07,
2275ce9a-0828-41f1-a047-2c08c8f855e1,AR007,2026-04-13,
8f59b807-f7ac-4c43-9800-a45d402d6c9e,AR030,2026-03-31,
629da892-0ab9-466f-894e-fbe382876396,AR002,2024-05-28,
d73aeec1-bcd1-471c-abee-612a56fece27,AR024,2025-06-10,
60f42b79-fb9f-4a63-801d-d121a34f6783,AR024,2025-08-26,
d587b473-eff8-4cf8-bacb-e8fdb802df8d,AR010,2025-11-19,
41107519-b0f5-4b0b-afac-ef2c466162d0,AR005,2024-12-04,
061edc11-c5b3-4afe-a203-3092d657acdd,AR009,2024-06-20,
92b30084-9901-44ae-819b-b7935f1e1f79,AR004,2024-10-24,
f2716fa7-0b5e-46fe-93e5-ff0e82f6180b,AR021,2025-05-16,
909de811-207b-41cf-acb2-97743b052024,AR008,2025-07-06,
f3341e60-77ba-4262-9fee-336f83c4360c,AR027,2024-07-31,
720a7794-ae3a-496f-8995-655f8dc3249b,AR014,2024-08-08,
76f9788f-8f23-4d31-80e9-5fe4da9782bd,AR009,2025-09-18,
3b667ee3-429b-437b-ae18-108a8b7225a7,AR017,2024-05-07,
85d90869-b2ac-46d6-852d-00df39c39892,AR008,2024-09-03,
e821d2c7-df08-4a01-b419-67a98d8f8d16,AR026,2024-08-17,
cb590f09-7f0f-4e30-9e84-67c95d6fc575,AR003,2026-07-05,
788a1f95-0c70-45c9-a02c-73c1a5762911,AR029,2026-05-02,
7d4c1309-59de-4e86-86b0-16a03c8b3b73,AR022,2025-12-07,
56dbf75e-bd3c-44de-b22a-b9bf76d60a9f,AR024,2024-10-30,
9b43559b-b7a2-45e5-af88-4ad132b5e4ee,AR007,2026-06-16,
89babcf8-3352-44f8-805a-d9293228ed5b,AR023,2026-06-12,
11738b14-dade-40fb-8271-03e248878b8d,AR004,2026-07-27,
820335cf-378f-4448-a152-37fbbc0ba0cb,AR020,2026-03-10,
d5c11000-7f56-418f-9ddf-4a5ab9426327,AR002,2024-06-15,
d6cd7674-7b5b-4408-82e1-537d2a611ef5,AR004,2024-12-04,
d5137ef0-fc7f-4a6f-ad0e-343181460023,AR006,2024-12-08,
a0060858-5e81-4411-a9f1-e16f02cd737f,AR005,2025-12-12,
9b498337-4bb8-4b94-95ae-0d9b38f4180e,AR005,2025-02-26,
d1c2a03f-68e7-4c6a-af35-2d08ff2db1da,AR022,2024-10-15,
d48b355d-76fb-4aa1-81d2-11d14c755aa7,AR004,2025-05-17,
910b16d6-e705-4673-b3c8-e3a6856318c6,AR019,2024-08-09,
a9006ceb-1269-4189-8d33-2cf3e65eeab3,AR001,2025-04-15,
5adada35-bbf1-45f0-82b3-406f0fc7a6b6,AR020,2025-11-14,
80cc737c-dd09-4f9b-ba3d-12fb1389b29b,AR021,2025-02-14,
eb3497c5-2292-438f-aa74-61e7e44a44f0,AR006,2024-05-25,
fdc5a368-ff70-4aa5-b7dd-5ceb31241647,AR018,2024-09-03,
adb84122-2c05-4eac-a270-26455977fba3,AR027,2025-06-16,
439be8fd-0132-4a9c-b96d-ea496443c84d,AR022,2025-03-22,
62e675fb-e7e2-4af5-8585-66c32daf6e4e,AR006,2024-04-26,
b87fc04e-9603-45d7-ab13-c83723508c87,AR007,2024-11-10,
f5d96da4-cab4-4705-b26b-ec87ebce7075,AR021,2025-06-12,
bc049582-3954-45b5-b450-7ae40704d17f,AR004,2025-12-22,
efcc0b6f-250e-48f9-bd45-9b17691e0ffc,AR022,2024-06-26,
2bcf90d0-1636-49c5-bd5b-00e7e62dc2e6,AR005,2024-04-26,
2351a009-a19e-48d6-9fc3-5296917a5287,AR022,2026-06-23,
2fcc49d9-368b-4414-a9e2-f88a227163d5,AR002,2026-07-27,
5a44c415-cf17-4ceb-a6f6-3219111d9d66,AR001,2026-05-15,
0abd3dff-b667-42e6-831a-3de77254ad10,AR030,2025-09-21,
e2f8039e-1b72-465c-8fac-1b3b268d24f2,AR025,2026-04-06,
87afba89-4ebb-4a5d-b4cd-53364578854c,AR025,2024-07-17,
27a8e506-5bc4-421d-b9da-7985859de4c4,AR028,2024-06-19,
a2900463-0f88-4561-a124-bce20bf80b7b,AR006,2026-03-19,
918bbfcc-1b24-4c04-8ea2-8d8d000aa6cf,AR004,2024-09-01,
ee1ab9ca-37ad-475d-ab03-d5dfb4ab250e,AR002,2026-04-23,
186cdbee-6d15-43ea-b2ca-40da57a326f2,AR008,2024-10-08,
eecd3e54-a37d-4555-9106-fe07db91c1e8,AR003,2025-10-10,
e0f958a4-104e-4a10-8710-997e0680e345,AR028,2026-07-19,
47ea1f6d-836f-48b2-9dc8-139c4a852a19,AR001,2025-08-16,
c1de7a9d-e698-44ad-a49d-42906fce558d,AR002,2024-09-07,
749d7903-09ad-41ce-9cee-3361a51a376d,AR004,2024-06-02,
33376808-e02a-4cc4-b028-1c0605c7a5b9,AR003,2026-05-10,
0f18dd0f-972a-49cf-aee5-0677c2a4cdfc,AR003,2024-08-26,
f209b7af-f34e-48ec-aeea-3c189ec9214d,AR015,2025-12-11,
24cb3af0-2f43-4781-a27d-f8c30cfaf23c,AR005,2025-07-16,
2f49132c-d9b6-4f2e-ae12-6d2c94c006e4,AR013,2026-05-21,
d77761cd-443d-4e73-bb9b-8fb52436b254,AR026,2024-04-29,
9d9a054a-d7c6-44cc-ab7d-d39372853fad,AR013,2024-10-05,
a38d5b8f-5b10-49d8-acb8-f2702e81f692,AR017,2025-02-11,
33e8a4eb-c477-4a54-a79e-6922b23e5755,AR005,2024-11-29,
5ad2e329-dcd3-4db3-b4b5-4a0c418d2b70,AR003,2024-07-24,
20ec3f8b-b99c-47ec-9e8e-dcc74a4b2edf,AR005,2026-04-21,
f9ccdbcc-2b73-4ae1-8b6b-3adf87b04170,AR029,2026-01-21,
f3a822a9-1375-4235-b6d3-3b6df2446865,AR013,2026-07-22,
2fe490b2-4f3f-4011-adf0-0d8ff297c0ca,AR004,2025-06-24,
705429ba-ce45-4f05-b7ee-74a9c2904a38,AR006,2025-06-20,
17b798a0-69a7-4c27-93e0-d79a6146e878,AR023,2026-07-29,
47801101-e7d9-4865-ac70-9c0ececc6d1d,AR016,2025-01-25,
a657c53a-8b76-4b82-8d4f-454654613172,AR011,2026-08-16,
5e4e9f26-4140-4e8e-9a5b-c4e8e7be22c7,AR025,2024-10-03,
da5505f0-085e-44de-b540-2ca438402f1b,AR016,2024-12-18,
8667805f-5500-4791-8f70-6464f2bc3569,AR014,2024-09-13,
c6c32dbc-cf7d-4ec0-9aba-bbe17e947130,AR003,2026-05-13,
70c57841-6197-4b7f-85e9-cd393bd899aa,AR002,2024-07-27,
6e691f19-015a-45b9-90ad-f8b8aea97a59,AR029,2025-05-04,
2257cd5b-70aa-48f0-badf-87d8a90f0629,AR012,2024-08-02,
31d9a062-293a-4988-b3d3-b7911406def6,AR006,2024-12-26,
12a34cd2-873e-4e4f-a586-b5dadbfc823c,AR012,2025-01-29,
2acf5809-1463-48f0-b4af-1448e4eecaf6,AR001,2026-07-26,
a9580fe0-1ebd-4aa8-b36c-3413f13827a2,AR022,2024-12-29,
319fff62-13db-4508-b004-7477ad57f0a1,AR003,2025-07-29,
408a7e05-6513-4883-bc2a-f58362986719,AR022,2024-08-15,
c81c499a-53bd-4c92-8ccd-804fdfb1b8c2,AR010,2025-01-05,
f0ff7143-df80-4772-8440-a14d1f613fef,AR004,2026-06-20,
9ed9c0cc-2b26-42ad-a716-ff6f2c0907dc,AR001,2024-07-10,
ef7fea3a-6ddf-4f31-847c-721d59359561,AR022,2026-06-30,
2c9bcf89-2578-41e4-a0e3-60e5a180c2e2,AR003,2025-12-06,
3f0c8d4f-3ef4-4531-8f8e-439c977edd31,AR001,2026-02-16,
4a59bf0e-0233-4cb4-8c30-1dcee128e329,AR020,2024-04-28,
03894562-eefc-4c54-83f3-aecaa9a742fb,AR005,2026-04-12,
f6a6b957-dfa6-4bb6-bebb-b9cdd1742740,AR006,2024-08-19,
43bcb3aa-c4d3-4ba9-bdd9-738cd3e0c250,AR004,2026-02-11,
0b53c222-fffa-4ea8-a308-4e2bb1e54ed8,AR024,2025-02-03,
7b7805c0-f807-4a84-99ef-90be300a8e36,AR004,2026-06-06,
0822004e-91c4-434d-b74c-3e33e0f1b9ba,AR003,2025-09-17,
fee319c9-fcee-4e2c-bcce-fa335f85e544,AR004,2025-02-27,
08b19a0b-d56d-498d-82bc-a80e0e1a217d,AR003,2024-12-13,
22f97812-fe16-4419-89ba-ebd2e3839e83,AR005,2024-07-25,
8795c956-613b-4ece-9856-3567322e96dc,AR002,2024-09-12,
378b74ae-1ab2-400a-b00b-11206e95ccf7,AR003,2025-05-29,
8bf05749-258f-4a81-9615-c790e623475e,AR006,2025-12-03,
7aab0e31-311c-4768-a8de-b431e0ee4519,AR025,2026-01-08,
c3c464e7-7fe1-483c-aea4-6cc9d5c25f64,AR001,2024-04-12,
d9290da9-b3ae-487a-a37d-9b12b309606b,AR003,2025-03-12,
947e7c9c-977d-46f4-b78a-8f2406a25b7c,AR026,2024-06-24,
c0179819-4e75-4cfd-8367-55c3ebebbc1b,AR026,2025-08-11,
1e1dab9d-535b-4e9f-9ec7-33f4777adb7c,AR016,2025-06-27,
fb2ff6ac-67ad-46a2-88ef-35c3641a16da,AR004,2024-09-04,
27a0ce75-a91e-41de-b563-6e2107e78784,AR006,2024-12-03,
6cc4987f-a919-468b-a1ae-a4b54cfaee95,AR003,2026-03-02,
2b6ccc0f-b4ac-4d52-b765-e365ebe328a6,AR002,2025-05-25,
526ffc8b-7e7a-421f-ac4a-d1354ef5cb0d,AR005,2026-02-19,
e63a468a-6848-43ca-ad4b-d6f47793de84,AR011,2024-10-30,
c2fdb43c-aa4a-46c8-bb0a-b490e4458983,AR005,2026-07-28,
4d6636a4-2e43-48ee-bac2-adc0ed72cce6,AR013,2024-09-03,
4a773a3d-afff-42e8-813a-f40a2d5a7638,AR004,2024-06-06,
a68020ad-0e67-41f3-98f6-1fc3c76febd7,AR005,2026-08-03,
d8c99c35-1806-484b-8d2c-d4afa8e5129a,AR021,2025-02-21,
3febb75c-368c-42f2-9c4b-609c6d476c52,AR025,2026-06-16,
e4b8896b-e016-4f0e-9e05-9e01a939997e,AR005,2025-10-14,
d9c23338-aa6a-4b54-9935-4333492a455c,AR011,2025-11-04,
2462b9b7-9a1b-4e55-b63e-f149ab7bfab8,AR004,2025-05-28,
9ff95657-f479-4d4f-aa93-038ff4bd18cb,AR001,2024-06-16,
af67dae7-90cf-4644-b352-a8657780536e,AR019,2025-07-18,
5ace27d8-1a2f-4c59-a94a-e26ab7bec73c,AR003,2025-09-11,
218167a6-e0d3-4e95-b77d-f682ebae7bac,AR006,2026-06-04,
e5c953d4-5508-4458-82b6-c4dee1fe86c8,AR007,2024-07-12,
88a1defc-efde-4b7b-a9c8-d20a5f716094,AR003,2025-11-23,
5f98ecd1-bf41-4fe0-b5db-b8978c2bd8d5,AR002,2025-07-17,
79333e2c-cf1a-4bbd-9fc7-0fc4930245ee,AR005,2026-06-04,
05fb9ebf-5ff7-49a9-95cc-2d2400d289cb,AR028,2025-12-15,
50db366d-75e9-482d-b301-de47c2ccd28e,AR013,2025-04-29,
1f1ce023-58f0-47f6-819b-61c5f4ebb173,AR005,2024-07-01,
9e31f9b2-4efe-403b-ae03-63baf8f0ee0c,AR001,2025-11-10,
e6730c68-8c79-4379-ad1f-cab46f42d1b0,AR013,2025-04-23,
5940b8a3-6832-4f98-bf6b-7c33f8e5506f,AR002,2024-07-23,
ac20a895-744a-455c-aea9-7a6e60145f63,AR010,2025-10-14,
7b4a032c-d7af-4026-9d02-c3be5d00d4b4,AR019,2025-12-10,
ebcdd64a-c96e-4e28-a204-88f825e9d4ba,AR006,2026-07-16,
2587a64c-a182-4b75-a803-41e805ae5d60,AR004,2024-06-25,
a1fcf9ad-d900-4d70-8710-5351948f2592,AR001,2026-05-19,
fbfc495b-f0c7-4041-a4bc-150fbcb02f9b,AR001,2026-02-17,
d6ce4d88-a0f4-4043-8f84-37ab11896375,AR006,2026-04-24,
f687880d-4cff-4e3f-b1ae-e7bdd3fe539f,AR025,2024-12-16,
2d4695ac-1e0a-4cc8-9e0d-aa0884a222b3,AR004,2025-10-10,
