household_id,ethnicity,gender_head,disability,age_band,religion,nationality,immigration_status
8cd806b7-b5b8-4bd6-beb1-270a44a3699a,not_disclosed,female,yes,36-45,christian,rwandan,n/a
513a8c22-0038-4f7d-97a9-b44e4daf2e14,not_disclosed,male,no,18-25,christian,rwandan,n/a
186907b6-3a61-456c-8bac-2a720b63e680,not_disclosed,male,no,36-45,christian,rwandan,n/a
e3ac83bc-9ef5-4457-be20-d86c991a48ca,not_disclosed,male,no,18-25,christian,other,n/a
129b7e04-b0c0-4595-a526-9b48815af1a7,not_disclosed,female,no,18-25,christian,rwandan,n/a
8c327e35-801d-465e-9820-c8ce3c00bc68,not_disclosed,male,no,36-45,christian,rwandan,n/a
805a916b-d592-41cf-890e-055a64576a3c,not_disclosed,male,no,46-55,christian,rwandan,n/a
e7c02160-9c6b-4d06-8cfe-716013883cd2,not_disclosed,male,no,46-55,christian,rwandan,n/a
1ce3bde6-9e5a-42cd-9add-8306dd0f56b2,not_disclosed,male,no,26-35,christian,other,n/a
a1d37a31-a5d6-4e34-8d91-8720d7a93623,not_disclosed,female,no,46-55,christian,rwandan,n/a
dec05c07-4ecd-487d-af3b-ae6b3ddb6dfd,not_disclosed,male,no,66+,christian,rwandan,n/a
852ee83f-e93f-4e5d-945d-6e452ba86076,not_disclosed,male,no,36-45,christian,rwandan,n/a
4f653660-4ee5-406d-ad0d-c4d70245e689,not_disclosed,male,no,36-45,christian,rwandan,n/a
7e594e36-2de5-4768-8670-2f9750d2ed91,not_disclosed,male,no,56-65,christian,rwandan,n/a
57b24f6a-671d-4e10-b1a6-c88430e04b0c,not_disclosed,female,no,46-55,christian,rwandan,n/a
f515c4b8-c830-42b5-8d8b-51d8d2cd3afe,not_disclosed,male,no,46-55,christian,rwandan,n/a
3128eaf0-3d03-4de7-9555-62e7dc75ea9f,not_disclosed,female,no,26-35,christian,rwandan,n/a
628f536f-6ada-4acd-ae14-bc62dfaa5c8b,not_disclosed,male,no,56-65,muslim,rwandan,n/a
40ffb6b0-594f-415b-b0e4-4a76ca8861be,not_disclosed,male,no,46-55,christian,rwandan,n/a
26c7a631-84bf-4845-ac6d-d76aadc9d6ef,not_disclosed,female,no,46-55,christian,rwandan,n/a
87099c22-e456-4346-b8ec-8d06ef3522a1,not_disclosed,female,no,26-35,christian,rwandan,n/a
bd8db93a-2403-494c-bbc8-15f86a709105,not_disclosed,female,no,36-45,christian,rwandan,n/a
dece5487-c11a-47d7-8aad-a0bbe1c40bf1,not_disclosed,male,no,36-45,muslim,rwandan,n/a
97fc81ba-93fc-4922-8454-392d11fbc178,not_disclosed,male,no,56-65,christian,rwandan,n/a
0dc18a98-f320-49cd-a3e7-b324110045ec,not_disclosed,male,yes,46-55,christian,rwandan,n/a
6e35951f-3823-419e-8442-0e71e220b557,not_disclosed,male,no,46-55,christian,rwandan,n/a
97ebb2bf-6a7e-4d06-90a4-a132b38581b8,not_disclosed,male,no,46-55,muslim,rwandan,n/a
be94deb2-550b-454e-91c6-2fc28e658f10,not_disclosed,female,no,36-45,christian,rwandan,n/a
4292483d-660f-4b9e-98b2-91556e9bb3be,not_disclosed,male,no,46-55,christian,rwandan,n/a
b84f5495-99f5-41a1-ae21-8bab28eac937,not_disclosed,male,yes,36-45,christian,other,n/a
fb9410ab-bfae-4fd5-ad76-443a4f2d8292,not_disclosed,male,no,66+,christian,rwandan,n/a
8bef87e9-3f01-4e5a-a2c6-bb34f1eba19e,not_disclosed,male,no,56-65,christian,rwandan,n/a
e60e3792-8a22-4a06-a0a4-ab4cb3183b79,not_disclosed,female,no,46-55,christian,other,n/a
9db036d0-fa60-4f3e-a079-7731619efe80,not_disclosed,male,no,66+,christian,rwandan,n/a
3532274c-1f07-4b06-96ff-622e3ff8af8d,not_disclosed,male,no,36-45,christian,rwandan,n/a
c42580f4-b13d-412e-98ce-133e693bf472,not_disclosed,male,no,46-55,christian,rwandan,n/a
a67a1e7f-656f-4aac-a842-776e6c7e96cc,not_disclosed,male,no,36-45,christian,rwandan,n/a
6e40d7e4-f562-4f73-b18d-3b403a2d8548,not_disclosed,male,no,26-35,christian,rwandan,n/a
b980dd5a-755d-4764-ba69-86beab810b6e,not_disclosed,female,no,18-25,christian,other,n/a
ad30b799-b242-4a28-a378-7aa096f7b903,not_disclosed,female,yes,66+,christian,rwandan,n/a
9e9d9445-0493-4365-8bb0-789993f79c65,not_disclosed,male,no,26-35,none,rwandan,n/a
a865d1a2-2bbc-4d41-8bed-065c044ebe31,not_disclosed,male,no,66+,christian,rwandan,n/a
d6b8b930-afe3-42b0-ac61-6961fc401a6c,not_disclosed,male,no,26-35,other,rwandan,n/a
16ec42f5-d73d-46a2-b16a-5af03771fa73,not_disclosed,female,yes,56-65,christian,rwandan,n/a
e64a9cbb-de67-4465-8417-53444b2785e0,not_disclosed,male,no,18-25,muslim,rwandan,n/a
bfa89ce1-6458-4a85-87d1-e4faacf28f34,not_disclosed,male,no,56-65,christian,rwandan,n/a
04490969-5b41-457a-a378-b0dfdcc058db,not_disclosed,male,no,36-45,christian,rwandan,n/a
253ab49c-7f9d-4cb5-b7c3-733541ea947c,not_disclosed,male,no,26-35,christian,rwandan,n/a
26a4ddeb-c62a-4bde-8589-80dcab478339,not_disclosed,male,no,36-45,christian,rwandan,n/a
75002ea5-efb6-4cce-b494-936e886db746,not_disclosed,female,yes,26-35,christian,rwandan,n/a
eaa21645-d92f-43a1-b353-1470d290d9f2,not_disclosed,male,no,46-55,christian,rwandan,n/a
5c559d2e-6a83-418c-8a12-1ecbee3f6f1a,not_disclosed,male,no,56-65,christian,rwandan,n/a
71a8a674-e462-477d-ac0f-7d66c76f3e2e,not_disclosed,male,no,56-65,christian,rwandan,n/a
c22aaaed-26d0-46f9-a9e7-252d28d4ee6f,not_disclosed,female,no,66+,christian,rwandan,n/a
9a5f59dd-1f9d-4b0b-bcd5-1949801ae0f1,not_disclosed,male,yes,36-45,christian,rwandan,n/a
eb961610-90a6-473b-bf67-4594b48b9e43,not_disclosed,male,no,56-65,muslim,rwandan,n/a
6922a7a3-5b38-409d-b1ad-0b11d4559062,not_disclosed,male,no,18-25,christian,rwandan,n/a
27724007-e36b-4a43-8af7-bafd8ccdea00,not_disclosed,male,no,46-55,christian,rwandan,n/a
c13474ea-39ea-48c5-8493-566d5397dd90,not_disclosed,female,no,46-55,christian,rwandan,n/a
62203def-5ff5-45c8-8df5-9dfeaade1653,not_disclosed,male,no,66+,christian,rwandan,n/a
72d9ca14-f788-429f-a7df-87a555933ac0,not_disclosed,male,yes,66+,christian,rwandan,n/a
e0c1e422-82c7-4c1f-8f2e-677d04b1b298,not_disclosed,male,no,26-35,christian,rwandan,n/a
34ef1097-e80f-47d2-a25d-71cc08a36c4c,not_disclosed,male,no,66+,christian,rwandan,n/a
fe259e26-23de-4373-aa25-ef40d99800f3,not_disclosed,male,no,36-45,christian,rwandan,n/a
da91ffd0-4b3d-4eb8-b0e8-7b609dbcc285,not_disclosed,male,no,66+,christian,rwandan,n/a
f93936ac-3ee2-4ea8-a483-ba6dbedf5a8b,not_disclosed,female,no,36-45,christian,rwandan,n/a
51fe83a6-f549-49b6-be7f-f5ab87abb014,not_disclosed,male,no,56-65,christian,rwandan,n/a
2df2b118-4eac-4897-b359-369b3e1e04d8,not_disclosed,male,no,18-25,christian,rwandan,n/a
76170acc-507e-4709-b616-0c055c01b0e3,not_disclosed,male,no,36-45,christian,rwandan,n/a
53391980-403b-422b-a9c9-53c47cf74594,not_disclosed,male,no,46-55,christian,rwandan,n/a
55e555d4-6690-4001-b4fc-af339c94ce6a,not_disclosed,male,no,66+,christian,rwandan,n/a
503ca02f-cb6e-4c36-9caa-78c5ceef1322,not_disclosed,male,no,36-45,christian,rwandan,n/a
2395fa12-7836-404a-aae1-5405fe09ac14,not_disclosed,male,no,26-35,christian,rwandan,n/a
f450c18f-ecb5-4298-a38d-054b783eb6c1,not_disclosed,male,no,26-35,christian,rwandan,n/a
4cad851d-f2bb-4195-b686-9a973147137f,not_disclosed,male,no,36-45,other,rwandan,n/a
71d96325-92b0-405e-8fa5-87f3ffcc6d6a,not_disclosed,female,no,46-55,christian,rwandan,n/a
bbded315-839e-4caa-a7a4-0a21b78a2f16,not_disclosed,male,no,36-45,christian,rwandan,n/a
5db3030f-3985-4c69-b9d1-f829a9f1e884,not_disclosed,female,no,26-35,christian,other,n/a
779904cc-d3c9-43d5-8fb4-f2931b36fe1a,not_disclosed,female,no,26-35,christian,rwandan,n/a
c01fec30-ca2e-49cd-a300-4b292c8850d7,not_disclosed,male,no,46-55,christian,rwandan,n/a
b623c42f-52cc-4579-a7f1-278409c5f5c2,not_disclosed,male,no,26-35,christian,rwandan,n/a
f852124f-49c9-45f9-896f-5fc02309019a,not_disclosed,female,no,46-55,christian,rwandan,n/a
5fafbfe2-084d-4ae4-ac21-f692e4a0d6c8,not_disclosed,male,no,18-25,christian,rwandan,n/a
02979efc-1bf7-4321-9ad6-385a9a926792,not_disclosed,male,no,46-55,other,rwandan,n/a
d8828098-0e51-40da-b18b-f72c8eaf0595,not_disclosed,male,no,36-45,christian,rwandan,n/a
36bd45d4-aab6-462c-9a32-d8ac418d4a1b,not_disclosed,male,no,66+,christian,rwandan,n/a
80d6a3ee-f171-4c32-a324-3db38ada30c8,not_disclosed,female,no,56-65,christian,rwandan,n/a
8c35411a-c287-4165-a5a4-89c2f10ef1e2,not_disclosed,male,no,26-35,christian,rwandan,n/a
9c71fc32-adff-4f81-acd9-1cf5ae465a36,not_disclosed,male,no,26-35,christian,rwandan,n/a
06883683-4ba2-4dcc-a171-e67179bcdc08,not_disclosed,male,no,56-65,christian,rwandan,n/a
d2ac4437-b8e3-4fce-9a6d-0de259804b7d,not_disclosed,female,no,36-45,christian,rwandan,n/a
60093b00-b28b-4342-b8ab-a3df205fd95f,not_disclosed,male,no,56-65,none,rwandan,n/a
7b814239-ca0f-4d5c-9190-04b7ab1e9c80,not_disclosed,female,no,46-55,christian,rwandan,n/a
bbb9b059-1c84-4aba-bb0d-912660295181,not_disclosed,male,no,36-45,christian,other,n/a
5fa0f2ba-730d-4087-bbc1-75bb647cf97f,not_disclosed,male,no,26-35,christian,rwandan,n/a
2d6eba08-9257-4241-bcc0-c062293f6280,not_disclosed,male,no,56-65,christian,rwandan,n/a
f1971d2e-b828-4db4-9c5c-9ed82ba0f99d,not_disclosed,male,yes,36-45,christian,rwandan,n/a
b4388bf1-e48a-4e33-a74b-36d75ff5a167,not_disclosed,male,no,46-55,muslim,rwandan,n/a
3d76ca3a-126f-46d9-9f92-fb9820c07838,not_disclosed,male,no,46-55,other,rwandan,n/a
29bc5e77-6a50-4060-9981-382f114ae78a,not_disclosed,male,no,56-65,christian,rwandan,n/a
4178440e-8fcc-4cc6-8c68-d784abb12338,not_disclosed,male,no,26-35,christian,rwandan,n/a
6bcd8f9e-17e2-4a9d-8a0c-2c1818175f12,not_disclosed,male,no,36-45,christian,rwandan,n/a
15faa1ed-d7ea-4ff5-b770-41af490a0c9d,not_disclosed,female,no,36-45,christian,rwandan,n/a
f9dffc45-3fed-4270-9f77-c768f78bd10e,not_disclosed,male,no,56-65,christian,rwandan,n/a
8172b720-1591-47d4-9109-f6e111831766,not_disclosed,male,no,56-65,christian,rwandan,n/a
30c194e0-5924-40e4-afc0-f54d08acb8b6,not_disclosed,male,no,66+,christian,rwandan,n/a
73d467e1-8e61-47ac-9542-b00757b1f6ae,not_disclosed,male,no,26-35,christian,rwandan,n/a
594ff0f4-f3dc-4a6d-8bbd-192a1808afa2,not_disclosed,male,no,26-35,christian,rwandan,n/a
f27e772f-e556-4df7-9396-8dcb9dee887a,not_disclosed,female,no,66+,christian,rwandan,n/a
05b8e5f6-e97c-430c-941a-2e8628c7c4b0,not_disclosed,male,no,56-65,christian,rwandan,n/a
a260120b-9771-402a-9d58-b08c56fc940d,not_disclosed,male,no,66+,christian,rwandan,n/a
f3f581cd-3a5c-49d3-8075-560e7c35fd2a,not_disclosed,male,no,46-55,christian,rwandan,n/a
81c3ebee-c4c1-424f-b92e-ae45bd3cff98,not_disclosed,male,no,66+,christian,rwandan,n/a
e78aa64e-7ed0-4a10-af95-b7117e8d4afa,not_disclosed,male,no,56-65,christian,rwandan,n/a
2b4c50d5-1078-42d1-923d-478affb58c03,not_disclosed,male,no,46-55,christian,rwandan,n/a
baddfc83-19e0-4ae7-b313-cee906b68a6d,not_disclosed,male,no,36-45,christian,rwandan,n/a
e001fb72-5e1c-4324-a6a1-6caac3cdf1b0,not_disclosed,male,no,56-65,christian,rwandan,n/a
a0aa8b70-aea8-4395-8434-26afa62e2d41,not_disclosed,male,no,66+,christian,rwandan,n/a
9f49d62e-28ea-46ee-9d75-5c1446d87e31,not_disclosed,female,no,26-35,christian,rwandan,n/a
4d1680d0-6818-4789-a981-178c592b1f34,not_disclosed,male,no,26-35,christian,rwandan,n/a
6386632c-24c8-4274-8f21-1a11c234dde4,not_disclosed,male,no,46-55,muslim,rwandan,n/a
a09145e1-7a17-4f39-983b-b31e8f04358a,not_disclosed,male,no,46-55,christian,rwandan,n/a
201f88a0-ea02-4df1-9b2c-b4acc1b94aaa,not_disclosed,female,no,56-65,christian,rwandan,n/a
d938f6c9-f5b2-48ff-9b3b-a533235fbace,not_disclosed,male,yes,66+,christian,rwandan,n/a
216190de-0cb1-4950-a508-cb0d2385470b,not_disclosed,male,no,66+,christian,rwandan,n/a
bf11de36-3cda-4143-aba5-130dc0de483d,not_disclosed,female,no,36-45,christian,rwandan,n/a
75df5a46-82ee-4c82-9f2b-bc5bc9139c1a,not_disclosed,male,no,56-65,none,rwandan,n/a
9e0fba95-cc68-4b94-a438-b08b292ba92e,not_disclosed,female,no,56-65,christian,rwandan,n/a
7ac34f85-441a-4bda-96f3-ef979703cbe5,not_disclosed,male,no,66+,christian,rwandan,n/a
6d9e7e01-f39b-4be4-a056-2e8c6a23cfd0,not_disclosed,male,no,26-35,christian,rwandan,n/a
c7065f31-cc41-40f9-9b17-e85fa7ba187f,not_disclosed,male,no,36-45,christian,rwandan,n/a
f93b4fb0-d691-4690-8f16-aa0ecbfb77f8,not_disclosed,female,no,56-65,christian,rwandan,n/a
5b79d48a-d820-4f35-a361-34384357fd54,not_disclosed,male,yes,66+,christian,rwandan,n/a
a0ae773a-f3f9-4aae-87df-2fe5a4462b0c,not_disclosed,female,no,56-65,christian,rwandan,n/a
5584fa3b-d409-4d58-b558-46f645b0952e,not_disclosed,male,no,36-45,christian,rwandan,n/a
35cf30b4-4a98-4883-af75-df32c3005078,not_disclosed,male,no,56-65,christian,rwandan,n/a
2e718155-5bfe-4fba-98e0-c0f86b56dfd9,not_disclosed,female,no,46-55,christian,rwandan,n/a
41c27d56-68f1-435d-bb10-e971d29fa7dc,not_disclosed,male,no,66+,christian,rwandan,n/a
1263203f-3065-42ff-a6e6-209534619998,not_disclosed,male,no,56-65,christian,rwandan,n/a
9502ec3a-481b-4257-81aa-e1126daea2fd,not_disclosed,male,no,26-35,christian,rwandan,n/a
0128463b-cfc4-44f7-9bf9-d031ec587fa0,not_disclosed,female,no,46-55,christian,rwandan,n/a
a0363620-6f3f-4fd1-bab0-f486b8bd29d1,not_disclosed,male,no,18-25,christian,rwandan,n/a
19bca7c0-57e3-450c-ab8e-08522af683d4,not_disclosed,male,no,26-35,christian,rwandan,n/a
75424454-f665-4be9-b480-348dbe6d86dc,not_disclosed,male,no,36-45,christian,rwandan,n/a
ab635338-efad-42e8-bdc1-b75547bbebad,not_disclosed,female,no,46-55,christian,rwandan,n/a
7cad1782-5cfe-46bc-9261-1e75bd41cb1b,not_disclosed,female,no,36-45,other,rwandan,n/a
9357d3fe-7f9d-4ca9-bfe6-9f251685d92c,not_disclosed,male,yes,56-65,christian,rwandan,n/a
ea0ad605-565d-42eb-aec4-28607215baef,not_disclosed,male,no,46-55,christian,other,n/a
cbf0c165-704b-492f-9b4b-2a79e0463c0a,not_disclosed,female,no,36-45,christian,rwandan,n/a
79a04f74-1054-4841-85f9-de08a1864e7a,not_disclosed,female,no,66+,christian,rwandan,n/a
b6efbec4-be81-4e8c-82e5-110fc9922535,not_disclosed,male,yes,46-55,christian,rwandan,n/a
f4551abd-754e-4964-8d0a-2201107ac522,not_disclosed,male,no,36-45,christian,rwandan,n/a
a6037457-96ef-474a-9f7f-364617e75cfe,not_disclosed,male,no,26-35,christian,rwandan,n/a
41266352-768c-4ff4-89a3-589e7bd41f08,not_disclosed,male,no,26-35,christian,rwandan,n/a
1f7cf221-1662-459b-9638-e3983e60ef1f,not_disclosed,female,no,46-55,christian,rwandan,n/a
5c420fcc-bdee-42fc-aec1-137c55b7df76,not_disclosed,male,no,46-55,christian,rwandan,n/a
870bfc64-b856-496e-9083-325ffe9c27c6,not_disclosed,male,no,36-45,muslim,rwandan,n/a
cd0f112f-53a7-4693-a55b-5d67e6019b0f,not_disclosed,male,no,66+,christian,rwandan,n/a
3946cd36-7a22-4025-bbea-27b9d3bffc68,not_disclosed,male,no,66+,christian,other,n/a
89d216f9-d730-4760-b19a-c0f9230e6914,not_disclosed,female,no,46-55,christian,rwandan,n/a
7944aca7-f080-4b93-be12-ad9c0ce10bd2,not_disclosed,male,no,36-45,christian,rwandan,n/a
25912f83-ab17-4d9f-b8ce-ebc11aa44f61,not_disclosed,male,no,56-65,christian,rwandan,n/a
ea3f45ce-027b-4fc3-b796-fbf808917375,not_disclosed,male,no,46-55,christian,rwandan,n/a
179b7720-5ef0-442f-ad91-820556d0228a,not_disclosed,male,no,36-45,christian,rwandan,n/a
ed30543c-9d31-4e7f-8e15-22a24fe33430,not_disclosed,male,no,56-65,muslim,rwandan,n/a
9e307440-beb6-4e85-8cc1-6eec34de681b,not_disclosed,male,no,46-55,christian,rwandan,n/a
cd6d9967-14e6-4c45-8645-06fced5f48b4,not_disclosed,male,no,46-55,christian,rwandan,n/a
53544d63-f010-4fe6-9ed2-600118e59a3f,not_disclosed,male,no,66+,christian,rwandan,n/a
b486afa0-2ef2-49d9-baae-b20f921c848e,not_disclosed,female,no,36-45,christian,rwandan,n/a
d7c54c17-617f-44c6-ab73-e7c6579a248d,not_disclosed,male,no,46-55,christian,rwandan,n/a
1b857a45-6e62-4030-b73c-78ab27091f4a,not_disclosed,male,no,56-65,christian,rwandan,n/a
9ffb9828-cbc1-4a47-86a9-5c7bd2df58ef,not_disclosed,male,no,66+,muslim,rwandan,n/a
93b1e740-ef8b-4114-ad1d-38ea113b5719,not_disclosed,male,no,36-45,christian,rwandan,n/a
62c4fade-68f5-491b-9e20-26da39304588,not_disclosed,female,no,26-35,christian,rwandan,n/a
ba8b251f-6b71-4553-93d2-8ba1df7e682c,not_disclosed,female,no,56-65,christian,rwandan,n/a
8e410a39-d5f2-46d1-8d25-af4a8bac4804,not_disclosed,female,no,56-65,christian,rwandan,n/a
9069dd4e-1f09-4965-80f7-218281aaf3ff,not_disclosed,male,no,46-55,muslim,rwandan,n/a
94eb651b-23a5-4c93-992f-bf3c6cc5d8af,not_disclosed,female,no,26-35,christian,rwandan,n/a
2477cb0a-0bf0-43e3-b973-8861710395df,not_disclosed,male,no,56-65,other,rwandan,n/a
56260051-aa53-4e4e-82e4-8e39d947664c,not_disclosed,female,no,46-55,christian,rwandan,n/a
663253ce-2cd9-409a-a5ce-8690ef670500,not_disclosed,male,no,56-65,christian,rwandan,n/a
f18ac202-0729-4c1a-a343-f8c08d25a9fa,not_disclosed,male,no,18-25,muslim,rwandan,n/a
ca93c9d2-0126-4e09-b9f1-0418606388f9,not_disclosed,male,no,46-55,christian,rwandan,n/a
0e1b0596-cd3b-4c1a-83fb-b4e2f07f1dd9,not_disclosed,male,no,36-45,christian,rwandan,n/a
6d848601-6a1d-4537-ad56-d3843acf6cee,not_disclosed,female,no,56-65,christian,rwandan,n/a
6b66373e-bc99-45d7-88f0-21d872f5df71,not_disclosed,female,no,46-55,other,rwandan,n/a
d99eb566-27bd-40bd-a401-8edf5bf5c3ba,not_disclosed,male,no,66+,christian,rwandan,n/a
3a2862d8-0547-4dce-af57-02ebf20e6167,not_disclosed,male,no,36-45,christian,rwandan,n/a
e57c33c2-af5e-4612-bfd8-9f4c0daddb93,not_disclosed,male,no,36-45,christian,rwandan,n/a
29b4bbc0-8cbc-4381-961f-cc35827a84b1,not_disclosed,male,no,36-45,christian,rwandan,n/a
e68f5acc-aee5-405f-8c10-413d84331bb3,not_disclosed,female,no,26-35,none,rwandan,n/a
11eead0a-f350-45b3-b045-7be3120c0d55,not_disclosed,male,no,46-55,christian,rwandan,n/a
f08cbbe6-003e-4cb8-8959-69633ef1d287,not_disclosed,female,no,36-45,christian,rwandan,n/a
ee293097-3dfb-4d6d-85d5-33df4342a6c9,not_disclosed,female,no,26-35,christian,rwandan,n/a
091ecf9d-6c0d-425a-a072-6ba32ccdb35a,not_disclosed,female,no,66+,christian,rwandan,n/a
e1036dfb-2e4d-42c0-bba0-ee52f5443fe2,not_disclosed,male,no,26-35,christian,rwandan,n/a
4449404e-1c34-402b-9cdd-dfc562bcc4d9,not_disclosed,male,no,36-45,christian,rwandan,n/a
81184d84-36a3-4748-86e0-857ffeb37c8a,not_disclosed,male,no,26-35,christian,rwandan,n/a
3970f299-91dc-41f2-beaa-a4bbc6b596cc,not_disclosed,male,no,56-65,christian,rwandan,n/a
92914c12-6c97-43d8-a980-83fe6caa0d7f,not_disclosed,male,yes,26-35,other,rwandan,n/a
9a5d9cab-f5ad-484d-97ca-c788fbb2cd6d,not_disclosed,male,no,66+,christian,rwandan,n/a
d76a69ef-1597-4cfa-897e-a8174b579abd,not_disclosed,male,no,56-65,christian,rwandan,n/a
054cb1c9-2599-4749-8a87-1fe40c281e38,not_disclosed,female,no,66+,christian,rwandan,n/a
4f4b2f5b-56f3-4f6f-9147-79afe7f53bf0,not_disclosed,female,no,56-65,christian,other,n/a
9c6afe39-40ee-45ae-b5c9-ffe3f8461e3f,not_disclosed,female,no,26-35,christian,rwandan,n/a
7a3cb452-7bcd-40ee-b9dc-2a920620634c,not_disclosed,female,no,18-25,christian,rwandan,n/a
33051291-1bf7-49f0-84dc-0dc9e468740f,not_disclosed,male,no,66+,christian,rwandan,n/a
5091c815-a397-4f6f-a7f9-a810400c0e52,not_disclosed,male,no,66+,christian,rwandan,n/a
5a6c46b8-e402-462f-b1be-11ac0b09cb66,not_disclosed,male,no,66+,christian,rwandan,n/a
be4417b8-282f-45d4-8e86-0a5e7df6cacf,not_disclosed,male,no,66+,muslim,rwandan,n/a
0e1b7ece-122f-4c33-a89c-ab81b23ce2bf,not_disclosed,female,no,26-35,christian,rwandan,n/a
66fbf659-41e6-4862-af8c-5fbef1075e5a,not_disclosed,male,no,56-65,christian,rwandan,n/a
37ce64d4-383f-4acb-bf2d-7f556ea56884,not_disclosed,female,no,66+,other,rwandan,n/a
b497b7ad-6996-4a7a-93fe-47bd91d2094b,not_disclosed,male,no,56-65,christian,rwandan,n/a
41ed08e0-3e0e-47c1-8414-029d9878409c,not_disclosed,female,no,46-55,christian,rwandan,n/a
2ee522bf-3f02-49e1-9278-1cb3dfdf1e56,not_disclosed,male,no,18-25,christian,rwandan,n/a
b708bac0-df06-4061-be32-264b179d0164,not_disclosed,male,no,36-45,muslim,rwandan,n/a
c63eb822-80e4-445a-9088-05f8760391f4,not_disclosed,male,yes,56-65,muslim,rwandan,n/a
11dbdd00-3f5f-4717-94aa-10a0235ee68c,not_disclosed,male,yes,36-45,christian,rwandan,n/a
324c91da-59e2-401a-acac-34201f6e3aec,not_disclosed,male,no,18-25,other,rwandan,n/a
fa0ac98a-ce2e-434a-b923-7685b4deb320,not_disclosed,male,no,46-55,other,rwandan,n/a
eb29f6ff-b926-4d2c-a277-f64ae7aa406f,not_disclosed,male,no,26-35,christian,rwandan,n/a
f222bdc9-014e-475f-a3fb-4c98d5c7e2bc,not_disclosed,male,yes,36-45,christian,rwandan,n/a
4c781903-0c18-46e8-8012-81aedbea3fe7,not_disclosed,female,yes,36-45,muslim,rwandan,n/a
4563a2f4-cb3e-4a32-bf09-d1fca98af06e,not_disclosed,male,no,66+,christian,rwandan,n/a
14e6ff48-9caf-4e1b-b548-dfb514b6b208,not_disclosed,male,no,18-25,christian,rwandan,n/a
2f412f97-fbaf-4d90-b148-3782c8928f0a,not_disclosed,female,no,36-45,christian,rwandan,n/a
a023a53a-cdcf-4db5-83a7-d41b578a5c45,not_disclosed,female,no,46-55,christian,rwandan,n/a
2dbb513b-478a-4ef9-a4b2-0b8fa018c47a,not_disclosed,male,no,36-45,christian,rwandan,n/a
6b033065-b5e2-411b-bcf4-11bbd5d08c9c,not_disclosed,male,yes,56-65,christian,rwandan,n/a
1d5c7610-5b3e-434c-a30f-904a18db177a,not_disclosed,male,no,36-45,christian,rwandan,n/a
5f9cd89a-5ce0-411b-9ce7-4316ba7a618d,not_disclosed,male,yes,56-65,christian,rwandan,n/a
bee05f0d-ab5c-4bec-8775-b13a9d02bf67,not_disclosed,female,no,66+,christian,rwandan,n/a
a2077028-6d03-4439-aedf-64aac424d290,not_disclosed,male,no,46-55,christian,rwandan,n/a
14b524d1-2d3b-4682-a662-817f62e8fc0d,not_disclosed,male,no,26-35,christian,rwandan,n/a
30e7afbe-f5eb-4eda-936c-225503c27bcb,not_disclosed,male,no,26-35,christian,rwandan,n/a
991b8936-ad56-4433-8139-d4faaa4975ab,not_disclosed,male,no,66+,christian,rwandan,n/a
9a619d6e-37d9-4bb0-b5ef-4ea5d249ee83,not_disclosed,male,no,46-55,christian,rwandan,n/a
f1363ecd-fba5-4019-9337-b37be4b05dc8,not_disclosed,female,no,56-65,christian,rwandan,n/a
3cf468c9-4f9b-49f2-a2de-eebc74843c0f,not_disclosed,male,no,66+,christian,rwandan,n/a
dd29bbf6-df13-4c02-b83a-98708b3f8ab6,not_disclosed,male,no,36-45,muslim,rwandan,n/a
c98f64c5-6ae8-499d-b85e-a2ed0efdc7f6,not_disclosed,male,no,56-65,christian,rwandan,n/a
30dc840d-d387-4199-81c2-4ebef7230a0d,not_disclosed,male,no,36-45,other,rwandan,n/a
8814fd85-4281-416b-9273-3a75ad6a80d3,not_disclosed,female,no,36-45,christian,rwandan,n/a
fb4c5c08-6ca2-4c15-8a1e-49b686fe791d,not_disclosed,male,no,18-25,christian,other,n/a
903ae8b5-b4fc-4e15-b7e6-69dcabdf332e,not_disclosed,male,no,46-55,none,rwandan,n/a
4c30115d-e9af-4dc1-8d34-823aafd5cc6e,not_disclosed,female,no,36-45,christian,rwandan,n/a
49007661-ab7d-4fd1-9c25-90be20ad2b10,not_disclosed,male,no,66+,christian,rwandan,n/a
7594bd91-240d-4078-9607-5f77caabdb99,not_disclosed,male,no,66+,christian,rwandan,n/a
37bc7721-f651-469d-91d1-d54e2742cc3f,not_disclosed,male,yes,56-65,christian,rwandan,n/a
1086cadf-5e01-4669-a8e8-e0039f0f2052,not_disclosed,male,no,66+,christian,rwandan,n/a
eced6879-7a05-421b-8f99-f75ea0d0693d,not_disclosed,male,no,36-45,other,rwandan,n/a
97688e5a-5d84-4bcb-9349-121c504d3c31,not_disclosed,female,no,46-55,christian,rwandan,n/a
0024f02f-3616-433d-b4bf-ff85c86ce86f,not_disclosed,male,no,26-35,christian,rwandan,n/a
97b44c4a-dd43-46a2-9a15-66a24b499663,not_disclosed,male,no,46-55,christian,rwandan,n/a
1e37649a-9be0-46f7-8a08-50ac59a8836a,not_disclosed,male,no,66+,muslim,rwandan,n/a
528e52bb-b352-49a0-81c2-bf6f5083afeb,not_disclosed,male,no,26-35,other,rwandan,n/a
9a911ab6-acff-4fc7-8a4d-04ed5a07f1da,not_disclosed,male,no,66+,christian,rwandan,n/a
5c242654-6c2a-4b31-ad23-5444afced2d0,not_disclosed,male,no,46-55,christian,rwandan,n/a
3e89912b-029e-4a72-8aa4-8872f44d6e80,not_disclosed,female,no,46-55,christian,rwandan,n/a
7f06d673-378b-4e90-8a12-bfabe4d3a1fe,not_disclosed,male,no,36-45,christian,rwandan,n/a
f0c26ea0-244b-44be-8b9b-bee853a93982,not_disclosed,male,no,36-45,christian,rwandan,n/a
f2ee472f-bb48-461a-b56b-e689136c512c,not_disclosed,female,no,56-65,christian,rwandan,n/a
ed1fce6d-691a-46fc-a353-2a3974e30cd3,not_disclosed,male,no,56-65,christian,rwandan,n/a
2cc534fa-e6cc-4695-bb1c-35fa65066c47,not_disclosed,female,no,36-45,christian,rwandan,n/a
abee0be4-b968-4220-8eb6-25a8b01dcd3b,not_disclosed,female,no,46-55,christian,rwandan,n/a
013822d1-4c8c-456b-8c47-f341801e2525,not_disclosed,female,no,66+,christian,rwandan,n/a
db64dd0a-3713-4c6c-8a1f-a0d2bf90cbaf,not_disclosed,male,no,46-55,christian,rwandan,n/a
c2b1d4a0-e0b0-4950-bf47-40748ea05fbb,not_disclosed,female,no,66+,christian,rwandan,n/a
e8ee9bd1-fdaf-46c4-b613-fb114924837d,not_disclosed,female,no,36-45,muslim,rwandan,n/a
52c4e2ec-817e-45ec-b11f-94e4297c2c15,not_disclosed,female,no,66+,christian,rwandan,n/a
02c3618a-3763-4cf9-b7dd-dd0150592a22,not_disclosed,male,no,56-65,christian,rwandan,n/a
717e8fda-6a70-44dd-99b2-ac1875b579d2,not_disclosed,male,no,36-45,christian,rwandan,n/a
84cc46f7-6ceb-4be3-9413-510d8ea9062a,not_disclosed,male,no,26-35,christian,rwandan,n/a
3d694f5a-9ea9-4bab-91b8-bbb9fa4aa040,not_disclosed,male,no,56-65,christian,rwandan,n/a
c6851f0d-c2b9-4ae8-85bc-c267e19bf817,not_disclosed,male,yes,66+,christian,rwandan,n/a
f192eeda-fdf5-4745-85e9-934e7c59ea3f,not_disclosed,female,no,36-45,christian,rwandan,n/a
9a28d0ac-126d-4ba4-93f3-57157e4b1c3c,not_disclosed,male,no,36-45,christian,rwandan,n/a
4f8de3d7-67ea-41d4-ac8a-586746da8f06,not_disclosed,male,no,36-45,christian,rwandan,n/a
193bfef3-b29b-4aab-8aa5-d1173fb6dd76,not_disclosed,male,no,56-65,other,rwandan,n/a
04610fc8-6e3d-41b5-8a0c-52870092c245,not_disclosed,female,no,26-35,christian,rwandan,n/a
33c8b3e4-8a5a-419f-a822-f986612ef95d,not_disclosed,male,no,18-25,christian,rwandan,n/a
b34f20e2-2439-4b74-ab51-cdaa663deae6,not_disclosed,female,yes,46-55,christian,rwandan,n/a
7af4f882-24ae-420f-9ea8-3a6a06fde762,not_disclosed,male,no,56-65,christian,rwandan,n/a
8ccd2698-730f-4cc1-9458-ca00f9d9e447,not_disclosed,male,no,26-35,christian,rwandan,n/a
22a2eede-b8fa-41ac-b276-55b4fc9e44db,not_disclosed,male,no,26-35,christian,rwandan,n/a
291790f9-725b-4985-970a-1d1db52c1ebc,not_disclosed,female,no,26-35,christian,other,n/a
8a19f34e-2832-40c6-b7bc-67d96e9b266f,not_disclosed,male,no,56-65,christian,rwandan,n/a
cdf7e728-650c-49c4-8aee-6866d2cf9bbc,not_disclosed,male,no,56-65,christian,rwandan,n/a
362b4a55-1422-4a77-95b3-3212f633ecf1,not_disclosed,male,no,56-65,christian,rwandan,n/a
e19b9d68-d328-4f38-a851-ce3ca5f51b14,not_disclosed,female,no,26-35,christian,rwandan,n/a
a3c12bb6-0bd3-4031-b4ba-d20e65af2a45,not_disclosed,male,no,18-25,christian,rwandan,n/a
0372d9f4-8d11-446f-9710-61525db1ee83,not_disclosed,male,no,36-45,other,rwandan,n/a
6e3bb3cd-edaf-499a-b750-3f1fca989b01,not_disclosed,male,no,56-65,christian,rwandan,n/a
24455265-f6bf-49f8-a467-482cdd787347,not_disclosed,female,no,26-35,muslim,rwandan,n/a
ef4277d8-7f95-45cd-80fd-56cb3b18947f,not_disclosed,male,no,36-45,christian,rwandan,n/a
d9c36553-42e0-49a9-bf86-0579f653ec13,not_disclosed,male,no,56-65,christian,rwandan,n/a
dbb00f16-4937-4adc-baea-246e138e53a3,not_disclosed,male,no,66+,christian,rwandan,n/a
d4f5e745-3a10-4b0d-bb91-9b397144e0ca,not_disclosed,male,yes,46-55,christian,rwandan,n/a
94c7cec8-228d-4211-bb8b-05a91515e05b,not_disclosed,male,no,66+,christian,rwandan,n/a
ca6f5116-c83b-4e62-9b6c-afef590171e6,not_disclosed,male,yes,66+,christian,rwandan,n/a
4dbe483d-a73b-4b78-bbfd-a2fb294e3a64,not_disclosed,male,no,18-25,christian,rwandan,n/a
17a11c7c-0293-47b7-9a02-3f82177715e3,not_disclosed,male,no,36-45,muslim,other,n/a
885996b3-d773-4ef7-8984-438b80fd09ad,not_disclosed,female,no,26-35,christian,rwandan,n/a
183e9f6a-39a5-49d3-b512-94895cec9e1a,not_disclosed,female,no,26-35,christian,rwandan,n/a
f616216d-4754-40ba-8941-ded4a1a73460,not_disclosed,female,yes,46-55,christian,rwandan,n/a
84c17879-f05f-445c-8ab1-a4d081642b79,not_disclosed,male,no,36-45,christian,rwandan,n/a
51c2cba1-0eb9-4601-a0dd-ef9462445ced,not_disclosed,male,no,26-35,christian,rwandan,n/a
066b44a9-30ff-49cc-85e3-ed4483159ed3,not_disclosed,male,no,26-35,christian,rwandan,n/a
5ef4ee86-cfcb-4b8b-9bb8-2d14c2f8a72b,not_disclosed,female,no,46-55,christian,rwandan,n/a
e3200b9d-4f96-4b25-8aeb-ba5ae6e1bca1,not_disclosed,male,yes,46-55,christian,rwandan,n/a
807e5812-337a-4cab-ad32-09c4d40ee3fa,not_disclosed,male,yes,56-65,christian,rwandan,n/a
a7d70bfb-ce13-4929-b9c6-60de2377b302,not_disclosed,male,no,18-25,christian,rwandan,n/a
4dce9c30-fa45-4539-94c0-23e5b3b436e8,not_disclosed,male,no,26-35,christian,rwandan,n/a
6736c812-402d-4f4e-9f31-1d43faf02d4e,not_disclosed,female,no,26-35,christian,rwandan,n/a
60ccdc91-8108-4c14-9ac9-58e40923161d,not_disclosed,male,no,46-55,christian,rwandan,n/a
ee34cb77-6798-4ce9-b080-32a1a4a75637,not_disclosed,male,no,66+,christian,rwandan,n/a
27dcfe01-a445-430e-a91f-d2fa4ed2c220,not_disclosed,male,no,56-65,christian,rwandan,n/a
544ed7e8-e153-4bd8-9c90-dba99b6b5338,not_disclosed,female,yes,46-55,christian,rwandan,n/a
3cc12178-e26a-43d6-bd7b-e395619d9ee0,not_disclosed,male,no,26-35,christian,other,n/a
737196dd-e33f-435b-9f6c-0282059c8132,not_disclosed,male,no,26-35,none,rwandan,n/a
ce37fb83-c535-4806-bc1f-dd05e39b5cef,not_disclosed,male,no,36-45,christian,rwandan,n/a
7573667d-ef5c-434b-8e23-f39023b96e26,not_disclosed,female,yes,36-45,christian,rwandan,n/a
a3345bf1-454a-498f-b4b2-d737b608fd8c,not_disclosed,male,no,26-35,christian,rwandan,n/a
503160c4-bb45-461e-9745-328ecba791bc,not_disclosed,male,no,26-35,christian,rwandan,n/a
0e18931c-f07b-4c67-8334-326f0d4db1a8,not_disclosed,male,no,46-55,muslim,rwandan,n/a
5b45aeb5-73ee-4ccf-b52b-43eddddeffd6,not_disclosed,male,no,56-65,christian,rwandan,n/a
eb4d0362-5a4f-4803-9133-520c479c5fd5,not_disclosed,female,no,36-45,christian,rwandan,n/a
25c3ea75-eef4-4faf-9552-9e532b1afa55,not_disclosed,male,no,66+,christian,rwandan,n/a
3e3474a3-7b10-457f-aa9d-41234fa3bf1c,not_disclosed,female,no,46-55,christian,rwandan,n/a
f961fa43-df85-421f-bbb5-e2a6cd0db6ae,not_disclosed,male,no,56-65,other,rwandan,n/a
a29def47-c94c-4419-a7bb-028bf2e7ea83,not_disclosed,male,no,56-65,christian,rwandan,n/a
28f0f950-f8d9-4875-b764-20583f2b1944,not_disclosed,female,no,36-45,christian,rwandan,n/a
e2a94202-85e3-4228-919b-61f1a924986d,not_disclosed,female,no,36-45,christian,rwandan,n/a
5a09db27-9bbb-4328-9c84-6430c93f21d5,not_disclosed,male,no,46-55,christian,rwandan,n/a
9f8ca403-340d-48e0-8dff-5037d48a2806,not_disclosed,male,no,56-65,christian,rwandan,n/a
6b57c0f0-87b1-4c05-a7a2-f1365dabe4e0,not_disclosed,female,no,26-35,christian,rwandan,n/a
618805a8-a88e-419c-9c8e-910559357857,not_disclosed,female,yes,56-65,other,rwandan,n/a
73b0c082-6416-41d7-ae6a-cb535a86ed24,not_disclosed,male,no,46-55,christian,rwandan,n/a
8c10c81c-a82a-4a7c-a583-0e3de540d8f4,not_disclosed,female,no,18-25,christian,rwandan,n/a
c5dc52e1-445e-4dbf-aae9-e483e528e924,not_disclosed,female,no,36-45,christian,rwandan,n/a
ec956344-4d76-4431-9ed8-b129aa49792f,not_disclosed,female,yes,26-35,christian,rwandan,n/a
23b1b122-d832-4bc2-8100-5e8118f07a6d,not_disclosed,male,no,66+,christian,rwandan,n/a
6607aed6-a506-49ce-a36e-3026eb183d78,not_disclosed,female,no,36-45,christian,rwandan,n/a
05e7c7d0-7e33-4c97-b4a4-57bf5070b497,not_disclosed,male,no,18-25,christian,rwandan,n/a
7898c884-5cce-4aef-bf56-f7b27e48f2bc,not_disclosed,female,no,36-45,christian,rwandan,n/a
89eeb55f-9874-41bf-a57d-441cea6c31b4,not_disclosed,male,no,66+,christian,rwandan,n/a
ceb93a1c-f9b4-401d-9fbc-4330c9ba55ae,not_disclosed,male,no,46-55,christian,rwandan,n/a
33b2578a-44ec-4e80-a541-ae0856eee61c,not_disclosed,male,no,26-35,christian,rwandan,n/a
e6861680-f4c0-4d47-9b54-07c735064f4e,not_disclosed,male,no,56-65,other,rwandan,n/a
ca92178d-7cf2-44b1-8f69-037d192dcff6,not_disclosed,male,no,18-25,christian,rwandan,n/a
87080ac5-6f8b-40f2-9c81-926992b0969d,not_disclosed,female,no,56-65,none,rwandan,n/a
f6934118-7594-467b-a739-3db42bf603c6,not_disclosed,female,no,46-55,christian,rwandan,n/a
ff50b9a5-3b27-4094-aa35-a36472fe2603,not_disclosed,female,no,56-65,christian,rwandan,n/a
5851eed2-12d5-428a-a9cc-3524df68d14d,not_disclosed,male,no,36-45,christian,rwandan,n/a
6b610880-4c75-4476-a261-393ebc39fac0,not_disclosed,female,no,26-35,christian,rwandan,n/a
a4958992-bb5b-426a-8856-4431a5e4e133,not_disclosed,male,no,26-35,christian,rwandan,n/a
0f454d96-4c37-4b62-9a87-c99d2785b2ab,not_disclosed,male,no,66+,christian,rwandan,n/a
33ada3af-8bfd-46c8-82a8-b4e36ef56c4f,not_disclosed,male,no,26-35,christian,rwandan,n/a
802442c2-955d-4095-8b1f-4429032b63fa,not_disclosed,male,no,36-45,christian,rwandan,n/a
9eb46d0e-1707-4e76-beaf-4fa679770fdf,not_disclosed,male,no,26-35,muslim,rwandan,n/a
0c5cb62e-faed-4c32-a2cc-a1604b5dfb08,not_disclosed,male,no,56-65,muslim,rwandan,n/a
e3eee618-d004-487a-84f6-ce4cef802470,not_disclosed,female,no,66+,christian,rwandan,n/a
ca752b7c-6044-417c-ad53-14c8edcbadd5,not_disclosed,female,no,36-45,christian,rwandan,n/a
edc28a42-173e-4303-8945-4c9c1e3f7ec6,not_disclosed,male,no,26-35,christian,rwandan,n/a
ff12f81b-2205-4b17-85f0-25b57ef76594,not_disclosed,male,yes,56-65,christian,rwandan,n/a
076386cf-bec8-477c-a3d1-8082df2f4ea1,not_disclosed,male,no,36-45,christian,rwandan,n/a
259d0266-d458-4101-a5b4-ebfb718a35c3,not_disclosed,female,no,36-45,christian,rwandan,n/a
bffbdad1-7b2d-4417-8ec3-c70a3ccbe68d,not_disclosed,male,no,26-35,christian,rwandan,n/a
c4d9cebd-2add-4eae-9ad2-9be76b09bfbb,not_disclosed,female,no,56-65,other,rwandan,n/a
fe6dbbed-fd3c-43cf-94db-182c47834c13,not_disclosed,male,no,36-45,other,rwandan,n/a
84138f61-6b1c-4fa2-b628-4ddc97e9cde4,not_disclosed,male,no,36-45,christian,rwandan,n/a
5b146094-f8f1-48f5-bcd6-b3edd567c075,not_disclosed,male,no,26-35,christian,rwandan,n/a
52f641dd-b9eb-42b2-bc34-e5cbd8d4eef0,not_disclosed,female,no,36-45,christian,rwandan,n/a
a4f7df1f-7df6-4e0c-8d36-577c919f305a,not_disclosed,male,no,56-65,other,rwandan,n/a
5989329a-7c97-43f5-afd7-2c12b79eab2a,not_disclosed,male,no,26-35,christian,rwandan,n/a
d26ed18b-65d3-44aa-9be0-df3158773474,not_disclosed,male,no,56-65,christian,rwandan,n/a
c552dded-9c35-4686-9ddc-b636dc941495,not_disclosed,male,no,66+,christian,other,n/a
02b2ef52-3a87-4aef-b1d3-271638b55a8d,not_disclosed,male,no,46-55,christian,rwandan,n/a
01dbcd26-6b85-4f93-a8e2-45138a011b53,not_disclosed,female,no,66+,christian,rwandan,n/a
be9b2a0a-bb35-4cf2-8fd8-58b3a1ec4378,not_disclosed,female,no,66+,muslim,rwandan,n/a
46ef5511-fcac-4ec3-a19b-09809afd4fdc,not_disclosed,male,no,18-25,christian,rwandan,n/a
877fc630-dcbe-4b5c-a37a-6f46914b770e,not_disclosed,male,no,56-65,christian,rwandan,n/a
0455c740-ab8c-4696-8a84-beb99f425e9d,not_disclosed,male,no,66+,christian,rwandan,n/a
49641cb3-734a-41e7-a23d-13257a69741e,not_disclosed,female,no,36-45,christian,rwandan,n/a
3eb80e3b-fe82-4f12-84a2-1109dd97e11a,not_disclosed,male,no,46-55,christian,rwandan,n/a
810579cd-6d37-4946-a011-8427c7736679,not_disclosed,male,no,46-55,none,rwandan,n/a
f7470214-91e6-4d86-9dc6-39f19b27be9f,not_disclosed,male,yes,18-25,christian,rwandan,n/a
72646eb8-0e26-4ec9-93e7-202de8636d5d,not_disclosed,male,no,26-35,christian,rwandan,n/a
50f3179c-de9b-4eeb-aec5-987b33ce8697,not_disclosed,male,no,26-35,christian,rwandan,n/a
b8eaac5e-876b-41c5-8441-d765fb56970d,not_disclosed,male,no,46-55,christian,rwandan,n/a
cf086c1e-52db-489d-9f5b-4159a873bb92,not_disclosed,male,no,46-55,christian,rwandan,n/a
009c74d0-084c-4280-8551-b2513cc99bed,not_disclosed,female,no,66+,christian,rwandan,n/a
8af2eb66-c483-4923-8d64-9514c1d34e85,not_disclosed,female,no,56-65,christian,rwandan,n/a
74fece77-3427-47d2-a6fe-f3dbc4badb22,not_disclosed,male,no,66+,christian,rwandan,n/a
0cbaf737-2f0a-424d-bc1a-86495b695bee,not_disclosed,male,no,46-55,christian,rwandan,n/a
51a5c3f3-3f4c-46c0-9c95-4a60fc2d913c,not_disclosed,male,no,26-35,christian,rwandan,n/a
47688135-14c5-4240-92c1-6263349d057e,not_disclosed,female,no,66+,christian,rwandan,n/a
fa829143-55d6-4752-8b24-417d340e51dc,not_disclosed,male,no,26-35,christian,rwandan,n/a
3149d6a7-9ca9-40af-87c7-e6818d389e28,not_disclosed,male,no,56-65,christian,rwandan,n/a
5f248f1e-6cc0-42a0-bb57-dbc8c19d41f2,not_disclosed,male,no,36-45,christian,rwandan,n/a
ffa6aa3d-f441-4b87-9e60-bf75402fbd3d,not_disclosed,female,no,26-35,christian,rwandan,n/a
a51276e7-2a53-4d0d-9833-976a1a3ac14d,not_disclosed,male,no,26-35,christian,rwandan,n/a
bb6040fd-186c-4249-9c87-ac33af4e46cb,not_disclosed,male,no,56-65,christian,rwandan,n/a
eb006522-99d9-4c57-8af5-acb1ce9a8181,not_disclosed,male,no,46-55,muslim,rwandan,n/a
97bd9d94-ef81-428f-b500-21596db58073,not_disclosed,male,yes,36-45,christian,rwandan,n/a
3b5a5557-b781-40e1-b973-33e18df94f61,not_disclosed,male,no,36-45,christian,rwandan,n/a
724d3f8d-f55b-4856-a34d-d1bf676b2f07,not_disclosed,male,no,46-55,christian,rwandan,n/a
419c6902-8434-4a86-b45f-9bc52bb24ba3,not_disclosed,male,no,36-45,christian,rwandan,n/a
dbf42753-5288-4562-828d-561a1e7b33e4,not_disclosed,male,no,46-55,christian,rwandan,n/a
e2e6f05d-c437-48d0-aa93-d073885063fd,not_disclosed,female,no,18-25,christian,rwandan,n/a
25892a3a-2dee-478a-9062-c6f1077d4a4c,not_disclosed,male,yes,56-65,christian,rwandan,n/a
c71a2526-b5bc-416a-b900-1530cae8b257,not_disclosed,female,no,46-55,muslim,rwandan,n/a
64c71b1b-0901-4394-b4c3-6ff1f709a18f,not_disclosed,male,no,26-35,christian,rwandan,n/a
9004373b-c1d1-4b38-8c83-86ed48d0a59b,not_disclosed,male,no,26-35,christian,rwandan,n/a
b9a929fd-872d-4c76-a615-a6def349f550,not_disclosed,female,no,18-25,christian,rwandan,n/a
6cbdbb30-d519-403f-b13b-eec98b0e6f77,not_disclosed,female,no,36-45,christian,rwandan,n/a
775f27e9-1cef-4136-8596-66292bb9f088,not_disclosed,female,no,66+,christian,rwandan,n/a
06bc4b07-ed89-4fa6-8ecb-aa06c1990c7c,not_disclosed,male,no,26-35,christian,rwandan,n/a
8ad35e1a-cb01-4fa5-9c3e-3adc5786e9a6,not_disclosed,male,no,46-55,christian,rwandan,n/a
1025ac84-e758-41c1-b21c-410f637bab2c,not_disclosed,female,no,56-65,christian,rwandan,n/a
775704ab-bcd2-4635-bd98-3ed5d1e1142f,not_disclosed,male,no,18-25,christian,rwandan,n/a
6ad6e19e-d0b6-4281-b8cb-7a7721fd7010,not_disclosed,female,no,26-35,none,rwandan,n/a
a11f7af4-08be-4409-b986-b6ba5ab2177f,not_disclosed,male,no,36-45,christian,rwandan,n/a
7daff4b1-ec00-4e59-aad5-bd1f1254584c,not_disclosed,male,yes,36-45,christian,rwandan,n/a
39105f98-bf9f-4fbf-911a-3130027f69d1,not_disclosed,male,no,26-35,christian,rwandan,n/a
e19878fb-c320-4fe6-bcc5-62db4f3243d8,not_disclosed,female,no,66+,christian,rwandan,n/a
05af7a87-0173-42f4-980b-c63c0bd2fe2d,not_disclosed,male,no,36-45,christian,rwandan,n/a
0356eee6-b773-49e3-a4d8-80d3ae8e9c71,not_disclosed,male,no,66+,christian,rwandan,n/a
1b6e772e-414f-4264-8bcb-a7a0ad96d7c3,not_disclosed,male,no,66+,christian,rwandan,n/a
472e2437-903f-4751-9882-f0c52335c127,not_disclosed,female,no,26-35,other,rwandan,n/a
77e0dc26-bac7-4d57-b27f-0b5e245fca7e,not_disclosed,male,no,18-25,christian,rwandan,n/a
28ec3381-5e99-46b2-af24-86a5a9958aec,not_disclosed,male,no,66+,christian,rwandan,n/a
9c0179ad-9157-408a-8a87-a48652a80265,not_disclosed,female,no,26-35,christian,rwandan,n/a
7a7bb0f7-a510-4a77-a620-5db9e50b1090,not_disclosed,male,no,26-35,christian,rwandan,n/a
0511bc2b-971a-4aed-aed1-b19573880c44,not_disclosed,male,yes,66+,christian,other,n/a
c95a1c5c-651a-47a2-8620-5da93bea2431,not_disclosed,female,no,36-45,other,rwandan,n/a
837fc245-ef7d-4439-8817-f95f6805c3f6,not_disclosed,male,no,26-35,other,rwandan,n/a
708861de-0922-455f-8c02-7c3cf7120253,not_disclosed,male,no,46-55,other,rwandan,n/a
e09acc8e-dcce-4360-86dd-1c73f37a9d48,not_disclosed,female,no,56-65,christian,rwandan,n/a
a3dd1fbd-5dec-41c5-8b07-e854873987f1,not_disclosed,male,no,56-65,christian,rwandan,n/a
f68e1243-ea53-4e6c-8222-ed0e1b6c5a9e,not_disclosed,female,no,46-55,christian,rwandan,n/a
a7eda420-6d89-45ae-ae69-479db6341a2f,not_disclosed,male,no,56-65,christian,rwandan,n/a
497f5291-14ca-4689-802f-71eacaa03c33,not_disclosed,male,no,26-35,christian,rwandan,n/a
155987ef-6959-455d-b3e3-06c584ed531f,not_disclosed,female,no,18-25,christian,rwandan,n/a
aee97ece-11e3-4555-a124-c1c4a577d65b,not_disclosed,male,no,26-35,christian,rwandan,n/a
5a38f784-2f5b-46a9-b4f5-febef7cf6822,not_disclosed,male,no,56-65,christian,rwandan,n/a
81389a54-a1d6-47f1-bef4-55c1ed9cb020,not_disclosed,female,no,26-35,christian,rwandan,n/a
15511607-9513-48b9-bcb8-39a6c63bd84c,not_disclosed,male,no,26-35,muslim,rwandan,n/a
ae7d8c62-5697-4ce1-b3ac-1371d52e1c19,not_disclosed,male,yes,56-65,christian,rwandan,n/a
97171963-896c-4433-bfa8-d79e767bc88f,not_disclosed,male,no,56-65,muslim,rwandan,n/a
dd52fafd-7f96-4d92-b68d-36a6fab5d6a9,not_disclosed,female,no,66+,christian,rwandan,n/a
fa069ee8-3db2-4d4a-afb3-ea66a74f0705,not_disclosed,male,no,66+,christian,rwandan,n/a
7c0819ae-209b-42d7-b038-9223a627216a,not_disclosed,male,no,46-55,muslim,rwandan,n/a
12105358-5c41-4c03-bf1c-1c8d0a29d5f1,not_disclosed,male,no,36-45,christian,rwandan,n/a
03b1eecf-edf9-4c83-8e19-1e72a001446b,not_disclosed,male,no,26-35,christian,rwandan,n/a
067a0e03-a3ff-4067-9f7e-10e997c91bf9,not_disclosed,female,yes,26-35,christian,rwandan,n/a
79f18082-adc8-4f64-ad0a-904c0c2286a6,not_disclosed,male,no,26-35,other,rwandan,n/a
c76814cf-cca3-4f3e-b50f-1b5fa3cc27c0,not_disclosed,male,no,46-55,christian,rwandan,n/a
a167b421-39bb-47c6-9729-6bdc0c03c770,not_disclosed,male,no,36-45,christian,rwandan,n/a
d51db3e2-02ba-437b-9873-e6b9e1398f88,not_disclosed,male,no,18-25,christian,rwandan,n/a
5a2e2880-8e12-4264-a736-c9972ca00f1f,not_disclosed,female,no,46-55,christian,rwandan,n/a
28d22f50-9af3-4fab-b6eb-166edfa929cc,not_disclosed,male,no,46-55,christian,rwandan,n/a
7690d35f-4095-46e7-943a-5da9f0268f41,not_disclosed,male,no,26-35,other,other,n/a
0f76b86d-64c2-4a2d-928c-cae76099d91b,not_disclosed,male,no,26-35,christian,rwandan,n/a
2a930296-5da3-44c3-aae9-062027e436f5,not_disclosed,male,no,18-25,christian,rwandan,n/a
8082c58e-d543-41e0-910d-2f5b326ab4ba,not_disclosed,female,no,18-25,muslim,rwandan,n/a
943b2a60-c8b3-40de-8742-2f5fe695d8c8,not_disclosed,female,no,46-55,christian,other,n/a
489facd1-713c-4e74-b117-84464e17e5ee,not_disclosed,male,yes,18-25,christian,rwandan,n/a
6bd2161e-73ae-492f-843a-57c3723141b0,not_disclosed,male,no,66+,christian,rwandan,n/a
5ca80687-f025-4271-a591-e69ff401f4fb,not_disclosed,male,yes,36-45,christian,rwandan,n/a
1e6ebe26-8430-4677-bb99-c5e1288067c1,not_disclosed,male,no,18-25,christian,rwandan,n/a
7c4c6b53-f8cf-40a4-9f2e-b9cd93f78d53,not_disclosed,female,no,18-25,christian,rwandan,n/a
2fce877e-39ac-4d14-ba16-f42fcac105dd,not_disclosed,male,no,66+,christian,rwandan,n/a
6086e135-a86c-48ac-9ed8-dc20365a7fb3,not_disclosed,male,no,36-45,christian,rwandan,n/a
10256dd2-4dda-4d5e-9abd-7289b655c8b8,not_disclosed,male,no,46-55,christian,rwandan,n/a
5cd0d218-fcc5-4933-9a83-009cd86d28c8,not_disclosed,male,no,26-35,christian,rwandan,n/a
4153439b-404f-40de-b1c3-1ea103a9dd3d,not_disclosed,male,no,26-35,christian,rwandan,n/a
473b59ed-4698-4d18-9230-db522b3a93cb,not_disclosed,female,no,26-35,christian,rwandan,n/a
a5e37b42-b954-4af2-8cde-a86c9247ff8c,not_disclosed,male,no,66+,none,rwandan,n/a
b9568d86-bc90-461f-86ac-bb54e882cf3b,not_disclosed,male,no,66+,christian,rwandan,n/a
6ec54252-38af-4f2c-a698-76b608937cf7,not_disclosed,male,no,18-25,christian,rwandan,n/a
22aa3ee7-ba25-4516-8bc3-64c18816de74,not_disclosed,male,no,18-25,muslim,rwandan,n/a
656ee90d-2cae-4a24-b851-acd5388eab12,not_disclosed,male,no,26-35,christian,rwandan,n/a
d80d10fb-039b-4cd6-8850-43ad90cadb6a,not_disclosed,male,yes,46-55,christian,rwandan,n/a
78672cdc-91ea-425c-87d0-3fe1228c63fc,not_disclosed,male,no,46-55,christian,rwandan,n/a
a34345ab-2620-4bde-b9f0-df9945a6340c,not_disclosed,male,no,26-35,christian,rwandan,n/a
3efc9c11-3a05-4fee-ac9b-5a1365eebdbd,not_disclosed,female,no,36-45,christian,rwandan,n/a
02367ec3-485e-43a1-b9f3-b2690e965e43,not_disclosed,male,no,26-35,christian,rwandan,n/a
246e0ec5-5e86-40f1-a342-f830692840aa,not_disclosed,male,no,18-25,christian,rwandan,n/a
48640a95-b8ef-492f-b548-b160dd516705,not_disclosed,male,no,26-35,christian,rwandan,n/a
3801855a-1d56-408f-843b-83026077d600,not_disclosed,male,no,56-65,christian,rwandan,n/a
e86a80b5-ca7f-4ff9-bdbd-b67c375ef337,not_disclosed,male,no,36-45,christian,rwandan,n/a
5a19264d-5fa2-4033-a2e4-faddc227449a,not_disclosed,female,yes,18-25,christian,rwandan,n/a
c66eff93-39bd-422a-82ee-1f23c0e402b6,not_disclosed,male,no,66+,christian,rwandan,n/a
6f0a7778-7e27-4e08-bf37-1694a1a1aafe,not_disclosed,male,no,26-35,christian,rwandan,n/a
682546fd-a536-4b7a-825c-8ab46642a195,not_disclosed,male,no,56-65,christian,rwandan,n/a
d5151541-3d12-4b68-b1be-a8279f505862,not_disclosed,female,no,46-55,christian,rwandan,n/a
54bdcb8d-1beb-4b4f-8623-36791c85bc8f,not_disclosed,male,yes,36-45,christian,rwandan,n/a
2b0a6d07-422e-4af6-88ba-5211d07e0b9a,not_disclosed,male,no,56-65,christian,rwandan,n/a
7f6cb9f2-38ad-4a85-a0a0-6fbe607ef61f,not_disclosed,male,no,18-25,christian,rwandan,n/a
67df2d4f-808b-4c16-b640-fa09c27d9404,not_disclosed,male,no,26-35,christian,rwandan,n/a
ecf0730c-fc31-4da6-bb1b-f54e601a8a9a,not_disclosed,male,no,46-55,christian,rwandan,n/a
8c615d28-3ae5-47cc-bd6a-7c415de73b04,not_disclosed,female,no,66+,christian,rwandan,n/a
a960addc-62ec-4c8d-86f6-96b5e62a8b02,not_disclosed,female,no,56-65,christian,rwandan,n/a
799bb576-76e7-4e4a-9747-25ba61865c08,not_disclosed,male,no,46-55,christian,rwandan,n/a
b8ebb03c-1eb4-4dde-adc9-df030fff7770,not_disclosed,female,no,56-65,christian,rwandan,n/a
4e13ee43-9189-4f8d-b1fa-639c887a682f,not_disclosed,male,no,56-65,christian,rwandan,n/a
39010a13-3f39-4953-ac05-470aa0ff1739,not_disclosed,male,no,26-35,muslim,rwandan,n/a
3d240875-ea3b-43fd-9b87-92399481bd3d,not_disclosed,male,no,66+,christian,rwandan,n/a
dc2c5637-1549-4818-b92e-ee054b9eb43a,not_disclosed,male,no,56-65,other,rwandan,n/a
7f159bed-bc93-4b17-905a-af81196e5d35,not_disclosed,female,no,46-55,christian,rwandan,n/a
35212c0b-e877-48c4-849c-6fc0f0c32771,not_disclosed,male,no,66+,christian,rwandan,n/a
f42b8e83-6dd2-43e3-a346-52293ce9cd0e,not_disclosed,female,no,26-35,christian,rwandan,n/a
b12ef8c9-4ffa-46fa-afd9-8ecb5eda57fc,not_disclosed,male,no,46-55,christian,rwandan,n/a
10452bfa-3309-483b-aeda-0a1e6de5c714,not_disclosed,female,no,36-45,christian,rwandan,n/a
3ca2b572-1498-45ea-ac03-1616118efac8,not_disclosed,female,no,46-55,christian,rwandan,n/a
d56f60d2-aec1-4ed7-a9bf-10116ff43a7e,not_disclosed,female,no,46-55,christian,rwandan,n/a
41b2f8b8-78b4-4208-b110-daa9df996e74,not_disclosed,female,no,36-45,christian,rwandan,n/a
4976ad25-73c6-48a3-bb64-3ed5e9ba8ed4,not_disclosed,male,no,66+,christian,rwandan,n/a
0d42455c-3867-4b22-99e0-87d6f2fe1227,not_disclosed,male,no,46-55,christian,rwandan,n/a
f8c53436-48f2-4456-a41f-76cc0b584fd4,not_disclosed,female,no,66+,christian,rwandan,n/a
e39f3ce7-b26b-445c-a25b-15b8a9400aab,not_disclosed,male,no,36-45,christian,rwandan,n/a
b27b7247-5ff9-48ce-95e1-0f5507fdcd7f,not_disclosed,female,no,56-65,christian,rwandan,n/a
14c90ed7-9ba9-49ef-8bdb-81cb7f9df985,not_disclosed,male,no,26-35,christian,rwandan,n/a
d9060745-fa50-4f48-b479-943907c9f81a,not_disclosed,female,no,36-45,christian,rwandan,n/a
f5fa3c68-e901-41cc-8693-44f01ebb0798,not_disclosed,female,no,56-65,christian,rwandan,n/a
86afb626-0539-48e9-8fc0-2643936e27dc,not_disclosed,female,no,18-25,christian,rwandan,n/a
20998625-25fa-4b3b-ab28-4654fff9d95f,not_disclosed,male,no,46-55,christian,rwandan,n/a
1f1f078d-d878-4896-a271-66ae93775e52,not_disclosed,male,no,36-45,christian,rwandan,n/a
0fa568e2-ac74-469f-91c1-640f57d32b8a,not_disclosed,female,no,26-35,christian,rwandan,n/a
ea28fc93-4149-4b3f-a8df-ae67f036cb08,not_disclosed,male,no,46-55,christian,rwandan,n/a
80a854d5-47b3-4da3-a513-3c78ca1312d7,not_disclosed,male,no,36-45,christian,rwandan,n/a
aee03c2b-62c7-41cc-ae73-44da1bdd9b11,not_disclosed,male,no,36-45,christian,other,n/a
4a20589c-0e7e-4cc3-8b7a-b8e4a0e31490,not_disclosed,male,no,26-35,christian,rwandan,n/a
87ddfc66-b276-4e48-a16e-165c5a492dcd,not_disclosed,male,no,36-45,christian,rwandan,n/a
242b0d61-19a5-48a1-8649-dfc6d714ff89,not_disclosed,male,no,36-45,christian,rwandan,n/a
f70e46c9-e56b-4b34-b8e1-3e9d716146f8,not_disclosed,male,no,26-35,none,rwandan,n/a
0b25eb45-5b88-40ad-b67d-d313ea649be0,not_disclosed,female,no,66+,christian,rwandan,n/a
b5c64601-5fd7-4056-8bf1-8ddd3d2dd212,not_disclosed,male,no,46-55,muslim,rwandan,n/a
86b93182-d4cd-42f8-9340-76691b513d7b,not_disclosed,male,no,56-65,christian,rwandan,n/a
7ffb2002-f215-46c9-91e3-7deca7b0aad6,not_disclosed,male,no,46-55,christian,rwandan,n/a
61583772-fce7-4fdf-a9db-b280f30c281e,not_disclosed,female,no,46-55,christian,rwandan,n/a
8fea2bf5-79dc-41a6-84c1-f04ce024d396,not_disclosed,male,no,26-35,christian,rwandan,n/a
e349cef8-6f02-4cb8-98da-68cd852bbfea,not_disclosed,male,no,46-55,christian,rwandan,n/a
7100725a-ccbe-47d1-b15e-dc0b8a332cd4,not_disclosed,male,no,56-65,christian,rwandan,n/a
f0980962-cf50-4f02-91e0-61ad9fbce174,not_disclosed,male,no,26-35,christian,rwandan,n/a
f8da6e70-c304-47dd-b2cf-3240534e0627,not_disclosed,male,no,36-45,muslim,rwandan,n/a
1cf08162-80be-4bb0-b306-be048ed6cd6a,not_disclosed,male,no,18-25,christian,rwandan,n/a
1659f1b6-831f-4cc1-8465-add0580c7570,not_disclosed,male,no,36-45,christian,rwandan,n/a
98875ed0-0254-4d43-b999-127925fb9dff,not_disclosed,female,no,66+,christian,rwandan,n/a
1c6e55a8-87e9-4b89-a87a-2402c8d7434e,not_disclosed,female,no,46-55,christian,rwandan,n/a
99510295-0224-4707-8a82-4a8e57cffa8a,not_disclosed,female,no,36-45,christian,rwandan,n/a
c2dc59cd-7ac8-4a7a-9768-3044e2582218,not_disclosed,male,no,66+,christian,rwandan,n/a
0a9dcc41-f5c7-4b98-a526-1a89f870b654,not_disclosed,male,no,56-65,other,rwandan,n/a
120f3645-adb0-4a65-8ab1-726cba2cf33a,not_disclosed,female,no,26-35,christian,rwandan,n/a
8818f90f-b512-4cda-84fd-b2e84ef056b3,not_disclosed,female,no,46-55,christian,rwandan,n/a
6f3b37bc-254c-4f57-ae33-be8e1cd7384d,not_disclosed,male,no,26-35,christian,rwandan,n/a
f3497b2e-650e-4113-8538-d1683c78914e,not_disclosed,male,no,46-55,christian,rwandan,n/a
78711f9d-12cb-479a-9011-38f19c5e2264,not_disclosed,male,no,46-55,christian,rwandan,n/a
693a5bdc-cd34-41b0-ad48-fabd753ed224,not_disclosed,female,no,36-45,christian,rwandan,n/a
5876ab28-0828-4358-a175-d8d436ae970a,not_disclosed,male,no,26-35,christian,rwandan,n/a
93cc48f9-0012-4387-8f4e-3ca72d42032f,not_disclosed,female,no,26-35,christian,rwandan,n/a
8ceb87b1-eca8-4ca3-8ec6-4ee58e7c96da,not_disclosed,male,no,36-45,muslim,rwandan,n/a
1db531cb-dab3-41cd-9ab6-52df8e8f0e2d,not_disclosed,male,no,66+,christian,rwandan,n/a
9b80488b-006f-48e9-92e1-030cf9ccae4c,not_disclosed,female,yes,26-35,none,rwandan,n/a
5fadd8c4-0e5c-4a37-987c-e155b49b235c,not_disclosed,male,no,36-45,muslim,rwandan,n/a
ce87676b-ad83-4aa4-a96c-8f7f95b4f608,not_disclosed,male,no,66+,christian,rwandan,n/a
47e2d8fc-c0b6-4992-bfaf-2f1f09c8cd39,not_disclosed,male,no,26-35,christian,rwandan,n/a
2132abe2-6ce9-4e71-92d1-5baa74b8fb1d,not_disclosed,male,no,36-45,christian,rwandan,n/a
19870b97-dde6-49d4-b91c-c02ee8efc610,not_disclosed,male,yes,26-35,christian,rwandan,n/a
b5230421-2aa9-4132-99d5-1505eac4285b,not_disclosed,male,no,26-35,christian,rwandan,n/a
dba89078-ef79-4b40-a9db-615f066bc1a0,not_disclosed,female,no,46-55,christian,rwandan,n/a
7ad2d3dc-a3c5-427b-a16a-743f68ca4836,not_disclosed,male,no,66+,christian,rwandan,n/a
6b9bbbc3-f7bc-4d60-875d-f298d56b9599,not_disclosed,male,no,36-45,christian,rwandan,n/a
ca67050d-84e4-4c4d-a411-65654a0e8c7a,not_disclosed,female,no,26-35,christian,rwandan,n/a
7181c8cb-4b01-4a3b-89a2-d39381e6cc19,not_disclosed,female,no,46-55,christian,rwandan,n/a
cdb146cb-b751-4523-aae8-d3dacf99707d,not_disclosed,male,no,46-55,christian,rwandan,n/a
050f3c02-0e5d-40c4-b61b-a3c077e5e0e6,not_disclosed,male,no,46-55,christian,rwandan,n/a
4256e5a2-2c7b-40f3-ad25-73ce9739b135,not_disclosed,female,no,46-55,christian,rwandan,n/a
20ecc41d-cb01-4a11-bce8-2840b88a8461,not_disclosed,male,no,46-55,christian,rwandan,n/a
1d69987e-d9f7-4e67-af3b-406817c1c2d8,not_disclosed,male,no,46-55,christian,rwandan,n/a
539918ba-becf-470e-a233-f15ea3d549b5,not_disclosed,male,no,46-55,christian,rwandan,n/a
f239eae6-2f89-4fe7-8cb3-7dc9fe9d7bbb,not_disclosed,female,no,18-25,christian,rwandan,n/a
276107aa-628e-4b2c-8d36-fe058666850c,not_disclosed,male,no,18-25,christian,rwandan,n/a
03bf04cd-f83a-4401-97c9-a90d22bd9ec5,not_disclosed,male,no,26-35,christian,rwandan,n/a
af1f4cc2-8f45-4564-b169-70c1c801bb68,not_disclosed,male,no,66+,muslim,rwandan,n/a
092fd6ed-bb59-4cc8-b264-fbe35e1948f9,not_disclosed,female,no,36-45,christian,rwandan,n/a
9c983eb9-1265-4228-ad21-1cc10fd805fa,not_disclosed,female,no,36-45,christian,rwandan,n/a
dca62213-f769-4d97-b4ef-56b058ff1a99,not_disclosed,female,yes,26-35,none,rwandan,n/a
c80fb459-0e66-493f-ad08-9834fb6090fd,not_disclosed,male,no,36-45,christian,rwandan,n/a
0dbbb9e7-e6a1-4837-90da-0b1b57212573,not_disclosed,male,no,66+,christian,rwandan,n/a
3e589005-799a-48f8-8bd6-78300dc581bd,not_disclosed,male,no,46-55,christian,rwandan,n/a
02ea325d-0a25-4b2d-b39d-f822d81e7010,not_disclosed,male,no,56-65,christian,rwandan,n/a
5d6705fb-e0ee-44da-9b71-edc65138b363,not_disclosed,female,no,56-65,christian,rwandan,n/a
d613d460-3d12-4149-9bf4-c6950d1e0971,not_disclosed,male,no,18-25,christian,rwandan,n/a
a8bad0a6-9230-4ea4-821b-1d919f709028,not_disclosed,male,no,66+,christian,rwandan,n/a
408f31e7-253e-43ce-a8de-2e97776d67bf,not_disclosed,female,no,26-35,christian,rwandan,n/a
11868052-5c2c-48d9-9ee1-69b249651af9,not_disclosed,male,no,56-65,christian,rwandan,n/a
bd9f0e41-dd36-4323-8b4f-f0d8dd8f33c5,not_disclosed,male,no,46-55,christian,rwandan,n/a
da2faff1-c6dc-4e7e-a9d0-b6bf378f2f17,not_disclosed,male,no,26-35,christian,rwandan,n/a
5572dc83-1e4e-4532-b626-afab1b1b2799,not_disclosed,male,no,36-45,christian,rwandan,n/a
bfe719f7-ae0a-4762-9f29-6f2a7cf0b3ea,not_disclosed,female,no,66+,christian,rwandan,n/a
3f5788ac-54a8-496b-8b37-de886a17e9e2,not_disclosed,male,yes,26-35,christian,rwandan,n/a
ef487231-57da-4ff3-aa37-648d9a4d6b39,not_disclosed,female,no,26-35,christian,rwandan,n/a
2dee32f1-1cc7-4cd1-ab55-44a049c9041f,not_disclosed,male,no,26-35,christian,rwandan,n/a
f11da470-b86a-427e-975c-f19c0741791f,not_disclosed,male,yes,26-35,christian,rwandan,n/a
2b4aeb26-2d9d-4a2e-9588-6f4e8f6ef5ca,not_disclosed,female,no,66+,christian,rwandan,n/a
ec490345-f23d-41de-a53a-2785d18357dc,not_disclosed,male,no,56-65,christian,rwandan,n/a
86c4565d-13a7-4fed-9b76-bc48da1b13a7,not_disclosed,male,no,26-35,christian,rwandan,n/a
d6e7540b-8206-4773-9f13-27b15697b3af,not_disclosed,male,no,36-45,other,rwandan,n/a
a0d22f12-f2f4-4929-a6ab-0b7524a3b514,not_disclosed,male,no,66+,christian,rwandan,n/a
6f32c702-4a4f-4ada-aeb6-36e9657d0013,not_disclosed,male,no,36-45,christian,rwandan,n/a
c195c4d7-2712-4632-97f1-94666f99424c,not_disclosed,male,no,56-65,christian,rwandan,n/a
6592d34b-da9f-4995-a561-f210a8c03137,not_disclosed,male,no,26-35,none,rwandan,n/a
6f74ae35-25ad-4cc1-8d73-1321378a04db,not_disclosed,male,no,66+,christian,rwandan,n/a
127c9ce0-f033-461f-97f1-e55a7606e67f,not_disclosed,male,yes,26-35,other,rwandan,n/a
8932ab12-8c9d-467f-896a-44b1ef4e57e3,not_disclosed,female,no,56-65,other,rwandan,n/a
6dcf17a4-2dbd-4c82-9670-ef62f240e75b,not_disclosed,male,no,26-35,christian,rwandan,n/a
2686f7d2-15b4-49f1-8113-103b4e04616c,not_disclosed,male,no,36-45,muslim,rwandan,n/a
88bb5d69-6bee-4d74-bdd2-7d27d5f8306e,not_disclosed,male,no,56-65,christian,rwandan,n/a
a9dbae20-2850-4266-98e5-f26c3fc6510e,not_disclosed,male,no,36-45,christian,rwandan,n/a
750ee684-078d-42ea-be24-d5229ee0f225,not_disclosed,male,no,46-55,christian,rwandan,n/a
b7acf56f-994b-4dca-8cfc-f880f5ddb07a,not_disclosed,female,no,46-55,christian,rwandan,n/a
cceea432-f5a2-4b75-b020-7d710574dfe0,not_disclosed,male,no,56-65,christian,rwandan,n/a
a92af4b1-7fbb-4d6b-860d-4bc7ed55d86f,not_disclosed,female,no,36-45,christian,rwandan,n/a
f8014d1a-0e36-432d-a545-ecdce49b6c6f,not_disclosed,male,no,56-65,christian,rwandan,n/a
a2fd0ca8-a91c-429e-8116-3d172772d073,not_disclosed,male,no,46-55,christian,rwandan,n/a
1ee05802-2182-486b-9cd1-8f8a05d5f2bc,not_disclosed,female,no,26-35,christian,rwandan,n/a
1663b756-dc08-4843-a822-14cbbc20ab60,not_disclosed,male,no,66+,none,rwandan,n/a
738393bb-c120-431f-9eb2-92d536bbcfff,not_disclosed,female,no,18-25,christian,rwandan,n/a
9451f761-131d-4a37-b374-76f1dfd2a877,not_disclosed,male,no,46-55,muslim,rwandan,n/a
ae7881c7-ce04-45ae-abe0-fc95ccea31ee,not_disclosed,male,no,46-55,christian,rwandan,n/a
7724c604-7b77-4085-9e3e-c1156059e643,not_disclosed,male,no,26-35,none,rwandan,n/a
0eb8f523-b663-40bd-8fc8-4278b705ea69,not_disclosed,female,no,56-65,christian,rwandan,n/a
14ba5888-1cbf-4408-8d20-7a9d413e19ac,not_disclosed,female,no,26-35,other,rwandan,n/a
ded2df58-1dc2-4470-bd1c-cc173f62673a,not_disclosed,male,no,46-55,christian,rwandan,n/a
b128aac8-53e7-4c3f-957d-d4476a5edaac,not_disclosed,male,no,18-25,other,rwandan,n/a
a01f219c-a4d7-44ce-92f0-4a844656ef4a,not_disclosed,female,no,46-55,christian,rwandan,n/a
851a4646-33f0-4ad3-8bb8-cdb2b0db8d5c,not_disclosed,female,no,26-35,christian,rwandan,n/a
1dfa98ce-de57-457e-9d70-4d14b5781b3a,not_disclosed,male,no,26-35,christian,rwandan,n/a
4d066656-b7e8-44d1-83f8-73cf0d413391,not_disclosed,male,no,18-25,christian,rwandan,n/a
e2920750-890c-4ee8-8435-d5b9017dbf1d,not_disclosed,male,no,66+,christian,rwandan,n/a
758804b7-945e-4fa4-aeab-e29f2df9f912,not_disclosed,male,no,26-35,christian,rwandan,n/a
61f631d6-42be-424d-ba37-31f47c65f627,not_disclosed,female,no,36-45,christian,rwandan,n/a
ccfccd4e-8e40-426f-aa26-5456c3756a1b,not_disclosed,female,no,56-65,christian,rwandan,n/a
0b9fb44b-8b3e-41bb-a97c-eafc0ef49941,not_disclosed,male,no,56-65,none,rwandan,n/a
78a04be0-e4c3-489b-a7e4-d527c61a1165,not_disclosed,female,no,18-25,christian,rwandan,n/a
aa7feb6d-dbd3-4edd-ac9c-810f70898aba,not_disclosed,male,no,56-65,christian,rwandan,n/a
d53331b8-0300-4bff-9df8-bc270904aa2f,not_disclosed,female,no,46-55,christian,rwandan,n/a
a4870ff1-ebd9-4bef-8d84-98afce64609c,not_disclosed,female,no,46-55,christian,rwandan,n/a
79c711a3-6087-435e-9274-6d31ec3db2c7,not_disclosed,male,no,46-55,christian,rwandan,n/a
7956bbfe-de14-401e-8bef-f3dfa191baa0,not_disclosed,male,no,56-65,christian,rwandan,n/a
f028d01f-c105-40b2-b665-d97d9f5773ab,not_disclosed,female,no,56-65,christian,rwandan,n/a
6aa8be3d-bd96-4f46-b9e5-ccdf75e965fb,not_disclosed,male,no,26-35,christian,rwandan,n/a
4733a7bf-2608-4fcc-accc-7ed10dfd86fb,not_disclosed,male,no,26-35,muslim,rwandan,n/a
e0c74b17-dd80-40d0-ace4-27a138e3779c,not_disclosed,female,no,46-55,christian,rwandan,n/a
918ab273-434f-4d22-b2b7-0e2c15460d37,not_disclosed,female,no,36-45,christian,rwandan,n/a
c2d972fd-c087-4f00-80ca-8b634ad731bb,not_disclosed,male,no,56-65,christian,rwandan,n/a
07c0c2fd-0175-4132-9cb0-f9c148c2f7e2,not_disclosed,male,no,56-65,christian,rwandan,n/a
c41cfe5a-f2ce-42a0-be0d-aa61730c229c,not_disclosed,male,no,66+,christian,rwandan,n/a
d14cf831-8fb0-4b16-aa24-cb111c33247f,not_disclosed,male,no,36-45,christian,rwandan,n/a
2b38eb81-65db-4589-95ea-1a18ac296203,not_disclosed,male,no,26-35,christian,rwandan,n/a
ae615679-e398-4b58-ab91-48be5655e42f,not_disclosed,male,no,26-35,christian,rwandan,n/a
52c0bd97-799c-4035-aa83-3cbc82dabd72,not_disclosed,male,no,18-25,christian,rwandan,n/a
f04bfa9e-7c7b-4305-be95-324c775e1225,not_disclosed,female,no,66+,christian,rwandan,n/a
cbd66d3f-2aca-4a3a-a69f-b400c4267a07,not_disclosed,male,no,36-45,christian,other,n/a
cbd80ae5-6732-4dea-85a9-9eeffc9b92ad,not_disclosed,male,no,46-55,christian,rwandan,n/a
6af41ea1-3f88-4c68-8812-eb3888819e78,not_disclosed,male,no,26-35,christian,rwandan,n/a
ed016389-1b4a-47af-af0c-fd0aea381c3f,not_disclosed,male,no,56-65,christian,rwandan,n/a
076872d3-3067-4f32-9358-d60df67ca963,not_disclosed,male,no,66+,christian,rwandan,n/a
eeeeee8b-4ed2-4899-ac6d-394f53ab9c77,not_disclosed,male,no,46-55,christian,rwandan,n/a
b091564c-2a62-4b8b-9ab4-26abaeba5c7b,not_disclosed,male,no,26-35,christian,rwandan,n/a
45316b2d-1c2e-4c16-9495-d1e4ed512ac2,not_disclosed,male,no,36-45,christian,rwandan,n/a
d0fd5310-d421-4d97-85d8-762e4a93c79d,not_disclosed,male,no,46-55,christian,rwandan,n/a
8541cdc3-1273-48ad-8684-dd2c9ebb7126,not_disclosed,male,no,36-45,christian,rwandan,n/a
cc11589f-d757-40a2-b8e5-178fc8d71a0e,not_disclosed,male,no,36-45,christian,rwandan,n/a
fe46a439-d5f7-415e-bbcc-67108f92bd1c,not_disclosed,male,no,26-35,christian,rwandan,n/a
091b93fd-1126-4c95-8c2d-afa004318173,not_disclosed,male,no,36-45,muslim,rwandan,n/a
529be4de-0b28-4876-a053-439ca6c01461,not_disclosed,male,no,56-65,christian,rwandan,n/a
02fc6d6a-43ec-43c2-9264-14650f1a38f5,not_disclosed,male,no,46-55,christian,rwandan,n/a
78a97558-b01c-415c-97e7-587eeba0e751,not_disclosed,male,no,18-25,christian,rwandan,n/a
16afcc76-f01e-41cc-b842-90664f21fdf5,not_disclosed,female,no,66+,none,rwandan,n/a
e817ae59-16c7-43bc-8d45-6fd363569df6,not_disclosed,female,no,26-35,muslim,rwandan,n/a
9c40bb31-b530-47a5-ad10-e4d164532c70,not_disclosed,male,no,36-45,christian,rwandan,n/a
e0b884f0-baee-44ed-bebd-7947b4858b79,not_disclosed,female,no,26-35,christian,rwandan,n/a
b158a40d-f31b-48b4-91e4-99ca04ccd8e9,not_disclosed,female,no,46-55,christian,rwandan,n/a
fbce8d4c-02dd-4054-a7c8-d2825ebd52d8,not_disclosed,male,no,26-35,christian,rwandan,n/a
93d28d4d-3bfc-49ec-a74f-39efe9454230,not_disclosed,male,no,66+,christian,rwandan,n/a
ffe2e7df-8ad4-4b1f-9cf6-9e0a4bd4c15e,not_disclosed,male,no,66+,christian,rwandan,n/a
0152471d-2c8d-4b5b-8275-532e0c296a3d,not_disclosed,female,no,56-65,christian,rwandan,n/a
cbd59b44-dd05-472f-94c1-05571645752e,not_disclosed,male,no,66+,christian,rwandan,n/a
94edd692-6aca-4e4a-b8b3-497f09d02c07,not_disclosed,male,no,56-65,christian,rwandan,n/a
aa18a080-a97e-42b6-9568-7d7bf436e3ee,not_disclosed,male,no,36-45,muslim,rwandan,n/a
e4cbd40e-e169-4591-8da3-359117522cff,not_disclosed,male,no,46-55,christian,rwandan,n/a
6b8a8a35-f56d-4096-96fb-6474a41d1677,not_disclosed,male,no,36-45,christian,rwandan,n/a
61c38976-8097-4fc7-a9ff-dad0f1d248bc,not_disclosed,male,no,26-35,christian,rwandan,n/a
429ccb8d-f1bd-4898-a9af-064a6f876f72,not_disclosed,male,no,46-55,christian,rwandan,n/a
8e02d2d7-e33c-4c38-9317-e38f3f043aaa,not_disclosed,male,no,26-35,christian,rwandan,n/a
5b4e9f3b-72ac-4d6a-b3ae-030081a43704,not_disclosed,male,no,56-65,christian,rwandan,n/a
8502016d-7c09-4fc0-aa52-f56f59d0cc26,not_disclosed,male,no,56-65,christian,rwandan,n/a
d88fac22-c3a4-42eb-bd30-3481db3d0cc9,not_disclosed,male,no,56-65,christian,rwandan,n/a
1bbe7131-47be-4e28-8eac-7b21fdee31e2,not_disclosed,male,no,66+,christian,rwandan,n/a
912e472b-3ffa-4647-90ad-6baeb8780190,not_disclosed,female,no,66+,other,rwandan,n/a
5a2c04c9-6b0b-4e86-a7ff-a7576a2176e1,not_disclosed,female,no,36-45,christian,rwandan,n/a
50112457-4e0b-43a5-ae10-b98c9766e196,not_disclosed,female,no,56-65,christian,rwandan,n/a
2583651e-5a79-46ad-a7cb-34741cc2289c,not_disclosed,male,no,26-35,christian,rwandan,n/a
fda7acab-eb61-4257-91f9-3083729cdcd3,not_disclosed,male,no,46-55,christian,rwandan,n/a
89ec4dcb-be56-4e60-ba00-7e5a19b5897a,not_disclosed,male,no,36-45,christian,rwandan,n/a
e9b95e92-17d5-43b7-b512-3495646363cb,not_disclosed,male,no,66+,christian,rwandan,n/a
2448443e-0a89-4837-b411-e4f30435419f,not_disclosed,female,no,46-55,christian,rwandan,n/a
57c1cf8a-d83e-4dcb-bb31-ebe12aa4fc8a,not_disclosed,male,yes,26-35,christian,rwandan,n/a
472fbdcc-9690-4653-827a-5705a4e5ff23,not_disclosed,female,no,46-55,christian,rwandan,n/a
28ac618a-0278-4559-b620-2dc124c92b63,not_disclosed,male,no,26-35,christian,rwandan,n/a
8204497c-35ba-4206-8b02-f723739e3518,not_disclosed,male,no,26-35,other,rwandan,n/a
b2731d50-3bb6-4fea-a140-b620f5ab3eb5,not_disclosed,male,no,66+,christian,rwandan,n/a
dbe379c7-9445-453a-91ac-8a266dc6076e,not_disclosed,female,no,56-65,muslim,rwandan,n/a
c88c430a-b276-46f0-b84d-c498b09b85a3,not_disclosed,male,no,66+,christian,rwandan,n/a
495d4d1e-de0f-4025-ba92-38713d8d5325,not_disclosed,female,no,36-45,christian,rwandan,n/a
af6ac045-af96-4bc7-83af-cfe5ab7ae850,not_disclosed,male,no,46-55,christian,rwandan,n/a
173793f5-13a4-43fd-95be-4ad3939b2217,not_disclosed,male,no,46-55,christian,rwandan,n/a
d384cccd-91b7-46de-b3fc-26e39be4633a,not_disclosed,male,no,56-65,christian,rwandan,n/a
c66d0a46-00f2-4809-803f-06b284384c69,not_disclosed,male,no,46-55,christian,rwandan,n/a
c1a151e6-9d30-49d6-8797-6ed6b78d8c7c,not_disclosed,female,no,66+,christian,rwandan,n/a
a7224cce-125d-4abf-9d38-b1ab9a872c67,not_disclosed,male,no,26-35,christian,rwandan,n/a
499972c6-0e06-4de8-9c17-485f619cd14e,not_disclosed,female,no,26-35,christian,rwandan,n/a
06c1fdc9-699a-4914-b192-ee75e0971598,not_disclosed,male,no,36-45,other,rwandan,n/a
41c23850-1fea-4b67-9355-3c16f741b3ff,not_disclosed,male,no,36-45,christian,rwandan,n/a
702d02c3-0248-4451-8593-3c1cbd157561,not_disclosed,male,no,36-45,christian,rwandan,n/a
7779d99b-fc60-4f84-ad57-967fe3f32e57,not_disclosed,female,no,36-45,christian,rwandan,n/a
ed107e5e-e855-4fb9-a419-acd838f6877d,not_disclosed,female,no,46-55,christian,rwandan,n/a
84341172-eef2-42f7-90df-3c8782fff5fe,not_disclosed,male,no,18-25,christian,rwandan,n/a
8d09d0a9-3620-453c-9210-3cc7ebabd2d6,not_disclosed,female,no,46-55,other,rwandan,n/a
031a6a94-d208-4b0e-977c-f8f6aaed2029,not_disclosed,female,no,36-45,christian,rwandan,n/a
b5edfaec-1c81-4abf-91a1-a2c86e76f810,not_disclosed,male,no,26-35,christian,rwandan,n/a
e1558ceb-e010-4cca-8c90-03e0d7dd056e,not_disclosed,male,no,66+,christian,rwandan,n/a
d50da700-d5d7-42e8-b306-ced539a19fe7,not_disclosed,male,no,26-35,other,rwandan,n/a
6908771d-fbe7-4f52-ad48-8b447cda1b51,not_disclosed,male,no,46-55,christian,rwandan,n/a
339316fd-e793-4859-b7b7-fb96739233aa,not_disclosed,male,no,66+,christian,rwandan,n/a
2332a31f-1f3b-492b-917f-7af892fcc459,not_disclosed,male,no,56-65,christian,rwandan,n/a
c4568f22-f0e5-40cb-bc1f-26d5f25e7c1b,not_disclosed,female,no,36-45,muslim,rwandan,n/a
da8d16c7-b2ca-4e7e-969f-3994a0b4be53,not_disclosed,female,no,56-65,christian,rwandan,n/a
41645a92-505e-4fb6-b87f-88ac2adbfb93,not_disclosed,female,no,56-65,muslim,rwandan,n/a
a404ce07-7138-4920-b0f6-ba130c7c55ff,not_disclosed,male,no,26-35,christian,rwandan,n/a
bb4f0605-ec5d-4d57-ac9e-29a4bbd83f65,not_disclosed,female,no,66+,none,rwandan,n/a
dc5ef79a-eff6-401e-b2cf-5ae2e072f324,not_disclosed,male,no,36-45,christian,rwandan,n/a
39e70c45-ef83-44ec-b56c-4f224b7192e2,not_disclosed,female,no,36-45,christian,rwandan,n/a
216102bf-66e2-455b-8a06-2d6d07187061,not_disclosed,male,no,36-45,christian,rwandan,n/a
8fd2f394-06a0-44f0-a9a4-97d139d731e1,not_disclosed,female,no,56-65,christian,rwandan,n/a
b6207e37-6b16-4d60-bab5-5324ccce360a,not_disclosed,female,no,46-55,christian,rwandan,n/a
efc79b3b-14c7-45f2-882d-a5e9d7f8b7b8,not_disclosed,female,no,46-55,christian,rwandan,n/a
95238af0-a8ed-4828-af0d-6dc0171eace4,not_disclosed,male,no,36-45,christian,rwandan,n/a
a04318f8-216d-4391-a4e0-27a441154d50,not_disclosed,male,no,46-55,christian,rwandan,n/a
202038a3-e10c-4f43-b897-084ae85d2666,not_disclosed,female,no,18-25,christian,rwandan,n/a
a0cc18a3-4e11-4aba-a166-cc3ca105c8c1,not_disclosed,male,no,36-45,christian,rwandan,n/a
f426a2f8-5a71-4c1e-9be4-734045be8953,not_disclosed,female,no,66+,christian,rwandan,n/a
f5cd6558-e644-43c5-bef3-207993514cad,not_disclosed,male,no,26-35,christian,rwandan,n/a
0d059d18-a229-4703-8a22-7d83735bc57e,not_disclosed,male,no,18-25,christian,rwandan,n/a
6925f127-0f2a-4573-a2ea-44802b4ae17e,not_disclosed,male,no,26-35,christian,rwandan,n/a
bae40adb-70ea-40b6-8a9f-92019e4f23e5,not_disclosed,male,no,36-45,muslim,rwandan,n/a
39a10038-497a-480f-9258-fe99d830a743,not_disclosed,female,no,26-35,christian,rwandan,n/a
a8f7e8b7-11ca-4456-84eb-1f9bc07930e0,not_disclosed,male,no,56-65,christian,rwandan,n/a
1d1527ba-a8bd-4dec-bb40-7e83fbba4473,not_disclosed,male,no,66+,christian,rwandan,n/a
d75b061a-ca47-4da2-80e7-4d60257b7a31,not_disclosed,male,no,26-35,christian,rwandan,n/a
1fdc58ff-e245-492c-b4d2-a92a858a18a6,not_disclosed,female,no,46-55,christian,rwandan,n/a
13454831-4142-497c-986f-709e40202137,not_disclosed,female,no,66+,christian,rwandan,n/a
354478c4-d27e-4903-afd6-7875556878d1,not_disclosed,female,no,18-25,muslim,rwandan,n/a
3336c827-8fd6-4222-b8f4-00e8680571f0,not_disclosed,female,no,36-45,christian,rwandan,n/a
b3ceadf2-a749-49b6-9a38-0d60f94f1b0b,not_disclosed,female,no,26-35,christian,rwandan,n/a
388a8a5a-69ef-4a7d-b9a2-9bfa41ad9e33,not_disclosed,male,no,56-65,christian,rwandan,n/a
cdb5863c-fbcd-434d-b05f-311106cf9d25,not_disclosed,male,no,56-65,muslim,rwandan,n/a
28ac6d4e-e51d-467e-b336-76772715b6b8,not_disclosed,male,no,36-45,christian,rwandan,n/a
395f7447-b3e7-48b6-806a-1ba28420cc8f,not_disclosed,male,no,46-55,christian,rwandan,n/a
16835c1b-6fa0-454b-b47d-0db841ff1f9a,not_disclosed,female,no,56-65,christian,rwandan,n/a
46124520-8810-4dd3-9f82-3766b0b4cb27,not_disclosed,female,no,26-35,christian,rwandan,n/a
a00e62e2-22dc-435f-9bc3-02a974f3da9b,not_disclosed,male,no,56-65,christian,rwandan,n/a
ba4c26ba-49ca-4d21-9322-bbdb13ca4c88,not_disclosed,male,no,26-35,christian,rwandan,n/a
68940c01-9d85-4ad8-951d-e167e43773a3,not_disclosed,male,no,18-25,christian,rwandan,n/a
311201e4-df4c-41fa-843a-40e09bcf6612,not_disclosed,male,yes,66+,christian,rwandan,n/a
339b7215-4969-4b01-a606-a297715fa1c2,not_disclosed,male,no,46-55,christian,rwandan,n/a
b0d5174d-34e9-48a4-a6e1-3db0f8aee88d,not_disclosed,male,no,26-35,christian,rwandan,n/a
2a211a3e-1948-4758-aefd-09c9153f0801,not_disclosed,female,no,46-55,christian,rwandan,n/a
e26834b8-cb82-4f46-abdd-bfcf9eee1863,not_disclosed,male,no,46-55,christian,rwandan,n/a
9e446e7c-da10-446e-83f1-f2b2a87b5e1b,not_disclosed,female,no,26-35,christian,rwandan,n/a
f2a13c4e-9bc4-45c7-9532-2b4bcf2fb429,not_disclosed,male,no,18-25,christian,rwandan,n/a
51a5717d-9242-4b17-936c-29d8579e7ace,not_disclosed,female,no,46-55,christian,rwandan,n/a
f80bf314-f49d-47d2-b41e-4a591588c88d,not_disclosed,male,no,66+,christian,rwandan,n/a
a9c7393b-7b8f-4332-bb7b-5115e4e9a2dc,not_disclosed,female,no,46-55,christian,rwandan,n/a
b4b80688-d9a2-44ff-89bc-0ade2dfefac9,not_disclosed,male,no,46-55,christian,rwandan,n/a
fc329b0e-e31e-417a-8ba9-9dbf9dd901b8,not_disclosed,male,no,36-45,christian,rwandan,n/a
55532543-ef86-4327-9cbc-d143ebb480a6,not_disclosed,male,no,56-65,christian,rwandan,n/a
df63c8ac-e3aa-4ba2-bb9c-ab1342dc76c7,not_disclosed,male,no,26-35,christian,rwandan,n/a
0a49b036-ccd3-43d2-bb0d-4cfff0edf791,not_disclosed,male,no,46-55,none,rwandan,n/a
be886aa7-02af-4dbf-b301-6604745bd50f,not_disclosed,male,no,26-35,christian,rwandan,n/a
54ed6a9b-e601-4470-96f9-f0caad7ef767,not_disclosed,female,no,18-25,christian,rwandan,n/a
2f8168ee-4b21-4521-b7a5-51cc725c92c0,not_disclosed,male,no,56-65,christian,rwandan,n/a
9a2c4e26-34ea-4b88-a6f3-fc67eaa962b2,not_disclosed,female,no,56-65,muslim,rwandan,n/a
bc1889ef-491e-4365-9272-9df736736b67,not_disclosed,male,no,36-45,christian,rwandan,n/a
510b547e-4f29-4659-94fe-37d7a94b3586,not_disclosed,female,no,46-55,christian,rwandan,n/a
cae8ed23-a3a3-4544-bb21-0506928e40d5,not_disclosed,female,no,56-65,christian,rwandan,n/a
e355ada2-c795-4d4c-a72b-e21f23f8ff27,not_disclosed,female,no,46-55,christian,rwandan,n/a
30a5ca76-5ccf-4237-a06c-7a3db30dab42,not_disclosed,male,yes,46-55,other,rwandan,n/a
f4a13f1a-8082-4782-9d63-7ca1467cc049,not_disclosed,male,no,18-25,muslim,rwandan,n/a
7e7b8162-27b6-4fe7-a28c-ef4460e6798a,not_disclosed,female,no,46-55,christian,rwandan,n/a
caac8245-5110-450e-9610-eea155b1d14f,not_disclosed,male,no,46-55,christian,rwandan,n/a
8e56b396-a391-4e97-85d9-c6b0dfcd5bb6,not_disclosed,male,no,26-35,christian,rwandan,n/a
dc5f5ec3-a57a-4dd9-878f-b55edbef10c7,not_disclosed,female,no,18-25,christian,rwandan,n/a
2ad66217-84c6-4053-9fdb-38bd81b0759f,not_disclosed,female,no,56-65,christian,rwandan,n/a
e7084fdc-5034-49e6-96ad-e2d12bc34b7d,not_disclosed,female,no,18-25,christian,rwandan,n/a
d9c3129b-548e-4767-8522-ea54c60dd924,not_disclosed,male,no,36-45,christian,rwandan,n/a
642b2d2e-2e23-4046-87e0-a22d89a21bcd,not_disclosed,male,no,26-35,christian,rwandan,n/a
3d45029d-b864-46dd-a92d-8746326edafd,not_disclosed,male,no,56-65,christian,rwandan,n/a
c8a3ea17-76a9-44c2-be1f-bd0e59d2a9e5,not_disclosed,male,no,46-55,other,rwandan,n/a
856646c0-a8e7-4d76-ba9a-483e86ecbba8,not_disclosed,female,no,18-25,christian,rwandan,n/a
f22f51d2-ac92-423d-a78f-b3ae1df5a0e1,not_disclosed,male,no,36-45,christian,rwandan,n/a
c9ed8253-32e6-439c-9a49-72f0b7406239,not_disclosed,male,no,56-65,christian,rwandan,n/a
e259fdd2-82a0-4788-a66a-9d516a9bf06e,not_disclosed,female,no,46-55,none,rwandan,n/a
4007e9ba-2e48-4108-823a-f3b937375b24,not_disclosed,male,no,66+,christian,rwandan,n/a
28650f6c-e032-4aa1-a306-f99f940f9a0c,not_disclosed,male,no,26-35,christian,rwandan,n/a
99333cd6-52b9-4bbd-8c27-77aedb041945,not_disclosed,male,no,46-55,christian,rwandan,n/a
2280ea4e-7bb3-4c72-8d36-0e68a64142fa,not_disclosed,male,no,26-35,christian,rwandan,n/a
c65c19d5-a747-4edf-9ddc-d7919e5b3b9a,not_disclosed,female,no,26-35,christian,rwandan,n/a
a5a000b1-ad34-4938-97e6-c73967709039,not_disclosed,female,no,56-65,christian,rwandan,n/a
1af8c299-85b4-4ab4-87e9-5c47cb78d723,not_disclosed,male,no,66+,christian,rwandan,n/a
95347415-ebbb-4576-97b1-74dff607395c,not_disclosed,male,no,66+,christian,rwandan,n/a
824b1a42-3ee2-4ea8-943f-803e2ffd10bf,not_disclosed,male,no,66+,muslim,rwandan,n/a
e97dcb68-282d-490f-ac5b-ede6fb804662,not_disclosed,male,no,36-45,christian,rwandan,n/a
577727a1-e6a6-48c0-be19-703a92c9528b,not_disclosed,male,no,26-35,christian,other,n/a
10786802-9877-4aad-a611-d2419f07e771,not_disclosed,female,no,18-25,christian,rwandan,n/a
b04dc816-1f8d-439b-a996-80c22c044d5e,not_disclosed,male,no,46-55,christian,rwandan,n/a
d5e89d77-a786-4ed6-9eba-138537dea9d7,not_disclosed,female,no,46-55,muslim,other,n/a
70c1d0be-b024-4795-9125-b75c31186175,not_disclosed,male,no,26-35,christian,rwandan,n/a
dc060371-055b-4437-a7f8-0097be021121,not_disclosed,male,no,26-35,christian,rwandan,n/a
d2a94940-1fc9-41da-8522-6d996e9b5a86,not_disclosed,female,no,56-65,christian,rwandan,n/a
8323a017-505c-499a-ac96-0b8e70e01e9c,not_disclosed,male,no,46-55,christian,rwandan,n/a
8d82febf-ea05-47b8-95d2-38d0efa9b167,not_disclosed,male,no,46-55,christian,rwandan,n/a
2b375167-b3e9-4215-bd68-f28a0ddfb04b,not_disclosed,male,no,66+,muslim,rwandan,n/a
1a802d93-4cf8-48e3-adfb-937a06bcbc40,not_disclosed,male,no,46-55,muslim,other,n/a
d6255201-85cd-4db4-8277-4fe9068a7ca0,not_disclosed,male,no,36-45,christian,rwandan,n/a
ab6bf7ea-518e-487f-b063-87729ee52f37,not_disclosed,male,no,36-45,none,rwandan,n/a
d13c75f7-10a6-4508-a2fd-d62b70dc419e,not_disclosed,male,no,26-35,other,rwandan,n/a
a5682a41-0ceb-441c-b8e3-b0f7c7317d1d,not_disclosed,male,no,36-45,muslim,other,n/a
8f3867e4-42f8-4f6c-bff7-7ee8830732ce,not_disclosed,male,no,46-55,other,rwandan,n/a
c0c6d02f-b67a-42e5-8798-fd27856b88e5,not_disclosed,male,no,36-45,christian,rwandan,n/a
fe43e6fc-d9b6-468d-9302-8c34984cd555,not_disclosed,male,no,46-55,christian,rwandan,n/a
18a00a52-8dee-4ddd-bfdc-49bc328c3e2b,not_disclosed,female,no,46-55,christian,rwandan,n/a
fe752c99-1608-4893-be74-7596bdea063e,not_disclosed,male,no,66+,christian,rwandan,n/a
fbb419a2-5f09-41a7-a148-6478b8e70153,not_disclosed,female,no,18-25,christian,rwandan,n/a
fb7206cf-4e3a-4532-a40d-aca40c5acb40,not_disclosed,female,no,36-45,christian,rwandan,n/a
0dba3602-b848-4ed9-9809-20d0567566bc,not_disclosed,female,no,46-55,none,rwandan,n/a
688644d2-f6b9-46f2-9d65-bdc9cc4e1e64,not_disclosed,male,yes,46-55,christian,rwandan,n/a
a055c520-1fd7-41af-8fd9-f3ed1aa31ef1,not_disclosed,female,no,26-35,christian,rwandan,n/a
3e34d7f0-b3ad-4990-8d38-7cfe0a189a59,not_disclosed,male,no,46-55,none,rwandan,n/a
8cddb9bd-e8bc-41e0-a1ca-f7a29a9a08d1,not_disclosed,male,no,36-45,christian,rwandan,n/a
ab2a0d44-f84c-436a-aa9b-4a6a24eeafec,not_disclosed,male,no,36-45,christian,rwandan,n/a
91fa76d0-8a93-41b4-8c42-93c78a517d3a,not_disclosed,male,no,18-25,christian,rwandan,n/a
86e64b4c-b7db-46cf-94c3-59ed4dc5c5c1,not_disclosed,male,no,46-55,muslim,rwandan,n/a
6910cf92-b70f-4592-b44f-c45a2653c2fb,not_disclosed,female,no,66+,christian,rwandan,n/a
baf80e8b-64bd-4a92-8748-fda06f9a64af,not_disclosed,male,no,26-35,christian,rwandan,n/a
d60dcf2f-2198-4587-9315-e700910f5e81,not_disclosed,male,no,26-35,christian,rwandan,n/a
176d4214-73ca-4840-a9d1-b0909b898175,not_disclosed,male,yes,26-35,christian,rwandan,n/a
4e9c1e0f-ffef-429b-bad0-68258cce143a,not_disclosed,male,no,36-45,christian,rwandan,n/a
b9e3c430-29f2-41b8-b7fc-79d06071c1f9,not_disclosed,male,no,56-65,christian,rwandan,n/a
8f26f069-607d-4c37-ae76-4bdd262f3afd,not_disclosed,male,no,36-45,christian,rwandan,n/a
49fecd0e-5844-4038-9612-2f82fcc2e902,not_disclosed,male,yes,26-35,christian,rwandan,n/a
f6fc84ba-268e-4847-8b99-c497ab02c383,not_disclosed,male,no,26-35,christian,rwandan,n/a
47212ff6-0e68-4779-bd1f-3a9a6a222b82,not_disclosed,male,no,56-65,christian,rwandan,n/a
63f3acf1-0b1c-48a5-930e-555a00995d75,not_disclosed,male,no,66+,christian,rwandan,n/a
097d2787-d2a3-4f13-b5c6-b72a656be177,not_disclosed,male,no,18-25,christian,rwandan,n/a
472cf1dd-7820-4e0b-b1ec-36271737c8b6,not_disclosed,male,no,46-55,none,rwandan,n/a
8f8f7efc-655e-430d-9513-b782a28492a1,not_disclosed,male,no,66+,christian,rwandan,n/a
e390bded-9593-42b2-82a4-a60826383a28,not_disclosed,male,no,46-55,christian,rwandan,n/a
2facd465-3107-4546-bc22-0b1f810f9a77,not_disclosed,female,no,46-55,christian,rwandan,n/a
c20eb3c5-9263-4f7f-932e-b3c4730c177b,not_disclosed,male,no,66+,christian,rwandan,n/a
77bffba7-25dc-4b10-b339-b55eabf217d0,not_disclosed,male,no,26-35,other,rwandan,n/a
a029a3d3-16c8-4d4a-8154-e9f80477caa6,not_disclosed,male,no,26-35,christian,rwandan,n/a
3036b23c-a842-415b-9bd0-2ce907b5e834,not_disclosed,female,no,36-45,christian,rwandan,n/a
55b714a4-8665-4ca1-a6f2-6db74f4a3964,not_disclosed,male,no,36-45,christian,rwandan,n/a
74a74ab5-793c-4ab9-90df-67ca17842c66,not_disclosed,male,no,46-55,christian,rwandan,n/a
9e25009d-d251-470a-a8ff-03ff94a5ed98,not_disclosed,male,no,26-35,christian,rwandan,n/a
bf3f639d-c771-4faf-8351-d4ab00f212f2,not_disclosed,male,no,56-65,christian,rwandan,n/a
5b9f3e5f-5134-4cb6-a1b3-05271b2cefeb,not_disclosed,male,no,26-35,christian,rwandan,n/a
9961f3b5-ddcf-44a0-95ab-1c7143785513,not_disclosed,male,no,56-65,christian,rwandan,n/a
3dc3f894-e16d-4338-a98b-d706cd161edb,not_disclosed,male,no,56-65,christian,rwandan,n/a
bb88444a-6e69-4a4f-9ce7-829b69ac035a,not_disclosed,male,no,18-25,christian,rwandan,n/a
2d8ca5e5-31f6-4631-8699-4481eeb942cc,not_disclosed,female,no,26-35,christian,rwandan,n/a
ea98054e-502a-49ac-8b03-fd39016efdc0,not_disclosed,male,no,26-35,christian,rwandan,n/a
f476b1fc-9353-45cc-988d-f4628436aef1,not_disclosed,male,no,26-35,christian,rwandan,n/a
657bfaaa-ad2f-48a5-afb2-bfb8b6c7fba5,not_disclosed,male,no,26-35,christian,rwandan,n/a
73fada36-66f4-4419-9357-b81d73847bde,not_disclosed,female,no,26-35,christian,rwandan,n/a
c781dbe9-1e53-4ee7-bc54-4f9c3de8fb58,not_disclosed,male,no,66+,christian,rwandan,n/a
15cb19c2-3d4c-4455-8f4a-b2039968c855,not_disclosed,male,no,36-45,christian,rwandan,n/a
c6006f83-7a95-44f9-aca1-04bd58b64de4,not_disclosed,male,no,26-35,christian,rwandan,n/a
daa363c9-be86-4ce1-b7ce-fdc76f4972d1,not_disclosed,male,no,66+,muslim,rwandan,n/a
41cadde5-0d9d-43ad-8a8c-2a99769829d5,not_disclosed,female,no,46-55,christian,rwandan,n/a
d064eb91-634b-4575-b4c2-067fd61aded4,not_disclosed,male,no,56-65,christian,rwandan,n/a
6ca79224-e796-495c-a5e8-35b09167f47e,not_disclosed,male,no,46-55,other,rwandan,n/a
e76e0a3b-8bc4-4ad0-979c-178a2fa34ae6,not_disclosed,male,no,26-35,christian,rwandan,n/a
b6ba5525-1f82-4f3f-b2f1-d1fa98f30f90,not_disclosed,male,no,18-25,christian,rwandan,n/a
56efc54f-de81-41bf-a830-0aa76c8fc397,not_disclosed,male,no,26-35,christian,rwandan,n/a
4601689b-e03d-40d2-8a8b-9a412f801099,not_disclosed,male,no,56-65,muslim,rwandan,n/a
b1fcec36-07c0-4550-8204-aefc6f11660b,not_disclosed,male,no,26-35,muslim,rwandan,n/a
6362dcd9-c321-4ebb-a0a0-e17f93f84552,not_disclosed,male,no,66+,none,rwandan,n/a
100ae852-e9ef-4aa9-973e-d6fffb2d8bb7,not_disclosed,male,no,56-65,christian,rwandan,n/a
4da2019f-a74d-4e19-b1f2-871a3636f10d,not_disclosed,female,no,26-35,christian,rwandan,n/a
b79d9c7b-65cd-49c8-9fc1-3435f62f2738,not_disclosed,male,no,56-65,christian,rwandan,n/a
7027f6fc-716e-4c0e-bf12-3d7ed355e406,not_disclosed,male,no,36-45,christian,rwandan,n/a
c7f64466-dfcc-4038-8e6a-563755f6e939,not_disclosed,male,no,26-35,christian,rwandan,n/a
83aa46f6-004d-4bed-a0e9-c1213874b370,not_disclosed,male,no,36-45,christian,rwandan,n/a
bc37bc2e-c00d-4788-8fc4-1375140197e6,not_disclosed,male,no,26-35,christian,rwandan,n/a
f7b7b9b7-4d93-423c-84c9-fd020285913f,not_disclosed,male,no,46-55,christian,rwandan,n/a
0dd95978-de49-47b5-b801-f8d11a65e001,not_disclosed,female,no,46-55,christian,rwandan,n/a
3628e70a-db80-4a54-a1a2-b567af4d9433,not_disclosed,male,no,56-65,christian,rwandan,n/a
dce2cfca-0e31-4a42-8874-cc7315eba41d,not_disclosed,female,no,26-35,other,rwandan,n/a
7b31aabb-e973-4ea8-b859-ec2d248f53ea,not_disclosed,male,no,66+,christian,rwandan,n/a
b66893c7-82c8-48b3-aecf-b739e69e5bd2,not_disclosed,male,no,26-35,christian,rwandan,n/a
e50a841c-004c-4cae-826f-44e1f7175013,not_disclosed,female,no,36-45,christian,rwandan,n/a
d0160fd6-cdc8-4a35-9948-c9f9ef8ccf95,not_disclosed,male,yes,26-35,christian,rwandan,n/a
87bdd49a-f61a-47fb-b807-dc4a463c4087,not_disclosed,male,no,26-35,christian,rwandan,n/a
5ce4b985-7b3c-4a2e-9c69-45b48fe08f4f,not_disclosed,male,no,26-35,christian,rwandan,n/a
2aa5c1bd-6e0e-4ed8-852b-190cd88366f9,not_disclosed,female,no,56-65,christian,rwandan,n/a
30b6e31b-d513-452f-850f-03f459bd7953,not_disclosed,male,no,26-35,christian,rwandan,n/a
2a515063-1f9b-4f8a-8a32-c649d4dbe03e,not_disclosed,female,no,46-55,christian,rwandan,n/a
822c6ed5-c2e3-42eb-a17d-39a4a7020006,not_disclosed,male,no,36-45,christian,rwandan,n/a
d652d0a7-57be-46b4-9a88-62af3d5fd2c0,not_disclosed,male,yes,66+,christian,rwandan,n/a
e1be0c43-8ebf-4cf5-bb57-90a8da446f91,not_disclosed,female,no,56-65,christian,rwandan,n/a
c0276e5e-cd6b-4909-939b-9b1cb5039ca6,not_disclosed,male,no,66+,christian,rwandan,n/a
fb201854-5a22-4b13-918c-c4801619e0b9,not_disclosed,male,no,56-65,christian,rwandan,n/a
ba3ffa96-d742-4e07-a0e7-a44d9e285ed5,not_disclosed,male,no,46-55,christian,rwandan,n/a
dfaa0e44-72bd-4ac1-91fa-778feba86ff8,not_disclosed,male,no,46-55,christian,rwandan,n/a
56b4e066-1bcd-4f89-82b1-4cb75a7281bf,not_disclosed,male,no,36-45,christian,rwandan,n/a
475b0b8b-6b06-4ec5-bf2a-bed96b4101f8,not_disclosed,male,yes,18-25,other,rwandan,n/a
d50c7b0f-28ab-4f3e-a7c1-9704e09ca9e4,not_disclosed,male,no,66+,muslim,rwandan,n/a
22086436-172f-49fe-9086-d168d6fa3550,not_disclosed,male,no,26-35,christian,rwandan,n/a
d5da3aa2-edd8-4766-97ca-ed406cd833b3,not_disclosed,male,no,36-45,christian,rwandan,n/a
e5427240-559f-48c2-9ac6-6a3b17a1c707,not_disclosed,male,no,26-35,christian,rwandan,n/a
24174a7b-9f45-4bc9-8a72-d32477296b00,not_disclosed,male,no,36-45,muslim,rwandan,n/a
3641cac1-bab0-4c2e-abff-44becf80b596,not_disclosed,male,no,26-35,christian,rwandan,n/a
704edcee-6021-4351-97e8-84d8817a91e4,not_disclosed,male,no,46-55,christian,rwandan,n/a
1492b6a1-aaf3-422b-9c1e-da9808b33f28,not_disclosed,male,no,46-55,christian,rwandan,n/a
33ff3f7d-57b2-492a-92c7-7dc8c0db628c,not_disclosed,female,no,26-35,christian,other,n/a
0ce5522d-1e86-4460-94b9-899e6bc611e2,not_disclosed,male,no,18-25,christian,rwandan,n/a
6a8ef9e9-8c99-458c-8849-06ca6b8c9f01,not_disclosed,female,no,46-55,christian,rwandan,n/a
6178c8fd-7785-459c-856d-2ba265253f98,not_disclosed,male,no,56-65,christian,rwandan,n/a
dffc11c3-6616-4fda-80ce-ea9f17894c9c,not_disclosed,male,no,26-35,christian,rwandan,n/a
1ad24520-376f-43c8-b471-eedab44fde80,not_disclosed,female,no,56-65,none,rwandan,n/a
d801669a-4ef4-4754-bb66-6c3d40554d5f,not_disclosed,male,no,36-45,christian,rwandan,n/a
97a7c318-2311-4e45-9264-c27b7a0a8f2b,not_disclosed,male,yes,26-35,christian,rwandan,n/a
06526a18-72ff-4f8e-bd73-a150511dfafa,not_disclosed,male,no,36-45,christian,rwandan,n/a
65fd5d33-80f2-48f0-adc8-e12df0fa9fe3,not_disclosed,female,no,56-65,christian,rwandan,n/a
0276a025-81db-49d7-ac05-d8c3f470cfd9,not_disclosed,male,no,46-55,christian,rwandan,n/a
9d956781-c1b2-44cb-b61e-fd808a04eaea,not_disclosed,male,no,46-55,christian,rwandan,n/a
9e317df8-9c49-4843-b3b4-8f645ceb9e35,not_disclosed,male,no,36-45,christian,rwandan,n/a
d2b13c52-259b-4533-b7b1-ef621b9f1fde,not_disclosed,female,no,46-55,christian,rwandan,n/a
376c6437-bd5f-4c9b-acee-3bd017e1f13b,not_disclosed,male,no,26-35,christian,rwandan,n/a
95ea416e-df8b-48f9-88a2-084490fa92f6,not_disclosed,male,no,56-65,christian,rwandan,n/a
be172565-9b3b-4f7f-a766-b2b29a88f027,not_disclosed,female,no,18-25,christian,rwandan,n/a
5f91f6e6-9370-4f19-a757-fbaee9fd5f1c,not_disclosed,male,no,36-45,christian,rwandan,n/a
604101ff-4bf6-42bc-82fd-4b4c64e18306,not_disclosed,male,no,36-45,christian,rwandan,n/a
b9e7132d-922b-4bf4-9487-fbf8992439b2,not_disclosed,male,yes,18-25,christian,rwandan,n/a
e8aab704-dee4-454f-ad2f-f62ca449946a,not_disclosed,male,no,66+,christian,rwandan,n/a
08c23ebd-df94-4963-89c9-5c61a64aca28,not_disclosed,male,no,46-55,christian,rwandan,n/a
0c743573-3175-4096-99fc-5104f7f9616a,not_disclosed,male,no,56-65,none,rwandan,n/a
dc0e2545-22fb-4dbe-a54f-2f78b9221701,not_disclosed,female,no,18-25,christian,rwandan,n/a
39b27347-cbf5-49a4-8399-911aa613d07f,not_disclosed,female,yes,26-35,other,rwandan,n/a
ffe89811-91e1-48ec-b0e1-b411bd8f5ddb,not_disclosed,male,no,36-45,christian,rwandan,n/a
18049b4f-150d-43f8-bd43-5b81ea1b608d,not_disclosed,male,yes,26-35,christian,rwandan,n/a
2c54953d-12ed-4346-9af9-4e0596f74d3f,not_disclosed,female,no,46-55,christian,rwandan,n/a
67797fca-5c30-4207-9c24-dc2bb7f242ae,not_disclosed,male,no,26-35,christian,rwandan,n/a
19f38069-bd42-42ef-a413-7c810bd0b448,not_disclosed,male,no,46-55,christian,rwandan,n/a
fc53d80a-70f4-4a2e-b993-e75599ad30bf,not_disclosed,female,no,18-25,christian,rwandan,n/a
0897939c-3f5c-4b45-9e9f-944a71e4ab5e,not_disclosed,female,yes,56-65,muslim,rwandan,n/a
024bb67b-9e33-4042-a5e7-af31e29c069a,not_disclosed,male,no,36-45,other,rwandan,n/a
a1d0ab23-6f64-4916-b0bf-4c4dd90e5d71,not_disclosed,male,no,26-35,christian,rwandan,n/a
1124e5ad-c02b-4db5-94f7-0ec18fc71363,not_disclosed,male,no,36-45,christian,rwandan,n/a
75bb250d-a4d4-4903-8f8d-e981d0a6475e,not_disclosed,male,no,46-55,christian,rwandan,n/a
e47d28c2-bfc0-4bcb-afd7-2c2401980f12,not_disclosed,male,no,66+,other,rwandan,n/a
1f78ea50-0d31-429a-9ac6-77ecdf953fb3,not_disclosed,female,no,36-45,christian,rwandan,n/a
391210ca-294b-477d-81ec-1ba60b5f8e8d,not_disclosed,male,no,56-65,christian,rwandan,n/a
7d0db770-0163-4f57-b5a1-40d43ecd7b12,not_disclosed,male,no,46-55,christian,rwandan,n/a
89b2d670-dea0-4748-8939-16b676e51a8f,not_disclosed,female,no,56-65,christian,rwandan,n/a
a4b1bbd1-92e3-4520-969e-e223f74ac3ee,not_disclosed,male,no,46-55,christian,rwandan,n/a
9e129192-a42c-4622-b087-fc37a509e490,not_disclosed,female,no,18-25,christian,rwandan,n/a
2c14fd44-1697-4f71-b98a-28d5adec50df,not_disclosed,male,no,56-65,christian,rwandan,n/a
e125f0f3-7839-4375-a920-b546fc20a4c9,not_disclosed,male,no,26-35,muslim,rwandan,n/a
9ef42c3b-7914-4731-933a-6cd44e45237b,not_disclosed,male,no,26-35,christian,rwandan,n/a
c4f9b2b3-789e-4841-985f-0fefbb8594d4,not_disclosed,male,no,56-65,christian,rwandan,n/a
fb514e12-52db-4a32-bfbb-7e95fefb3d83,not_disclosed,female,no,46-55,christian,rwandan,n/a
15d0d4e4-068c-4e66-88ab-45e4548f27f7,not_disclosed,female,no,36-45,christian,rwandan,n/a
d7a1a79e-e52c-4664-85a7-aa653b17f11b,not_disclosed,male,no,66+,christian,rwandan,n/a
ab99ae09-f8e6-4cb2-9306-221713e6d2f7,not_disclosed,male,no,26-35,muslim,rwandan,n/a
1649ddbb-af85-4c8e-8ba9-c2df8aebc968,not_disclosed,female,yes,56-65,christian,rwandan,n/a
3180105a-812e-409c-8171-78b266b40ed6,not_disclosed,male,no,46-55,muslim,rwandan,n/a
a7c1f68a-bfe8-4085-90f6-3d6ecee75921,not_disclosed,female,no,56-65,christian,rwandan,n/a
77cd525b-d915-46ea-a5ba-f2609c11917a,not_disclosed,female,no,26-35,christian,rwandan,n/a
3920b67f-cbee-4116-9e1a-5ac083bb8f04,not_disclosed,male,no,26-35,christian,rwandan,n/a
0597ab8f-6deb-469d-b807-f2decec4f8f2,not_disclosed,male,no,26-35,christian,rwandan,n/a
810346fa-4d75-4444-9bb4-25e9ee709247,not_disclosed,male,no,66+,christian,rwandan,n/a
b8ca8dba-ce50-4d58-9dbf-127871b751af,not_disclosed,male,no,46-55,christian,rwandan,n/a
206c1128-dedb-4718-a39b-0bdc7b4586bb,not_disclosed,male,no,46-55,other,rwandan,n/a
b08c1c56-5d39-4926-a434-4dadb98482c6,not_disclosed,male,no,36-45,christian,rwandan,n/a
51a88123-6748-4acd-aba0-9fd98cc3ae24,not_disclosed,female,no,36-45,christian,rwandan,n/a
67cd1802-712c-4769-8dd2-cf5320c2b6c4,not_disclosed,male,no,36-45,christian,rwandan,n/a
9e0cd014-599b-4042-a356-4719983900cf,not_disclosed,male,no,26-35,other,rwandan,n/a
68fccbc7-7401-4bd7-893d-8bc4429ac638,not_disclosed,female,no,56-65,christian,rwandan,n/a
cc476152-bd56-4e3a-b43c-2fa1e874bf5e,not_disclosed,male,no,36-45,christian,rwandan,n/a
85090fa9-8895-43fd-84f0-d6f9d241ff38,not_disclosed,female,no,36-45,christian,rwandan,n/a
1e19f13d-c757-4ee5-80c9-5e50621b2a66,not_disclosed,male,no,66+,christian,rwandan,n/a
82fdee25-c5b0-42fa-8417-299a65e5d106,not_disclosed,female,no,56-65,christian,rwandan,n/a
fcbc4a8c-9426-41f3-98f5-331793cf2d18,not_disclosed,male,no,26-35,christian,rwandan,n/a
1d231647-6171-4b01-84a6-6a348a619274,not_disclosed,male,no,18-25,christian,rwandan,n/a
26111002-5894-4bfe-87da-ac3e2d1855c0,not_disclosed,male,no,26-35,christian,rwandan,n/a
3dc90833-01c3-478f-b58d-851923d271f3,not_disclosed,male,no,26-35,christian,rwandan,n/a
ddb3a08c-3735-42a6-886d-6a825c4d4251,not_disclosed,male,no,26-35,christian,rwandan,n/a
6af5e0d0-3a6a-47db-aaaf-dd538ebedc51,not_disclosed,male,no,66+,christian,rwandan,n/a
65514f37-6157-4f8b-8626-98f5e85ec1da,not_disclosed,female,no,26-35,muslim,rwandan,n/a
ecd9ff37-0b6d-4daf-80f9-a9c050a8500e,not_disclosed,female,no,26-35,christian,rwandan,n/a
077a6669-68ff-4bb4-afbe-ce061348dd3e,not_disclosed,male,no,18-25,christian,rwandan,n/a
0750fd6b-8997-4f32-96eb-c21417995ec7,not_disclosed,male,no,18-25,christian,rwandan,n/a
b831a457-d08f-4c01-b481-84ec8695fd08,not_disclosed,male,no,56-65,christian,rwandan,n/a
d6e51aa9-8d85-4562-82b4-55201c182ee0,not_disclosed,male,yes,26-35,christian,rwandan,n/a
ed14d486-023f-4100-a4a9-8df9166e000b,not_disclosed,male,no,36-45,christian,rwandan,n/a
262da787-de3d-4688-ae9d-358f3156b0bf,not_disclosed,female,no,36-45,christian,rwandan,n/a
165ebc64-290c-46ff-a565-cf5d9f2a1870,not_disclosed,male,no,46-55,christian,rwandan,n/a
c5e20754-78a5-4c5f-b5b0-bd7f1a32d277,not_disclosed,male,no,46-55,christian,rwandan,n/a
d1795441-2057-4e5c-8251-6a038ffc7264,not_disclosed,male,no,46-55,christian,rwandan,n/a
90465b51-a411-4a13-8468-fd5c17c1c3a6,not_disclosed,male,no,66+,christian,rwandan,n/a
aad18c26-a6a7-4c2a-be36-93c2187ff766,not_disclosed,male,no,36-45,christian,rwandan,n/a
d998e5fc-c39e-4521-87e9-d40779950385,not_disclosed,male,no,56-65,christian,rwandan,n/a
48c5942d-87de-4572-8733-6f9306ed4aeb,not_disclosed,male,no,56-65,christian,rwandan,n/a
a7e1188e-3083-44aa-9b0e-b8760b80d3eb,not_disclosed,male,no,26-35,christian,rwandan,n/a
9cf3e36d-9c9f-43bb-815d-de7d107c8ba4,not_disclosed,female,no,26-35,christian,rwandan,n/a
202dcd02-de5c-4d98-a342-58f9f6a25df2,not_disclosed,male,no,36-45,christian,rwandan,n/a
7dc7db1d-7c7b-4e93-a9a2-7e35cff0173f,not_disclosed,female,yes,36-45,christian,rwandan,n/a
cda81f67-2dfb-4303-a0e5-fbe12e5a6423,not_disclosed,male,no,56-65,christian,rwandan,n/a
aa9578a0-2347-4324-8899-9cd99cdfd7ed,not_disclosed,male,no,66+,christian,rwandan,n/a
1686611b-c43e-422f-afd8-85fbe0b29b34,not_disclosed,female,no,36-45,christian,rwandan,n/a
73dfd816-1533-4fb2-b64b-2751e1e3fe5e,not_disclosed,male,no,26-35,christian,rwandan,n/a
0b2e234e-69bb-43ed-8104-4bad6619761b,not_disclosed,male,no,18-25,christian,rwandan,n/a
f629dbc7-d224-4182-bea8-941a75a3ced9,not_disclosed,male,no,46-55,christian,rwandan,n/a
78dd4ab0-99f0-4984-8952-5a362ffdc5f7,not_disclosed,male,no,36-45,christian,rwandan,n/a
e4d85de9-b410-4b02-9fe9-9deaf7f5962c,not_disclosed,male,no,56-65,christian,other,n/a
c7366071-ec39-4b66-9712-d1fa493fad88,not_disclosed,male,no,36-45,christian,rwandan,n/a
5bac78ab-6562-417c-bdbd-2f01042be9be,not_disclosed,male,no,36-45,christian,rwandan,n/a
bdaa52fb-9c17-4c12-afc8-e31d185cf2a9,not_disclosed,male,no,18-25,christian,rwandan,n/a
7e1390b2-a61f-41da-a2c8-ffac15efe4f4,not_disclosed,male,no,18-25,christian,rwandan,n/a
51da1cec-c207-467e-bd8a-4b6ffb1ac0c0,not_disclosed,male,no,36-45,christian,rwandan,n/a
106e394f-84fe-465c-a3c6-b047be4b4346,not_disclosed,male,no,46-55,christian,rwandan,n/a
31f01f4f-7062-4b95-8f88-293a4786e978,not_disclosed,male,no,18-25,christian,rwandan,n/a
b71e588d-4ca8-46a5-b1cd-1329caced2d5,not_disclosed,female,yes,26-35,christian,rwandan,n/a
1cf05d1e-66c0-4606-964b-5bd22bb2dae8,not_disclosed,female,no,56-65,christian,rwandan,n/a
15324fe9-dc4f-4431-82d0-2d9f9b0b0d0c,not_disclosed,female,no,46-55,christian,rwandan,n/a
03bb9074-df3b-450a-be5b-009a522951c1,not_disclosed,male,no,46-55,christian,rwandan,n/a
da5f0d65-2583-4b2e-9765-a91b316c80e3,not_disclosed,male,no,36-45,christian,rwandan,n/a
dcc50675-23fa-4d58-a25b-c1ccbf1e503d,not_disclosed,male,no,36-45,christian,rwandan,n/a
8f87c7ed-4ccd-4825-a9c7-5f13381846fc,not_disclosed,male,no,26-35,christian,rwandan,n/a
3c77a976-7322-4590-8cff-5a4f447320c6,not_disclosed,male,no,26-35,christian,rwandan,n/a
6e4253f2-564b-410a-ad50-44d502f369a6,not_disclosed,male,no,46-55,christian,rwandan,n/a
ce088f2e-221c-4d0a-bbe9-8c2d6bbbdc02,not_disclosed,male,no,66+,christian,rwandan,n/a
4d258c39-6a8a-45a3-87eb-4ca0312fce35,not_disclosed,male,no,46-55,christian,rwandan,n/a
de4eef86-c1d9-422b-b0b3-4c8f19ec1499,not_disclosed,male,no,56-65,christian,rwandan,n/a
885b318f-ad29-44ab-8704-937a024c68b9,not_disclosed,male,no,36-45,christian,rwandan,n/a
adf302e2-b7c3-4c11-ace6-dc61ad4412ab,not_disclosed,male,no,26-35,christian,rwandan,n/a
0c23e836-7429-41fa-9ccd-8a26a6370ba6,not_disclosed,female,no,46-55,christian,rwandan,n/a
0c79d104-124a-4efe-a431-aa7f4134e7d2,not_disclosed,male,no,26-35,christian,rwandan,n/a
5d01df48-7e49-4738-ab2d-100334c8ff5a,not_disclosed,male,no,36-45,christian,rwandan,n/a
18c2de3a-79ca-40d4-94d3-e5368c017817,not_disclosed,male,no,56-65,christian,rwandan,n/a
59af36cb-797b-4aa0-8ba8-4480aa8bcdb4,not_disclosed,female,no,26-35,christian,rwandan,n/a
ff7335e6-ead9-40dc-b7f8-c15e4c630bf8,not_disclosed,male,no,26-35,christian,rwandan,n/a
3ccdd12c-6d53-4c67-b761-c5e74ddf8fad,not_disclosed,male,no,66+,other,rwandan,n/a
eb059e8b-e11f-4f49-9a7c-e40ec367e0df,not_disclosed,male,no,26-35,other,rwandan,n/a
072d05a7-d2af-42f7-8254-8a7eda9ecb44,not_disclosed,female,no,56-65,none,rwandan,n/a
9585cada-44fa-451e-a0f2-a760c9d43281,not_disclosed,male,no,26-35,christian,rwandan,n/a
6f8c4eaf-6487-4e17-85d3-76e22ab68966,not_disclosed,male,no,66+,christian,rwandan,n/a
5ef731a0-2e94-4188-a624-9c86d65bad53,not_disclosed,male,no,26-35,christian,rwandan,n/a
2eb35aae-32f6-4bb2-a821-462c10657bd1,not_disclosed,male,no,56-65,christian,rwandan,n/a
722fa181-1a03-47a9-b012-5c7ee8abdadf,not_disclosed,female,no,66+,christian,rwandan,n/a
40b15654-c394-41fb-967f-24a166c64c24,not_disclosed,male,no,46-55,christian,rwandan,n/a
7e4d0df9-958c-43a0-b86f-4603d86d0de2,not_disclosed,male,no,46-55,christian,rwandan,n/a
3a2798bc-d657-4037-8b34-5bd813d463e8,not_disclosed,female,no,66+,muslim,rwandan,n/a
be66c792-a399-4062-9764-29ba99f0793f,not_disclosed,male,no,26-35,christian,rwandan,n/a
100394cd-cd07-42bf-b608-797f4935b63c,not_disclosed,male,no,36-45,christian,rwandan,n/a
b5a21743-7d50-4cd8-94b3-419b36d631c6,not_disclosed,female,no,46-55,christian,rwandan,n/a
52439335-e932-4e92-bfbd-6bd096d27aba,not_disclosed,female,no,26-35,none,rwandan,n/a
4a425a0f-5db6-4e89-979c-d260f20cb3f7,not_disclosed,female,no,36-45,christian,rwandan,n/a
9278c659-c513-4e68-a810-69993e12e3c0,not_disclosed,male,no,36-45,other,rwandan,n/a
9be87408-1175-4ae1-ae87-b632b0aba72d,not_disclosed,female,no,56-65,christian,rwandan,n/a
6e83de40-d804-480c-866d-e573a606e399,not_disclosed,male,no,18-25,christian,rwandan,n/a
2dffc40f-a69b-4a96-b69c-42e7f051a6e8,not_disclosed,male,yes,66+,none,rwandan,n/a
d0667e1c-16fd-4e25-b0a3-af287e0d7c18,not_disclosed,male,no,26-35,christian,rwandan,n/a
053e1670-d3d2-4d76-9681-16a4d0b4e2aa,not_disclosed,female,no,46-55,muslim,rwandan,n/a
2751ef6f-ba5d-424e-a0f7-dd2d5fe568e5,not_disclosed,female,no,56-65,christian,rwandan,n/a
cf5d4a8d-6f69-4d49-abd3-3479e94632c2,not_disclosed,female,no,36-45,christian,rwandan,n/a
b706693e-830f-47a3-86d1-dec80bbb1ba1,not_disclosed,female,no,26-35,christian,other,n/a
33f872c7-6303-49a4-a4bc-236b8b24d0d9,not_disclosed,male,no,56-65,christian,rwandan,n/a
0883df0c-e16f-4d70-a883-3f58f527a240,not_disclosed,male,no,56-65,christian,rwandan,n/a
1c87828f-5277-480c-900d-ae33629a1360,not_disclosed,male,no,18-25,christian,rwandan,n/a
764f805b-a495-4d2c-99bc-c30eff0cebb5,not_disclosed,female,no,26-35,christian,rwandan,n/a
f53ee941-f940-41fb-bb4d-37fca91c2799,not_disclosed,male,no,56-65,christian,rwandan,n/a
009c8ae1-fdc5-490d-bc10-ca49f5a81c5a,not_disclosed,female,no,26-35,none,rwandan,n/a
eb90646d-a86e-4082-831f-f6fd22949d1f,not_disclosed,female,no,66+,christian,other,n/a
e39573a0-986d-4713-962b-483beba87b7c,not_disclosed,male,no,26-35,christian,rwandan,n/a
5a9d92cc-345b-4ad5-b864-ecafddc4891d,not_disclosed,male,yes,46-55,christian,rwandan,n/a
bb1f8710-be23-4c00-9452-4e615b8b396e,not_disclosed,male,no,66+,christian,rwandan,n/a
141c3429-115c-4a62-9657-13fbdd22cdc7,not_disclosed,male,no,26-35,christian,rwandan,n/a
6f50b3b5-bcc9-449d-b1c5-b3fdbdd6b67a,not_disclosed,male,no,36-45,christian,rwandan,n/a
9747c9d9-094f-4ca2-9203-726e7a079fc6,not_disclosed,female,no,36-45,other,rwandan,n/a
e1dc1e37-3dec-411a-a2c0-f7c83a5923ee,not_disclosed,male,no,26-35,christian,rwandan,n/a
6ffac2d3-99a3-451d-aba7-089a8f966132,not_disclosed,male,no,46-55,christian,rwandan,n/a
bfa46a5b-68eb-43b7-a7ab-ff6a0cb1fe87,not_disclosed,male,no,66+,christian,rwandan,n/a
c34041f0-aee3-40e6-acd3-7a4fe816e9e2,not_disclosed,male,no,36-45,other,rwandan,n/a
36762f09-4e9e-43e0-911e-c2ae61b8b96f,not_disclosed,male,no,46-55,christian,rwandan,n/a
71f28cd8-43c8-4f27-a91d-52cb3edd937c,not_disclosed,female,no,46-55,christian,rwandan,n/a
f998e17a-038f-446e-bec4-4ead800885af,not_disclosed,female,no,46-55,christian,rwandan,n/a
f14abd31-fbdd-414e-9b57-910a10b48e84,not_disclosed,female,no,46-55,christian,rwandan,n/a
f0fc84cf-de43-41c1-97a4-08a4acf4fc42,not_disclosed,male,no,66+,christian,rwandan,n/a
e1cedc82-c4b7-48d2-9c73-d313ef7e52ea,not_disclosed,male,no,26-35,christian,rwandan,n/a
52f71576-17b2-4e7e-b7b3-89a92a0befd1,not_disclosed,male,no,66+,christian,rwandan,n/a
db09803b-e5cc-4644-84c7-8a85f3b5ed7e,not_disclosed,male,no,46-55,christian,rwandan,n/a
6f756877-3c10-4e17-b653-370ca74a7d21,not_disclosed,male,no,36-45,christian,rwandan,n/a
245adcfe-8562-45df-a596-2a5034653654,not_disclosed,male,no,26-35,none,rwandan,n/a
4f53a042-b110-4666-9acb-836d4a61ae1c,not_disclosed,female,no,66+,christian,rwandan,n/a
459a1216-0906-4293-9af8-c3c9a2c9a363,not_disclosed,male,no,66+,christian,rwandan,n/a
9d368967-4db0-45d9-a116-42abf88f290f,not_disclosed,male,yes,36-45,christian,rwandan,n/a
6e5b64ac-277a-4092-afae-c2ff13e9f554,not_disclosed,female,no,46-55,christian,rwandan,n/a
95a2516c-468e-4fa0-bf1a-ce7e7e7746ee,not_disclosed,female,no,26-35,muslim,rwandan,n/a
6011c03e-6322-46f5-a28c-5c6cda60b641,not_disclosed,male,no,18-25,christian,rwandan,n/a
4deab984-4a02-4222-a009-894d7787125a,not_disclosed,male,no,46-55,christian,rwandan,n/a
ad2b9d68-ef3b-4bf5-8d1d-eeef51b60f32,not_disclosed,male,no,46-55,christian,rwandan,n/a
abab0e0d-5950-4fd6-9bd6-1d4b75518f38,not_disclosed,male,no,46-55,muslim,rwandan,n/a
c47934d7-de6a-4f7d-982e-8caf81a5548d,not_disclosed,male,no,66+,christian,rwandan,n/a
a4b81f0d-bfc2-4ca9-a305-715fc807f46f,not_disclosed,female,no,18-25,christian,rwandan,n/a
feed8ccf-a46e-4185-a7d2-994745fbf5e6,not_disclosed,female,no,36-45,christian,rwandan,n/a
ad615937-b4a1-4719-b435-a0f62c2c28de,not_disclosed,male,no,36-45,christian,rwandan,n/a
cb88f77c-0d82-4784-8123-95d5a7f53aa5,not_disclosed,female,no,46-55,muslim,rwandan,n/a
e562305c-95a6-41ec-9810-0a2cd8309759,not_disclosed,male,no,66+,christian,rwandan,n/a
4974e505-3823-420a-b01e-7c789c94029b,not_disclosed,male,no,36-45,christian,rwandan,n/a
b3e260f3-53fa-441a-b6f8-9450e4722063,not_disclosed,male,no,18-25,muslim,rwandan,n/a
a6a2cbe0-3883-4ccb-ae99-6d7007ef0ce1,not_disclosed,male,no,36-45,christian,rwandan,n/a
fe951ee3-96c9-4ec6-ba28-0898485ef8f9,not_disclosed,male,no,66+,none,rwandan,n/a
9436010b-bcb2-47a7-86a0-8fe43d8c6fbd,not_disclosed,female,no,66+,christian,rwandan,n/a
35d4350b-a155-4323-bf9c-1f5bb786d696,not_disclosed,female,no,26-35,christian,rwandan,n/a
88158b63-77df-4050-b36f-567af3c27db3,not_disclosed,female,no,56-65,christian,rwandan,n/a
eae0e23a-c146-489d-9eda-cb2676b06ff7,not_disclosed,male,no,46-55,christian,rwandan,n/a
3e898834-f765-47c8-929b-0793401346b2,not_disclosed,male,no,18-25,christian,rwandan,n/a
85e9a6e7-66e0-4b87-93d8-1553f8d735e1,not_disclosed,female,no,26-35,christian,rwandan,n/a
f062a6b7-b9d6-4b47-aa27-7abc1bea52ee,not_disclosed,female,no,46-55,christian,rwandan,n/a
318cab91-cef8-41f8-bee8-dfd7728d5ea9,not_disclosed,female,no,66+,christian,rwandan,n/a
de52e948-d9c5-4ec4-b056-8d633b24c3a2,not_disclosed,female,no,56-65,christian,rwandan,n/a
f179c951-40a5-4493-96e1-26b1b62fa02e,not_disclosed,male,yes,56-65,christian,rwandan,n/a
7b64ea2c-ddae-4b66-933e-05050e7dadb0,not_disclosed,female,no,46-55,christian,other,n/a
10d57702-879b-47c1-a44a-9f2d68b60a4d,not_disclosed,male,no,36-45,christian,rwandan,n/a
5e4251eb-b2f2-4184-b28d-bb9694a52d17,not_disclosed,male,no,56-65,christian,rwandan,n/a
ee7d4e2b-7d32-47fb-b2f4-cb36ef17dc3b,not_disclosed,male,no,56-65,christian,rwandan,n/a
defad3f1-bf00-4c17-8d2d-39edb8cf0f80,not_disclosed,female,no,18-25,christian,rwandan,n/a
e8f01232-6356-4d79-ad09-8e3cdb92bddf,not_disclosed,male,no,46-55,christian,rwandan,n/a
6c4f8ad7-e84a-4f4b-b54a-0b5d65d4df8e,not_disclosed,male,no,36-45,christian,rwandan,n/a
b003919a-14f8-493b-975c-3db91ddaa9d9,not_disclosed,female,no,26-35,christian,rwandan,n/a
ca12e5dc-26af-4951-acf1-cb47679f9aac,not_disclosed,male,no,56-65,christian,rwandan,n/a
29c1592f-b0fd-4df7-a3de-c0ff312f9b22,not_disclosed,male,no,46-55,christian,rwandan,n/a
4b6a1aea-e84a-42f4-97e8-9f49f3631a3c,not_disclosed,female,no,26-35,christian,rwandan,n/a
a8927cf2-5f66-4893-93bf-15bf8e95bbca,not_disclosed,female,no,36-45,christian,rwandan,n/a
bc195c1b-5a88-491f-9f19-b4814d3f7f8e,not_disclosed,female,no,18-25,christian,rwandan,n/a
4c4faba9-c0af-47dd-92ec-972c7eb0761b,not_disclosed,female,no,18-25,christian,rwandan,n/a
021cac40-c4b3-4922-b11e-1acefb9fe29d,not_disclosed,male,no,46-55,christian,rwandan,n/a
03aa311a-9dc4-415f-ba51-9aa56a901b64,not_disclosed,male,no,36-45,christian,rwandan,n/a
152b5262-240d-49bb-bcc2-06fe8ec4889d,not_disclosed,female,no,66+,christian,rwandan,n/a
59201c0f-c7f8-4e21-8968-6646b4dd3a23,not_disclosed,female,no,56-65,christian,rwandan,n/a
a2b6cbfb-0f3b-446b-b98c-178a57316bc6,not_disclosed,female,no,66+,christian,rwandan,n/a
93ee372f-0bcb-47a9-a7e0-eb178fcf808c,not_disclosed,male,no,46-55,christian,rwandan,n/a
6b5676e7-f446-42fc-92ba-55075432adf7,not_disclosed,female,no,46-55,christian,rwandan,n/a
c4d2f2e5-e79e-487c-b27c-01c77169d5ed,not_disclosed,male,no,18-25,christian,rwandan,n/a
7ab08326-e72a-4279-9520-5d0371cc47e1,not_disclosed,male,no,46-55,muslim,rwandan,n/a
7662bc4c-fd26-4250-ad78-612fe3d93d5b,not_disclosed,male,no,18-25,christian,other,n/a
3c0de327-ac75-4aaa-ad1d-e8dce2aed38f,not_disclosed,female,no,26-35,christian,rwandan,n/a
5cf5b248-40c0-4c8d-97b0-c66755c58d3d,not_disclosed,male,no,18-25,christian,rwandan,n/a
2954524d-6297-4d75-ad96-d93d17f69da8,not_disclosed,male,yes,66+,christian,other,n/a
6bc805f6-26e3-4637-b632-c9ff34b885db,not_disclosed,female,no,56-65,christian,other,n/a
7e6fab1a-cab5-405b-97b0-aba16d09c4be,not_disclosed,male,no,66+,christian,rwandan,n/a
dc87d0fb-2f94-4856-8768-ab0da688eb91,not_disclosed,female,yes,46-55,christian,rwandan,n/a
a54ab556-0107-4995-ba8e-8f20e87cf5dc,not_disclosed,male,no,46-55,christian,rwandan,n/a
622fff4e-2940-4bd6-bae5-a65cb8a2b823,not_disclosed,male,no,46-55,christian,rwandan,n/a
4fff31dd-8ce3-4a84-afa7-d2dafb360755,not_disclosed,female,no,36-45,muslim,rwandan,n/a
92b17017-f127-4184-8bea-5f5622877854,not_disclosed,female,no,36-45,christian,rwandan,n/a
2012c3bf-e0b2-4673-ac10-e17ac278c5f4,not_disclosed,female,no,46-55,christian,rwandan,n/a
0c9de00c-b1cf-4da2-9c71-9f6edb2d2e59,not_disclosed,male,no,56-65,christian,rwandan,n/a
f99e9031-a75f-4f3b-a4e2-4eea04e99fd1,not_disclosed,male,no,36-45,christian,rwandan,n/a
66d4a591-7106-4bba-8213-fd9b39b4c7a8,not_disclosed,female,no,26-35,christian,rwandan,n/a
c87ee1f9-b0fd-4f92-9277-9583a1b91e6f,not_disclosed,male,no,56-65,christian,rwandan,n/a
a39d6035-1d01-4b5a-8c48-146bf8901fad,not_disclosed,male,no,18-25,christian,rwandan,n/a
2bf8df71-fa34-404d-8156-a1c4fe426632,not_disclosed,male,no,56-65,none,rwandan,n/a
7f00c00f-d94b-41de-9b26-844ec4908045,not_disclosed,female,yes,26-35,christian,rwandan,n/a
e98ae138-2e3d-4747-bccf-5a0f822f1868,not_disclosed,male,no,36-45,christian,rwandan,n/a
10f10e23-fe75-4df9-8b71-08516f20558c,not_disclosed,female,no,66+,christian,other,n/a
2a38bf4f-76c8-4e4c-884b-9dc8991cd173,not_disclosed,male,no,56-65,christian,rwandan,n/a
8382bde2-4776-4e2d-8d02-fa846a6062ee,not_disclosed,male,no,56-65,christian,rwandan,n/a
9debb889-56fe-414d-9e0f-467243242609,not_disclosed,male,no,46-55,christian,rwandan,n/a
556d079e-2eec-4ba8-a861-fb57e28136d7,not_disclosed,female,no,66+,christian,rwandan,n/a
ff012f01-080b-4d04-a73d-cc3328113c2b,not_disclosed,female,yes,36-45,christian,rwandan,n/a
e12d0ad4-8201-470b-9d2b-bbd6034e7058,not_disclosed,male,no,56-65,christian,rwandan,n/a
972d68a4-9e6b-4e2f-bd17-5e71bfb2abc8,not_disclosed,male,no,18-25,muslim,rwandan,n/a
c4fa4657-982d-4245-aab6-7b98cda27f99,not_disclosed,female,no,26-35,christian,rwandan,n/a
ecfb14ef-133e-4c25-b3c4-85087d1842e1,not_disclosed,female,no,36-45,christian,rwandan,n/a
c4a98531-4368-4a40-a33c-3adf15dfd466,not_disclosed,male,no,18-25,muslim,rwandan,n/a
c97ddde7-6a10-4b64-82d1-c76096c5319f,not_disclosed,male,no,36-45,christian,rwandan,n/a
18566c56-7866-4155-a2f6-501cf8d055c3,not_disclosed,female,no,26-35,christian,rwandan,n/a
6883d1d0-b742-4b46-b752-23383b362dce,not_disclosed,male,no,26-35,christian,rwandan,n/a
8b6d3226-e83d-4c66-a25f-35986444f6e2,not_disclosed,female,no,66+,muslim,rwandan,n/a
243dbf11-3d5f-40e1-98c0-da8cf321a659,not_disclosed,male,no,36-45,christian,other,n/a
72c78772-ce4b-45a3-beaf-e0006aa5649b,not_disclosed,male,yes,36-45,christian,rwandan,n/a
eff154cc-cd0e-490d-a0a9-47d57016a039,not_disclosed,male,no,18-25,christian,rwandan,n/a
0f531323-b023-4176-8475-0e50b62f5730,not_disclosed,female,no,46-55,christian,rwandan,n/a
e3917fa4-f1e4-417e-b8c4-0527c47e3764,not_disclosed,male,no,66+,christian,rwandan,n/a
12c65cca-bf5d-4a3b-a0b0-76c9c1a005f3,not_disclosed,male,no,46-55,christian,rwandan,n/a
aa929094-1edf-4baf-9ecd-3587b3088734,not_disclosed,male,no,46-55,christian,rwandan,n/a
1f2a9f73-2a16-4e4d-869e-1103399d19d8,not_disclosed,male,no,26-35,christian,rwandan,n/a
43f0d76d-24a5-417e-af4f-66e1e4dfeac9,not_disclosed,male,no,66+,christian,rwandan,n/a
3baf5bcc-d45c-4441-ac2e-d07c5f453a26,not_disclosed,male,yes,26-35,christian,rwandan,n/a
6b65eea1-1b3a-4e76-b843-f761e3b8c4cb,not_disclosed,female,yes,56-65,christian,rwandan,n/a
e225ac00-ac40-4504-88f5-8797b540154e,not_disclosed,female,no,26-35,christian,rwandan,n/a
037d1b91-52d9-46fa-a37a-8486c52afe3d,not_disclosed,male,no,18-25,muslim,rwandan,n/a
be481810-b75e-4944-a84a-337584b0e721,not_disclosed,male,no,36-45,christian,rwandan,n/a
9a8aab60-c15c-4447-95af-66d6d507f23d,not_disclosed,male,no,26-35,other,rwandan,n/a
d543b27a-5e40-4608-8ed3-b71f2c3416a4,not_disclosed,male,no,36-45,christian,rwandan,n/a
d076fe18-dd74-4418-a0f8-067e9fa30e34,not_disclosed,female,no,46-55,christian,rwandan,n/a
1f950fde-f502-4a6e-9728-682a83684ece,not_disclosed,male,no,56-65,christian,rwandan,n/a
492613a3-aee9-4a1e-bf7e-69630e18bf36,not_disclosed,female,no,66+,christian,rwandan,n/a
90956a5d-ed3b-4454-b6e4-d89dd83699b8,not_disclosed,male,no,26-35,christian,rwandan,n/a
0ad453b7-9e75-4ca6-82e2-0e597e67e2ca,not_disclosed,male,no,18-25,christian,rwandan,n/a
a7fa9c2d-eb9b-4a45-b3e8-87b4341945b1,not_disclosed,female,no,36-45,none,rwandan,n/a
c6695fa6-3394-4bed-a1af-8d28b01fed41,not_disclosed,female,yes,36-45,christian,rwandan,n/a
b71a753d-beff-4995-abec-7f6c8aa51ab1,not_disclosed,male,no,26-35,christian,rwandan,n/a
46b9c974-d21b-4d9d-aa8c-39487e657bca,not_disclosed,male,no,26-35,christian,rwandan,n/a
fb597df4-ee78-4195-9f48-6ddfe8353e7c,not_disclosed,male,no,36-45,christian,rwandan,n/a
d06206a3-541c-4049-86b0-438c34ac3811,not_disclosed,male,no,66+,none,other,n/a
53e41f5a-b15d-4b1b-b87c-ac26568b4ad9,not_disclosed,male,no,56-65,christian,rwandan,n/a
1280b26a-d429-4da8-9ef3-27500ad81e35,not_disclosed,male,no,46-55,christian,rwandan,n/a
66d09a3b-bf48-49c6-8962-ab58ca122fb2,not_disclosed,male,no,26-35,christian,rwandan,n/a
f7935a87-b087-4f3f-94d9-70fb842f8d13,not_disclosed,male,no,26-35,christian,rwandan,n/a
ea4bbca3-6cd6-49c2-b330-f6881f13d575,not_disclosed,male,no,26-35,christian,rwandan,n/a
6948be0a-d288-4b16-8de1-96ba5e4b485e,not_disclosed,female,no,26-35,christian,rwandan,n/a
31b58f85-cae0-42d5-ba06-b38ba0277386,not_disclosed,male,no,66+,christian,rwandan,n/a
84d1941e-9684-47b4-bc2f-9826780a5428,not_disclosed,female,no,66+,christian,rwandan,n/a
c9adf7d1-9802-4ee0-96ca-e2bf236fff6e,not_disclosed,male,no,46-55,christian,rwandan,n/a
687658f8-d30c-4bf4-8246-d3541cd97221,not_disclosed,male,yes,36-45,christian,rwandan,n/a
9f8f8812-b818-4ac9-bfea-bd765d933f29,not_disclosed,male,no,36-45,christian,rwandan,n/a
b430c190-b747-4086-b66e-fc7efd31e730,not_disclosed,male,no,36-45,christian,rwandan,n/a
e25bace4-f132-4561-b252-f88c360a7fa6,not_disclosed,male,no,56-65,christian,rwandan,n/a
8b23eb12-b512-4376-a8f3-5c5fee01bfc1,not_disclosed,male,no,66+,christian,rwandan,n/a
7c5e7aec-1c78-4b4e-9358-60fd5fe9a734,not_disclosed,male,no,46-55,christian,rwandan,n/a
d2585243-696d-4a4a-98af-8b8cfdaec58d,not_disclosed,male,no,26-35,christian,rwandan,n/a
9bcfdc08-f3ff-4df4-97d4-c422e32678cd,not_disclosed,male,no,46-55,christian,rwandan,n/a
d378fdaa-e002-493b-84f5-8a8f093f1d7e,not_disclosed,male,no,36-45,christian,rwandan,n/a
c56962b3-89f8-484c-8b01-2d1fdbf78374,not_disclosed,male,no,18-25,christian,rwandan,n/a
cbecdccb-79e6-4993-80bb-0dc0144e54ad,not_disclosed,male,no,26-35,christian,rwandan,n/a
ab8620dc-ccd6-44bb-ab3f-736338838465,not_disclosed,male,no,66+,christian,rwandan,n/a
5bcd1948-3a64-4f69-9a97-83a725fa2bba,not_disclosed,male,no,18-25,christian,rwandan,n/a
094adcec-d30b-4e3a-89ac-d009ddaa1d39,not_disclosed,female,no,18-25,christian,rwandan,n/a
05c9ae37-e12d-4aea-ab88-494a0f8962cb,not_disclosed,male,no,18-25,christian,rwandan,n/a
c72e05ff-d975-4941-a984-2d48a7595d66,not_disclosed,female,no,36-45,christian,rwandan,n/a
fde076ff-860c-4864-8193-71ed0af5aa50,not_disclosed,male,no,36-45,christian,rwandan,n/a
08a7d0f4-5309-4bac-92c3-225e16803594,not_disclosed,female,yes,56-65,christian,other,n/a
f746dad8-3c37-4a39-b3a6-017e78ed1496,not_disclosed,male,no,46-55,christian,rwandan,n/a
5702812f-709b-4049-8bd5-68cd206fe49b,not_disclosed,male,no,18-25,christian,rwandan,n/a
d40ad2c0-6ef2-41bd-9d7a-efd3a21dddb3,not_disclosed,male,no,56-65,christian,rwandan,n/a
edefb336-6b9e-452a-a905-8889e43223e7,not_disclosed,male,no,56-65,christian,rwandan,n/a
419bc9fd-7f7a-41cd-9971-e1db46584094,not_disclosed,female,no,66+,christian,rwandan,n/a
fc4be259-aa42-43cc-9ccb-44f807f621b8,not_disclosed,female,no,26-35,christian,rwandan,n/a
dabd4f70-0fe9-4695-9e86-364481d2fc85,not_disclosed,male,no,36-45,christian,rwandan,n/a
ed1659c4-ce5e-44ad-a5a0-5f389af92a97,not_disclosed,male,no,18-25,christian,rwandan,n/a
ea2a215f-b27e-4a69-99c1-56d2084db497,not_disclosed,male,no,46-55,christian,other,n/a
28862aaf-bd78-44c8-8dcd-a9d06a7ea0b6,not_disclosed,female,no,36-45,christian,rwandan,n/a
8c050a71-8c25-4289-a4c4-e33b9a230702,not_disclosed,female,yes,36-45,christian,rwandan,n/a
8891bffe-594e-4cd7-9242-651740a8e987,not_disclosed,female,no,46-55,muslim,rwandan,n/a
ae4f8887-c7df-441d-9fa5-a3e3c6ace9ea,not_disclosed,male,no,36-45,christian,rwandan,n/a
a1a868b5-64a4-4c85-9e94-4cfa337a8e8a,not_disclosed,female,no,18-25,christian,rwandan,n/a
53972c1d-c201-4bf8-9a6c-bb09abbf0c88,not_disclosed,male,no,66+,christian,rwandan,n/a
d64f7c58-522d-44ec-ab22-9e4cd635d139,not_disclosed,male,no,46-55,christian,rwandan,n/a
24d5a8bb-ef7b-4834-b23c-5137c206f8e8,not_disclosed,female,no,26-35,christian,rwandan,n/a
6006d669-2ef6-494c-8055-79968ad8eec2,not_disclosed,male,no,46-55,christian,rwandan,n/a
ef694235-ab59-4a51-a90c-988406815000,not_disclosed,female,no,66+,christian,rwandan,n/a
7ddd7e6b-fb00-4b47-b6f6-a40f2eedae7f,not_disclosed,female,no,66+,christian,rwandan,n/a
6757a613-e34d-4529-97ee-3782d51f03c2,not_disclosed,male,no,36-45,christian,rwandan,n/a
a9e76fc6-5106-4c1c-84c9-11d142fa52a4,not_disclosed,male,no,66+,christian,rwandan,n/a
a1f5b27d-af43-4b3c-a964-b696e9ae9538,not_disclosed,female,no,66+,christian,rwandan,n/a
0c6f84c4-2d17-46fb-97fb-94fd57b5bfe4,not_disclosed,male,no,46-55,christian,rwandan,n/a
500f4a0c-3979-40d1-8e1f-6edb5211dade,not_disclosed,female,no,46-55,christian,rwandan,n/a
2bbc7ef5-c93b-41b1-82ac-d759fdb1289f,not_disclosed,male,no,36-45,christian,rwandan,n/a
17bb4fbd-ff4e-49e5-bba4-05d3edc68a47,not_disclosed,female,no,26-35,christian,rwandan,n/a
4ce406cc-fca9-43ea-acec-f9c54e17da25,not_disclosed,male,no,26-35,christian,rwandan,n/a
50e919be-3abf-4322-9c1f-de892f89b647,not_disclosed,female,no,26-35,christian,rwandan,n/a
3c64be8e-bd53-498c-9845-4aedda0da18a,not_disclosed,female,no,36-45,christian,rwandan,n/a
9bc119f9-bab9-46d6-9f56-303f1bcb042f,not_disclosed,male,no,26-35,none,rwandan,n/a
6fcdc5e1-c8b2-4024-948c-4db06a30df72,not_disclosed,male,no,66+,christian,rwandan,n/a
08ac948a-43a2-43a3-a226-39c095b9ce5c,not_disclosed,male,no,66+,christian,rwandan,n/a
7bdec68b-2f84-4774-a569-71a12ef8d235,not_disclosed,female,no,56-65,christian,rwandan,n/a
9c967ec0-8f49-4f48-ab35-3461739f93d4,not_disclosed,female,no,46-55,christian,rwandan,n/a
0eb60e02-b568-482e-a3a4-d51831936578,not_disclosed,male,no,46-55,christian,rwandan,n/a
0cb9248b-4ee5-45fc-a786-4da8105a3adc,not_disclosed,male,no,36-45,christian,rwandan,n/a
bea7445c-0093-433b-a193-5894d1b4d757,not_disclosed,male,no,46-55,christian,rwandan,n/a
0896d79e-78bb-437e-af94-da708862aac6,not_disclosed,male,no,46-55,christian,rwandan,n/a
4a30a414-f642-4f90-b547-51def2805d62,not_disclosed,female,no,56-65,christian,rwandan,n/a
c19c9b3b-8938-4ffe-9ef8-00069dc3fc56,not_disclosed,male,no,66+,christian,rwandan,n/a
bc27359c-a1ce-46fc-8344-cc6ff3100b19,not_disclosed,male,no,66+,christian,rwandan,n/a
4d5b7d7c-1811-4b44-8724-17f59f1d78d2,not_disclosed,male,no,36-45,muslim,rwandan,n/a
bc65f109-7fda-4a75-bae5-e9b6c1386004,not_disclosed,male,no,36-45,christian,rwandan,n/a
08efd890-7ffc-44d0-af25-ca2a0e99ecd4,not_disclosed,male,yes,46-55,christian,rwandan,n/a
de542420-c82b-4348-94ea-a1901c801553,not_disclosed,male,no,46-55,christian,rwandan,n/a
b5edb84f-4b56-413b-8b5d-efe593ba9c74,not_disclosed,male,no,46-55,christian,rwandan,n/a
f32d56dc-a80e-403a-aca1-4055d425b2cf,not_disclosed,male,no,46-55,christian,rwandan,n/a
355fe4bf-10a4-4c24-8c90-1eead1784166,not_disclosed,male,no,66+,christian,rwandan,n/a
65067a7e-6919-4f53-8af4-ba420e3ae4b2,not_disclosed,female,no,26-35,christian,rwandan,n/a
6473295c-99c5-47c5-8a48-770512d46b91,not_disclosed,female,no,46-55,other,rwandan,n/a
4544cb17-4723-412c-b192-743c692fe724,not_disclosed,female,no,36-45,christian,rwandan,n/a
c9fd6907-db4a-4fcd-8c96-d3688d3a62c1,not_disclosed,male,no,26-35,christian,rwandan,n/a
8618f210-accf-43cb-a0b5-ffb3de60795d,not_disclosed,male,yes,46-55,muslim,rwandan,n/a
7e2ca395-58aa-4f0d-884c-25562d440c20,not_disclosed,female,no,66+,none,rwandan,n/a
a682fbdc-fee4-4063-854a-f4e720aa1c1e,not_disclosed,male,no,36-45,christian,rwandan,n/a
c732e499-7474-4145-9f7e-bfcdd2575f39,not_disclosed,male,no,26-35,christian,rwandan,n/a
38be3d17-5536-4f3e-b9de-6debada7623e,not_disclosed,male,no,36-45,christian,rwandan,n/a
33a57263-c406-4836-8a46-edd0a014808f,not_disclosed,male,no,56-65,christian,rwandan,n/a
411cffbd-c5d9-4beb-b9a4-08640d32c918,not_disclosed,female,no,56-65,christian,rwandan,n/a
56886f22-3131-44da-a4f6-25bef688472d,not_disclosed,male,no,36-45,christian,rwandan,n/a
16eea6c0-7459-4a64-a893-46ab973010ac,not_disclosed,male,no,56-65,christian,rwandan,n/a
0f55da08-76f3-4064-ae94-c2aa25752a01,not_disclosed,male,no,56-65,none,rwandan,n/a
ed6f13cf-a3b5-4bac-8519-27303d851e38,not_disclosed,male,no,56-65,christian,rwandan,n/a
303f9ca3-994e-4935-9826-752304430437,not_disclosed,male,no,46-55,christian,other,n/a
20429f8e-b8d5-4cfb-ab99-6c26fe302417,not_disclosed,female,no,26-35,muslim,rwandan,n/a
a0146ad2-61b8-43ec-b774-44fb430ae962,not_disclosed,female,no,36-45,christian,rwandan,n/a
5d9ffffe-9e62-4279-b9ca-b9f5b8d38db6,not_disclosed,male,no,26-35,christian,rwandan,n/a
88963600-5b41-48fc-8a9b-84418b1d924f,not_disclosed,female,no,46-55,christian,rwandan,n/a
1b99296f-3fc4-481b-942a-ce0d788ff790,not_disclosed,male,no,66+,christian,rwandan,n/a
9103faaa-dadb-4501-936b-477ca838ab35,not_disclosed,female,no,36-45,none,rwandan,n/a
586fef9e-283b-49b7-9982-15135a447a00,not_disclosed,male,no,36-45,christian,rwandan,n/a
09f1b9b2-7b57-47e2-96ba-9485b7454cf7,not_disclosed,male,no,56-65,christian,rwandan,n/a
a6014c47-be5c-40a1-bdae-4f466139d70a,not_disclosed,male,no,18-25,christian,rwandan,n/a
5f1453f3-8d94-4f70-82c6-cd7632432e35,not_disclosed,male,no,26-35,christian,rwandan,n/a
807f8869-9613-4370-bf7c-181a81ff0f0a,not_disclosed,male,no,36-45,christian,rwandan,n/a
b8147b9a-38fc-48b5-9d75-f44e4a5a2a6b,not_disclosed,male,no,46-55,christian,rwandan,n/a
6b6910c9-43e2-4cd7-93db-ba8bcf7251b5,not_disclosed,male,yes,18-25,christian,rwandan,n/a
780616de-0f37-4ce4-8a9d-8af1ca2b9c2d,not_disclosed,female,no,46-55,other,rwandan,n/a
5384179e-26e4-43b2-b948-c48c40dc28e5,not_disclosed,male,no,36-45,christian,rwandan,n/a
8d2e41cb-d741-480d-a73a-5f55e641d6ce,not_disclosed,male,no,26-35,christian,rwandan,n/a
e53152a9-6ea7-4833-86b8-984d5bd7ff22,not_disclosed,female,no,46-55,christian,rwandan,n/a
01d5d415-6cc1-4f58-a80d-4d31701ae353,not_disclosed,male,no,26-35,christian,rwandan,n/a
c3931116-b6dc-47d9-966e-3ad9dd1d32dd,not_disclosed,male,no,26-35,christian,rwandan,n/a
e9f4e551-42e0-45fc-ab3b-739775a19184,not_disclosed,male,no,26-35,muslim,rwandan,n/a
af3d58ba-7b1b-484a-8cb0-a1c6fe18d29a,not_disclosed,male,no,36-45,none,rwandan,n/a
09fe009c-84f7-41f9-994a-5a8b4d07927e,not_disclosed,male,no,26-35,christian,rwandan,n/a
96a895f2-076b-4f21-b721-9edb6210647b,not_disclosed,male,no,56-65,other,rwandan,n/a
9588b03a-e4b3-4277-84f9-e4857e9eef5c,not_disclosed,female,no,66+,christian,rwandan,n/a
a6e7458d-bde7-478e-a160-b91195ca931b,not_disclosed,male,no,36-45,christian,rwandan,n/a
e1de4186-f900-4456-b216-63b54f4017ea,not_disclosed,female,yes,26-35,none,rwandan,n/a
da88c4a5-a914-43f6-97f6-0f448de6d626,not_disclosed,male,no,26-35,christian,rwandan,n/a
49b2feab-4371-4c8a-8f91-00bf01e54b75,not_disclosed,female,no,46-55,christian,rwandan,n/a
becbe859-d6f0-4d3b-879a-66072422b833,not_disclosed,female,no,26-35,christian,rwandan,n/a
0d12020f-ca79-426c-9f2a-147cdc3f4601,not_disclosed,male,no,36-45,christian,rwandan,n/a
e34560f6-ee37-43d7-8a0f-42d14d5fc6ef,not_disclosed,male,no,66+,christian,rwandan,n/a
48409fed-5bf2-4bbe-b55f-27da8a9f5aa3,not_disclosed,female,no,56-65,christian,rwandan,n/a
563703cb-d306-421d-927f-be6b1e9ccd45,not_disclosed,male,no,46-55,christian,rwandan,n/a
8a988c1b-963f-4d28-a7d1-e88377d34d9f,not_disclosed,male,no,46-55,christian,rwandan,n/a
3eecfbdb-c0fb-41ac-8c92-26cc5d424004,not_disclosed,female,no,66+,christian,rwandan,n/a
f3d2e13b-2ad3-4427-bd64-41fbfed4a8d0,not_disclosed,female,no,46-55,christian,rwandan,n/a
38168768-8a98-4703-bd34-0608eceddb60,not_disclosed,male,no,18-25,other,rwandan,n/a
c0db3a4a-a243-4887-9633-a96079d1c6ee,not_disclosed,male,no,46-55,christian,rwandan,n/a
ecb5ad2c-3224-4414-ac06-27cb69c55bf2,not_disclosed,male,no,26-35,christian,rwandan,n/a
5f095c39-0847-4549-9851-51ff98b32191,not_disclosed,male,no,46-55,christian,rwandan,n/a
fb45cdf2-375f-43a9-8134-3af45cd78f09,not_disclosed,male,no,36-45,christian,rwandan,n/a
e75a809f-55bf-4bcf-8052-92654aac3fdb,not_disclosed,female,no,26-35,christian,rwandan,n/a
ee55b3d8-7d6d-427c-b6ee-905f9b5137e9,not_disclosed,male,no,36-45,christian,rwandan,n/a
b722faf5-3147-4b2d-9997-5c2995dddd09,not_disclosed,male,no,46-55,christian,rwandan,n/a
f9ca2a14-3d31-4344-a508-9a92aadc5835,not_disclosed,female,no,36-45,christian,rwandan,n/a
45c06582-9516-4e29-9205-021f4bf59bba,not_disclosed,male,no,56-65,christian,rwandan,n/a
67d8a4bb-df8c-4847-9607-9be1a83e29da,not_disclosed,male,no,56-65,christian,rwandan,n/a
ca24e25a-4bd0-43d4-80f4-d19b9a016d9c,not_disclosed,male,no,36-45,christian,rwandan,n/a
11edd283-2cc5-4254-a388-2b6315402109,not_disclosed,male,no,46-55,christian,rwandan,n/a
7bc8684b-0801-43b2-b37f-47453e944b60,not_disclosed,female,no,66+,other,rwandan,n/a
6cb1f7d9-bfff-4c1c-8ce0-32c8a5010811,not_disclosed,male,no,66+,other,rwandan,n/a
97cdc763-a2ba-41dc-a1d7-55ea9f975045,not_disclosed,male,no,18-25,christian,rwandan,n/a
9c28c940-0679-4a98-bb7f-c44d63f5e6a6,not_disclosed,female,no,36-45,christian,rwandan,n/a
4cf8e722-4e35-47a5-8044-d347f314e304,not_disclosed,male,no,46-55,christian,rwandan,n/a
7348ddb1-c325-4f3d-8596-74f34c737218,not_disclosed,male,no,26-35,christian,rwandan,n/a
6a9c8181-71f7-4de9-8617-958087ff2df0,not_disclosed,female,no,18-25,christian,rwandan,n/a
1402650c-5a2f-4fb7-89d1-e36b97d2e8bf,not_disclosed,female,no,46-55,christian,rwandan,n/a
334c2c3b-c627-47f6-97e6-d9ea55272ef4,not_disclosed,female,no,66+,christian,rwandan,n/a
097d2132-a39b-4b6a-aab8-b93ea0cfa5f1,not_disclosed,male,no,56-65,christian,rwandan,n/a
5474202b-7a08-4ea4-ac21-db11bcfe1a45,not_disclosed,female,no,56-65,christian,rwandan,n/a
485c1c85-0d78-4a42-8e4c-ebbed7c8d550,not_disclosed,male,no,46-55,christian,rwandan,n/a
e398e47b-63df-4e5e-a40a-698306567cc6,not_disclosed,male,no,36-45,christian,rwandan,n/a
238e674c-f486-40a3-9319-1b3218c8cfc5,not_disclosed,female,yes,36-45,christian,rwandan,n/a
d5130662-d1ee-43bf-b579-3dfc3477796b,not_disclosed,male,no,36-45,christian,rwandan,n/a
1d941f82-3aa3-4be9-a308-c6146e501267,not_disclosed,male,no,66+,christian,rwandan,n/a
0731d033-da28-4eb7-b52c-046267acb037,not_disclosed,male,no,26-35,christian,rwandan,n/a
df46d202-f503-4a53-a7be-6107e4cc7538,not_disclosed,male,no,26-35,other,rwandan,n/a
41274038-bf3a-478f-bd9f-e393d41a1a20,not_disclosed,female,no,36-45,christian,rwandan,n/a
48af40f0-661e-4019-921d-c6b02a737c88,not_disclosed,male,no,66+,christian,rwandan,n/a
e587343a-5b65-4f30-b8a0-ed0b63058928,not_disclosed,male,no,36-45,none,rwandan,n/a
4f40651e-713a-4c6f-9257-bb3528a2fbb8,not_disclosed,male,yes,26-35,christian,rwandan,n/a
7c7d0e21-a851-4022-b95d-b4d9e9c196ec,not_disclosed,male,no,46-55,christian,rwandan,n/a
c978f1e0-6d9a-4f34-b2f8-c72cd17ce69a,not_disclosed,female,no,46-55,christian,rwandan,n/a
fc987eb7-4b5d-4e6f-820c-79d97d232fb1,not_disclosed,male,no,36-45,christian,rwandan,n/a
d40081f0-5ded-4d4d-bd03-a123e5df0e77,not_disclosed,male,no,66+,christian,rwandan,n/a
feb45de0-7281-4c63-98c8-8176c9ea274d,not_disclosed,male,no,56-65,christian,rwandan,n/a
fcfec371-0226-4e70-8f9d-d17d98e8db6b,not_disclosed,male,yes,26-35,christian,other,n/a
1af9d588-8819-48f8-a282-4f97c85f96e0,not_disclosed,female,no,26-35,christian,rwandan,n/a
01088aa9-c999-4e2b-a0c0-3595a50ed29d,not_disclosed,male,no,26-35,christian,rwandan,n/a
8f08e6ff-ac02-4fc3-b8a6-9f04bb7e74f2,not_disclosed,female,no,46-55,other,rwandan,n/a
52645ade-7b9c-4ccd-94aa-822c9d081e61,not_disclosed,male,no,66+,other,rwandan,n/a
be2109b9-7ac8-475f-b26f-11b329c6aa2e,not_disclosed,female,no,46-55,christian,other,n/a
4c35eb48-93bc-4e02-a46b-f680f5a02df0,not_disclosed,female,no,56-65,christian,rwandan,n/a
3726898a-f49d-4049-84f7-c7bc2fbb2270,not_disclosed,male,no,26-35,christian,rwandan,n/a
bd725d4f-7290-419a-80c1-ed1ccc8a139c,not_disclosed,male,no,56-65,christian,rwandan,n/a
adbd2475-7b9a-4185-abb5-8513897e0512,not_disclosed,male,no,56-65,other,rwandan,n/a
7fd86c70-db88-424f-9ac4-28ba0444db91,not_disclosed,male,no,46-55,christian,rwandan,n/a
2b40ab35-8d37-41db-a920-99a7158297c7,not_disclosed,female,no,46-55,christian,rwandan,n/a
af32f11a-7142-4794-98a9-06a265b91a21,not_disclosed,male,no,46-55,christian,rwandan,n/a
77dc4cd0-bb96-43cb-9cb2-47571bd1c4ee,not_disclosed,female,no,46-55,christian,rwandan,n/a
438df005-eb51-4a45-8537-7ea424dbe58d,not_disclosed,female,no,36-45,other,rwandan,n/a
b4d95150-7af3-479a-a992-1ec032001533,not_disclosed,male,no,36-45,christian,rwandan,n/a
b6e704de-887b-4730-89d8-9bd608076397,not_disclosed,male,no,36-45,christian,rwandan,n/a
9f132b7e-a80d-4b8f-acb1-3d38f3c8d2a6,not_disclosed,female,no,36-45,christian,rwandan,n/a
4fb2d191-478c-4b66-a243-55f0ca2b839f,not_disclosed,male,yes,56-65,christian,rwandan,n/a
ff4c1e80-52f7-444c-87e5-23cbcb23e3cf,not_disclosed,male,no,56-65,christian,rwandan,n/a
794cb27e-3fcf-4db0-a9b2-a72912c679a0,not_disclosed,male,no,26-35,christian,rwandan,n/a
3a0bfaed-ab8c-4752-b39b-5f7741461744,not_disclosed,female,no,46-55,christian,rwandan,n/a
ab11933f-6a34-431c-a8ac-b55b71edc7f8,not_disclosed,female,no,26-35,christian,rwandan,n/a
fe111055-be44-42cc-916a-7304b53a707d,not_disclosed,male,no,26-35,christian,rwandan,n/a
29f2b870-7a0f-4e8d-b862-3515759ef742,not_disclosed,male,no,56-65,other,rwandan,n/a
3a8d594a-7abe-4742-9144-9975e4e5c924,not_disclosed,male,no,46-55,none,rwandan,n/a
e003e900-8ebd-4819-beed-9fa51fdefb03,not_disclosed,female,no,36-45,christian,rwandan,n/a
f1d9abf6-da06-4bee-9376-48f7d64ee977,not_disclosed,female,no,26-35,christian,rwandan,n/a
67ec5507-437e-4b34-b845-45a722677091,not_disclosed,male,no,36-45,muslim,rwandan,n/a
8dd961b1-8648-4b24-9799-142d8909c0c0,not_disclosed,female,no,46-55,christian,rwandan,n/a
48915ece-ac2e-446f-8cd2-1794df305f19,not_disclosed,male,no,26-35,christian,other,n/a
d5be96a9-95f7-4d05-9ea9-cd42338aa480,not_disclosed,female,no,36-45,christian,rwandan,n/a
95ab6fc7-98e4-4abe-89dc-8e24ffed1b5b,not_disclosed,male,no,18-25,christian,rwandan,n/a
170e6353-d2ed-40f4-93c4-65f855c0decb,not_disclosed,male,no,26-35,christian,rwandan,n/a
bb6a35b3-cd13-4d4e-8796-d457a0c93449,not_disclosed,male,no,66+,christian,rwandan,n/a
442338fe-0466-43d9-80cf-2494e73af2de,not_disclosed,male,no,18-25,none,rwandan,n/a
f5126571-95c3-4ebb-a703-28f65b9387cc,not_disclosed,male,no,46-55,christian,rwandan,n/a
b6ffce93-ccbc-49fe-bc88-04b6aec2579e,not_disclosed,male,no,46-55,christian,rwandan,n/a
0d8adf71-03f0-445c-b515-0f7bd86ce2ec,not_disclosed,male,yes,26-35,muslim,rwandan,n/a
008aa315-cf5e-4a08-bae8-d09a88b5e260,not_disclosed,male,no,36-45,christian,rwandan,n/a
303738bc-148e-48fc-829c-d4c5f9f344a8,not_disclosed,male,no,56-65,christian,rwandan,n/a
bee58fc8-13c8-4466-8ea5-be33509c967e,not_disclosed,male,no,56-65,christian,rwandan,n/a
5d694655-493c-4b65-9f6a-d83ac5878ffa,not_disclosed,male,no,66+,christian,rwandan,n/a
4d789188-d8cc-42bb-a032-f886e41953d1,not_disclosed,male,no,18-25,christian,rwandan,n/a
29f0afb4-213b-4d8f-a4ae-4716aad7ba21,not_disclosed,male,no,18-25,christian,rwandan,n/a
3c0a6381-d0f7-4df8-bff2-82ef581c46fd,not_disclosed,male,no,66+,christian,rwandan,n/a
f6438c0f-d966-4518-a210-c187bf442e27,not_disclosed,male,no,26-35,other,rwandan,n/a
8b65234c-964f-4fb0-9c80-4019e6894d15,not_disclosed,male,no,26-35,muslim,rwandan,n/a
e9a19732-6aac-4d4a-a394-af47da85c34f,not_disclosed,male,no,36-45,christian,rwandan,n/a
3fa242ba-473a-44c6-9075-0996b0f30dec,not_disclosed,male,no,56-65,christian,rwandan,n/a
7522cf83-bf5d-457d-b7b2-3a74183c19af,not_disclosed,female,no,46-55,christian,rwandan,n/a
e6af07e8-cd89-4ea6-97e7-c5b02dcdbf7e,not_disclosed,male,no,36-45,christian,rwandan,n/a
fdb69b40-716a-47be-89f4-c69ee3994027,not_disclosed,male,no,46-55,muslim,rwandan,n/a
c378ef88-1567-420a-b65b-1c6d7c03b812,not_disclosed,male,no,66+,christian,rwandan,n/a
28a6e755-4f39-4256-93ab-1b279cdd1180,not_disclosed,female,no,36-45,muslim,rwandan,n/a
e7aca123-ed30-4cde-be16-11297c262921,not_disclosed,male,no,26-35,christian,rwandan,n/a
312546b7-a476-4cdf-add9-2bb68e13c1ea,not_disclosed,male,no,66+,christian,rwandan,n/a
ca26e1db-7dc8-440e-92f1-2ac41a5201e4,not_disclosed,male,no,36-45,christian,rwandan,n/a
fe4b9209-dc90-4087-a0ce-a9da6511d42c,not_disclosed,male,no,26-35,christian,rwandan,n/a
21a90b93-dce8-4776-8fc1-0a4cad8fd1f2,not_disclosed,male,no,66+,christian,rwandan,n/a
0c8d719e-32e0-4079-a435-7e530865ca19,not_disclosed,male,no,36-45,christian,rwandan,n/a
56745232-efd8-41fd-806a-6a31d5c25ba0,not_disclosed,female,no,46-55,muslim,rwandan,n/a
7250bd71-c558-4c87-b730-173d7f0d0e54,not_disclosed,female,no,36-45,muslim,rwandan,n/a
bb0cf801-f92f-4a6e-b1dd-b482e31d51b9,not_disclosed,male,yes,36-45,christian,rwandan,n/a
ec6a7cf1-c437-4255-a3a3-d1dbfa39836a,not_disclosed,female,no,18-25,other,rwandan,n/a
c52c2c25-80d4-4592-80ad-c6a52f75899c,not_disclosed,male,no,26-35,christian,rwandan,n/a
34b5313d-cded-4857-8dc1-0cc6b6aed095,not_disclosed,male,no,36-45,christian,rwandan,n/a
d708cfcf-9f1f-47de-989a-deb80a0c498b,not_disclosed,male,no,46-55,christian,rwandan,n/a
6c10d190-3dc1-4a67-8c50-5c5959fb858c,not_disclosed,female,yes,66+,christian,rwandan,n/a
87d859fa-c91d-43f6-9a1e-912dd70cc63f,not_disclosed,male,no,66+,christian,rwandan,n/a
efe2d724-328e-42c2-9443-9f7db662e99d,not_disclosed,female,no,18-25,christian,rwandan,n/a
113d8793-f7a2-46fc-96d1-3ecf774f74e5,not_disclosed,female,no,18-25,christian,rwandan,n/a
c8243d9d-1a36-40f1-9b0d-60d8e8c76116,not_disclosed,male,yes,46-55,christian,rwandan,n/a
b0e916a2-7155-471f-bece-3847b84a994d,not_disclosed,male,no,26-35,christian,rwandan,n/a
f1693fc6-43cd-4638-b4a8-fdd5ad298996,not_disclosed,male,no,66+,christian,rwandan,n/a
a880c2cc-6c10-4fd5-a878-923f917af569,not_disclosed,female,no,56-65,none,rwandan,n/a
dd2e3d4e-77a6-4b24-8e31-aa1104e5d300,not_disclosed,male,yes,46-55,christian,rwandan,n/a
abc4cd1a-8452-42a7-89e5-0a9a57a830f7,not_disclosed,female,no,46-55,christian,rwandan,n/a
ef9ea3b4-9322-4bf6-830b-1d696cfe3450,not_disclosed,male,no,56-65,christian,rwandan,n/a
39b2117d-befd-44c6-9a6a-6bf05aa1c701,not_disclosed,male,no,66+,christian,rwandan,n/a
12dc3ded-1929-45b1-88c3-8a88bac37ce4,not_disclosed,female,no,66+,christian,rwandan,n/a
a5376192-a78e-47cf-bff0-a44916c4be31,not_disclosed,male,no,36-45,christian,rwandan,n/a
8eb28aa2-76b2-4634-9ce0-8385fee01260,not_disclosed,male,no,56-65,other,rwandan,n/a
fc49065a-9876-48fd-b607-24a82fd36a0f,not_disclosed,male,no,26-35,other,rwandan,n/a
6968edbc-2773-430d-a3cd-28d24d9e1ee3,not_disclosed,male,no,36-45,christian,rwandan,n/a
1bca6781-0cb3-4281-ab50-7a1765827dda,not_disclosed,female,no,26-35,christian,rwandan,n/a
e348e289-9361-4497-af57-404e12fed703,not_disclosed,male,no,36-45,christian,rwandan,n/a
3278892c-a69a-47f6-b3dc-817e5712024c,not_disclosed,male,no,18-25,christian,rwandan,n/a
235ac322-7b7b-412e-9ad9-e736eb291f93,not_disclosed,female,yes,26-35,christian,rwandan,n/a
2e0efe4a-6a7b-4c25-8739-acd0ec1dc13c,not_disclosed,male,no,66+,christian,rwandan,n/a
c883d130-a6ef-4856-9ecf-6a24bfedd0be,not_disclosed,female,no,26-35,christian,rwandan,n/a
29f0354c-5d52-4e0a-b9f8-94cbf1930160,not_disclosed,male,yes,66+,other,rwandan,n/a
a633c676-4c6a-41f7-b9f5-e59d0a3a8b34,not_disclosed,male,no,66+,other,rwandan,n/a
88bbdb03-fd79-4e09-9836-11133e8a5ef6,not_disclosed,male,no,66+,christian,rwandan,n/a
55b8c24c-7d17-4b6b-aea8-fa7f04d89520,not_disclosed,male,no,36-45,christian,rwandan,n/a
d6dcdb9b-743c-4aef-9e55-c77da79c54ca,not_disclosed,male,no,46-55,christian,rwandan,n/a
a9d58bf7-3c8c-4191-9472-96343bf8d489,not_disclosed,female,no,66+,christian,rwandan,n/a
4ca69265-5b1f-45ca-9795-3213a0678bd3,not_disclosed,male,no,46-55,christian,rwandan,n/a
c63e643f-1887-4540-80b7-8c21e185566b,not_disclosed,male,no,46-55,christian,rwandan,n/a
70cbb312-3bb4-4569-b9f1-84db61ba2314,not_disclosed,female,no,36-45,christian,rwandan,n/a
07bbd2a1-0666-4da7-bbea-81c3b07f8ed9,not_disclosed,female,no,56-65,christian,rwandan,n/a
af7ef385-7c3e-4746-b777-fe99a28a840c,not_disclosed,male,no,66+,muslim,rwandan,n/a
845a8093-b51e-4871-95f7-1e64a2ec65d5,not_disclosed,male,no,46-55,christian,rwandan,n/a
df3ea437-dac7-414c-bf3f-7e9e6fe70a6e,not_disclosed,male,yes,36-45,christian,rwandan,n/a
a343fae5-f3de-4991-896d-19843a6b7e4c,not_disclosed,male,no,46-55,none,rwandan,n/a
e20bee35-3319-4d1f-b494-f35ae35fbc18,not_disclosed,female,no,36-45,christian,rwandan,n/a
f3b1ae5e-b16d-43c8-9610-02867bcf7d4c,not_disclosed,male,no,26-35,none,rwandan,n/a
0c7fcf85-ba7a-4da7-8d13-8cd3fe8d947d,not_disclosed,male,no,36-45,christian,rwandan,n/a
3dcdba08-0012-4193-bf73-45189c6baee5,not_disclosed,female,no,46-55,christian,rwandan,n/a
a2cc8c4b-d508-4f48-b1a4-cf714655d8c2,not_disclosed,male,yes,46-55,muslim,rwandan,n/a
8c58ee24-4b2b-456e-8d09-9fff768986ac,not_disclosed,male,no,26-35,none,rwandan,n/a
b5c0ba31-3bfa-46b1-9bf6-8a65fcf1fa6d,not_disclosed,male,no,36-45,christian,rwandan,n/a
510edac2-9538-4689-b193-8971b3c578b0,not_disclosed,male,no,26-35,christian,rwandan,n/a
24bf3287-ff49-4ef2-86b2-eb83866529be,not_disclosed,male,no,18-25,christian,rwandan,n/a
211556d7-269e-4bd5-87a2-eb12750498a6,not_disclosed,female,no,36-45,christian,rwandan,n/a
45625bea-c5b2-41dc-9afd-4c227976fc70,not_disclosed,male,no,46-55,christian,rwandan,n/a
4d7b9b9d-3ab3-4844-b160-a14b34db551c,not_disclosed,female,no,26-35,christian,rwandan,n/a
42cfcc44-9a56-400b-b966-18c5de1e0257,not_disclosed,male,no,26-35,christian,rwandan,n/a
3bed5159-0efc-4bf9-9eef-36cd8e7df303,not_disclosed,female,no,36-45,christian,rwandan,n/a
ef04fa0e-1e33-42e9-8b7a-7724854eaba2,not_disclosed,female,yes,46-55,christian,other,n/a
be732638-8d0d-449d-b580-b2563988f074,not_disclosed,male,no,46-55,muslim,rwandan,n/a
4c0f1169-dc5f-41eb-b19a-f7f4549f3670,not_disclosed,male,no,46-55,christian,rwandan,n/a
d8cff090-1a29-4872-b683-a22d90a315d5,not_disclosed,male,no,66+,christian,rwandan,n/a
e37fba7d-2252-4acb-ab37-669b9d97c67f,not_disclosed,male,no,26-35,christian,rwandan,n/a
793ea547-f8c8-470f-9d33-b5d08395c57e,not_disclosed,male,no,46-55,christian,rwandan,n/a
89c2a8e6-ec8a-4850-b358-1e0e7f2913b9,not_disclosed,male,no,18-25,christian,rwandan,n/a
0dcb0954-a96e-448e-8c2b-457f46a72210,not_disclosed,male,no,46-55,other,rwandan,n/a
1dcf3c66-d713-40ae-a3f5-4df32553c86f,not_disclosed,male,no,66+,christian,rwandan,n/a
2485b490-e19d-4c7a-b45b-f79cc6235086,not_disclosed,female,no,46-55,none,rwandan,n/a
97054153-8fe6-4011-86ba-a0e4a409fffc,not_disclosed,male,no,26-35,christian,rwandan,n/a
e85164dd-1875-4776-a342-835f0c3d1824,not_disclosed,male,no,46-55,christian,rwandan,n/a
b005e693-0010-43bd-af9a-768f45f24719,not_disclosed,female,no,46-55,christian,rwandan,n/a
25418bb2-2e04-476b-b334-036288fbd2dd,not_disclosed,male,no,26-35,christian,other,n/a
f29a5718-4029-43cf-be24-f35f31fc761a,not_disclosed,male,no,36-45,christian,rwandan,n/a
15e05502-9609-4d1b-9562-bae968789d93,not_disclosed,male,no,66+,christian,rwandan,n/a
d8c0bc77-246a-4d14-a143-eec6f7c69c34,not_disclosed,male,no,26-35,christian,rwandan,n/a
f75436f9-9c77-4a86-97c8-24897e907330,not_disclosed,male,no,56-65,christian,rwandan,n/a
38039e0a-b891-4449-8557-5cc9b227ee53,not_disclosed,female,no,26-35,christian,rwandan,n/a
dc327450-dfad-48cc-9327-75b83425bb0a,not_disclosed,male,no,46-55,christian,rwandan,n/a
0f6b29ed-7a36-47b5-838a-1d0cc8355d76,not_disclosed,male,no,26-35,christian,rwandan,n/a
7379b5be-2df7-4e82-810b-4f52748d679a,not_disclosed,male,no,26-35,christian,rwandan,n/a
b1ce8432-4440-4154-af83-edf886c4601e,not_disclosed,male,no,66+,christian,rwandan,n/a
6efe37f9-23e3-43c7-ac25-7aeefa5ea21f,not_disclosed,male,no,46-55,christian,rwandan,n/a
ebe5c742-c6e4-43a2-a9e8-129f9aceac73,not_disclosed,male,no,26-35,muslim,rwandan,n/a
f26cb3b2-fa7d-4aa0-9733-b4cbe596faba,not_disclosed,male,no,56-65,christian,rwandan,n/a
838456a7-86c7-493f-b8cd-35c2fed8b585,not_disclosed,male,no,46-55,christian,rwandan,n/a
1af18532-cb51-464a-8fbd-9ed0d76d1cc3,not_disclosed,male,no,36-45,christian,rwandan,n/a
ef94d59e-0bba-4a9d-a23e-fefaa3255d4d,not_disclosed,male,no,46-55,christian,rwandan,n/a
665d1d78-c6b9-491d-bdd8-a7d293f9bd9a,not_disclosed,male,no,36-45,christian,rwandan,n/a
d1aa1759-9f48-4703-b09f-b12a8e226569,not_disclosed,male,no,56-65,christian,rwandan,n/a
0274477f-d55b-4bfb-b233-3661bf198b9b,not_disclosed,male,no,18-25,muslim,rwandan,n/a
adf95ab0-8875-4ab1-bb7d-51f56dddee75,not_disclosed,male,no,46-55,christian,rwandan,n/a
97e025f1-05bc-40ad-9216-e1fcaa1cad60,not_disclosed,male,no,46-55,christian,rwandan,n/a
9163907b-05fa-4c2e-beeb-57a1edc838d3,not_disclosed,female,no,26-35,christian,rwandan,n/a
1c319cd5-e8dd-45aa-94f4-34ef0b4f41c7,not_disclosed,male,no,36-45,christian,rwandan,n/a
bb7cbcdc-ad87-4795-87ab-6099a2286ab9,not_disclosed,female,no,66+,christian,rwandan,n/a
b5e68910-ff33-460f-ae3d-6b932cfa12e8,not_disclosed,male,no,36-45,christian,rwandan,n/a
93f52782-66d5-4b30-ac6b-98be797c23e5,not_disclosed,female,no,36-45,christian,rwandan,n/a
e9c9922b-d9df-4f3e-b8fb-6599a12d1560,not_disclosed,male,no,46-55,christian,rwandan,n/a
84944678-14b6-41be-9654-a073bb3b41d8,not_disclosed,female,no,46-55,christian,rwandan,n/a
b9ec056c-6611-474e-a5e2-942a429972e5,not_disclosed,male,no,36-45,christian,other,n/a
06bd015b-fb63-47cd-9604-b67414cda20a,not_disclosed,male,no,46-55,christian,other,n/a
7c244072-12d5-4f45-8c8c-7eb3c4d2db46,not_disclosed,female,no,18-25,muslim,rwandan,n/a
8a1e4ff8-26c4-4e40-bfe5-b0b5bc323099,not_disclosed,female,no,56-65,christian,rwandan,n/a
a3862e5b-f095-46cb-a9f0-d3b15cd8fb22,not_disclosed,male,no,56-65,christian,rwandan,n/a
37baee31-2084-4723-ab0e-0f0abc9b2ac0,not_disclosed,male,no,36-45,christian,rwandan,n/a
19bc747a-1b62-413e-b50e-d92a877bd0c9,not_disclosed,female,no,36-45,christian,rwandan,n/a
a7e1c95d-7fd1-4192-bbe6-c5e568a17137,not_disclosed,male,no,66+,christian,rwandan,n/a
a1b6f8e9-9ea5-4fba-9780-be528e485891,not_disclosed,male,no,26-35,none,rwandan,n/a
bd42b80d-0b2c-4b38-b4b7-bf728b4f227e,not_disclosed,male,no,56-65,muslim,rwandan,n/a
3f45805c-1f36-4dcc-af29-c851763d7cdc,not_disclosed,male,yes,26-35,christian,rwandan,n/a
6ab5b495-f7e1-43a3-9350-da0df5e08249,not_disclosed,male,yes,46-55,muslim,rwandan,n/a
60d99bff-52a5-4aeb-ba89-1535b810c0b6,not_disclosed,male,no,26-35,christian,rwandan,n/a
c6a479f6-afab-4d4d-bebf-3b54b119d686,not_disclosed,male,no,46-55,christian,rwandan,n/a
0caae938-25d9-44a2-a86a-edd2dd4a58d7,not_disclosed,male,no,26-35,christian,rwandan,n/a
9ba1caf8-463f-44ca-a2f9-4efb19f995b9,not_disclosed,male,no,18-25,muslim,rwandan,n/a
ead2b378-fbe4-47f1-a698-2ac1a34b83f4,not_disclosed,female,no,56-65,christian,rwandan,n/a
3d9a3385-738b-4e46-9a49-b36725b2365c,not_disclosed,male,no,36-45,christian,rwandan,n/a
fcfc76cb-55d3-4c80-b875-f1219af1a3e6,not_disclosed,male,no,46-55,christian,rwandan,n/a
32677995-a0d2-4245-a91c-a6bff5b3768b,not_disclosed,male,no,66+,christian,other,n/a
758f7b16-208e-44c7-a580-801c604f1dcb,not_disclosed,female,no,36-45,muslim,rwandan,n/a
b687f4a3-b57e-4323-b0d1-4b89e3c42e07,not_disclosed,male,no,36-45,christian,rwandan,n/a
76c9f927-8580-4724-99ed-2740296b1d58,not_disclosed,male,no,46-55,christian,rwandan,n/a
7f0b12b9-b8be-414e-a72e-89ba8a459ba7,not_disclosed,male,no,46-55,christian,rwandan,n/a
65f175f5-c449-411c-948d-91e2bf0e2ab3,not_disclosed,male,no,56-65,other,rwandan,n/a
21391fad-09db-42ef-aa58-a00f4f7ab5b8,not_disclosed,female,no,26-35,christian,rwandan,n/a
6776f249-a360-49b5-b819-7841ce48a32f,not_disclosed,male,no,26-35,christian,rwandan,n/a
a715276b-f542-46f3-a317-d8b8ce3bda0f,not_disclosed,female,no,26-35,christian,rwandan,n/a
5fe444e0-eb24-488d-954a-b31a6ddf1a1c,not_disclosed,female,no,36-45,christian,rwandan,n/a
25c7de5f-0366-429e-beb1-ee4d507e5a99,not_disclosed,female,no,36-45,christian,rwandan,n/a
d8d38c6a-f7aa-43a5-a720-aa183627ad59,not_disclosed,male,no,36-45,christian,rwandan,n/a
4d35e62d-8888-4bb9-a6ba-e311ff0d284b,not_disclosed,male,no,26-35,christian,rwandan,n/a
39ac47ce-dfdb-46d8-8ffb-b8778ba0a8a7,not_disclosed,male,no,56-65,christian,rwandan,n/a
10a515bb-c201-425b-8fd7-00a6235ac4d3,not_disclosed,female,no,26-35,christian,rwandan,n/a
e3387c50-9327-43f7-9d78-cd9cb07dfd37,not_disclosed,male,no,26-35,christian,rwandan,n/a
2655278a-f1a4-4b20-ad40-88fea24233e0,not_disclosed,female,no,18-25,christian,rwandan,n/a
d80a9146-7fe1-4b65-969c-fe4d1c7e1e28,not_disclosed,male,no,66+,christian,rwandan,n/a
0545c3ab-c84a-4516-a328-9b0d84fa73a9,not_disclosed,female,no,46-55,christian,rwandan,n/a
e4f8c1cb-7517-4390-b8fe-266d0a5187bd,not_disclosed,female,no,46-55,none,rwandan,n/a
8184b115-a3c2-4024-ba19-e1a6b0ee1a13,not_disclosed,male,no,66+,christian,rwandan,n/a
4803a0e7-26dc-4f89-8aae-08bb31389dd5,not_disclosed,male,no,66+,christian,rwandan,n/a
8d815f68-97f4-48bc-bcf0-d62c12052a4c,not_disclosed,male,no,36-45,other,rwandan,n/a
49e607b6-2ba2-41bd-bfa5-f186e9628f42,not_disclosed,female,no,26-35,christian,rwandan,n/a
3ee5cae7-cf02-4081-bc5a-90390d2c5ff2,not_disclosed,male,no,26-35,muslim,rwandan,n/a
a6446150-90e5-4b45-b3db-b8bfc7adcda9,not_disclosed,male,no,26-35,none,rwandan,n/a
610414c7-3e95-4c81-8031-82ee9ad62dbe,not_disclosed,male,no,18-25,christian,rwandan,n/a
b38c7815-18c9-4239-9f7b-f941d74b15d0,not_disclosed,male,no,46-55,christian,rwandan,n/a
5347ee42-15c8-4ac1-bc91-7279c621cba2,not_disclosed,female,no,36-45,christian,rwandan,n/a
20df505e-08fd-472d-8ef9-ed196c4cf6e5,not_disclosed,male,no,26-35,christian,rwandan,n/a
b1ebe572-a577-4bb7-a2fb-2ad8d1e61871,not_disclosed,female,no,66+,christian,rwandan,n/a
1799beda-1c3f-4b7f-a85c-fb16c7f5d64a,not_disclosed,female,yes,36-45,christian,rwandan,n/a
a4de4fb1-237c-4faa-a943-dcd87ac8daf8,not_disclosed,male,no,18-25,christian,rwandan,n/a
0087355d-964b-4b24-8623-b9a6eaee01ca,not_disclosed,female,no,26-35,other,rwandan,n/a
404e2c9a-4024-4d2b-9883-88871ff10c9a,not_disclosed,female,no,66+,christian,rwandan,n/a
be24ccbe-254a-4a0d-b0d5-957a9332f216,not_disclosed,male,yes,26-35,none,other,n/a
51935ffa-aab6-4698-b47f-a577a5f81691,not_disclosed,male,no,36-45,christian,other,n/a
b2c00104-3d51-4bc1-a2d6-1081f6d2af45,not_disclosed,male,no,26-35,christian,rwandan,n/a
0c8c25d4-0e31-48cc-a763-0c40be97b0d6,not_disclosed,female,no,26-35,christian,rwandan,n/a
661468f1-b156-4b61-8e97-9d4f94ce0c89,not_disclosed,female,no,46-55,christian,rwandan,n/a
d0bf46f1-ed23-43ea-a0e0-96437f918683,not_disclosed,male,no,46-55,christian,rwandan,n/a
bcf3b7a9-e210-4c26-a059-620026bc65d1,not_disclosed,female,no,36-45,christian,rwandan,n/a
08055963-3389-424b-ab38-80171e5d2a5a,not_disclosed,male,no,66+,christian,rwandan,n/a
a9adf8de-7db8-4f66-87e7-7ebda3145e69,not_disclosed,male,no,46-55,christian,rwandan,n/a
1aff7081-0d31-4714-8164-d96abeba49d3,not_disclosed,male,no,56-65,christian,rwandan,n/a
4cade0ee-bc44-43b4-ad9f-fe0af98953d8,not_disclosed,female,no,56-65,christian,rwandan,n/a
c0933b96-34d5-45e8-a1f1-891b7a03f517,not_disclosed,male,no,66+,christian,rwandan,n/a
ffe54bf6-f037-4a55-a20d-722fac78e217,not_disclosed,female,no,46-55,christian,rwandan,n/a
ef6367b3-f3a2-44ef-b241-75ad001e9b00,not_disclosed,male,no,36-45,christian,rwandan,n/a
e729edb1-0728-48a2-8974-bb59919276b8,not_disclosed,female,no,46-55,other,rwandan,n/a
ef90eeac-6740-4bae-8b43-0b07748962eb,not_disclosed,female,no,26-35,christian,rwandan,n/a
b490728b-515c-4734-bdfe-36b473863427,not_disclosed,male,no,26-35,christian,rwandan,n/a
a8cb5bc6-eeb8-4c18-8976-d1d1ea283446,not_disclosed,female,no,26-35,christian,rwandan,n/a
2c7b1ef4-3b57-4b5a-b8ae-864f1a33ccc7,not_disclosed,male,no,18-25,christian,rwandan,n/a
2a5124ce-3a9f-49fd-9a43-c1db7fb476f6,not_disclosed,male,no,56-65,christian,rwandan,n/a
b2585836-23c2-4659-af9a-043ad3eb8568,not_disclosed,male,no,26-35,christian,rwandan,n/a
00180d2e-1996-4fc5-b349-3221cd1f3472,not_disclosed,male,no,56-65,christian,rwandan,n/a
0e7f4621-8459-4c82-b2f1-496cc5d9e774,not_disclosed,male,no,36-45,christian,rwandan,n/a
d71be19e-7027-4b6e-9259-8988f375e6c2,not_disclosed,male,no,66+,christian,rwandan,n/a
b1c00894-f6c5-46a9-b427-0d19628fffc3,not_disclosed,female,no,46-55,christian,rwandan,n/a
776bf095-685a-458c-8fe0-bab3436a09b5,not_disclosed,male,no,26-35,christian,rwandan,n/a
e254770d-74f3-4662-bf8b-e938348b554e,not_disclosed,male,no,56-65,christian,rwandan,n/a
d8fa5ff5-1dd9-418d-8eb9-7dd629101db3,not_disclosed,male,no,66+,christian,rwandan,n/a
98e83d2c-b14c-4ae4-9519-c2c74798fd12,not_disclosed,female,no,36-45,christian,rwandan,n/a
c93b6a87-9dcf-419b-baae-b748d1ff2e18,not_disclosed,female,no,46-55,christian,rwandan,n/a
577087d6-b6ec-4ed9-8aab-0049268471db,not_disclosed,male,no,26-35,christian,rwandan,n/a
181efb7c-0ceb-45ef-a56e-6203b635ac57,not_disclosed,male,no,26-35,christian,rwandan,n/a
c2c9e256-19c3-4251-a73d-2d3482f80386,not_disclosed,male,no,66+,christian,rwandan,n/a
8e22f300-3b7a-4b73-ae52-bcb870c273b5,not_disclosed,female,no,18-25,christian,rwandan,n/a
ba8b8764-1309-4c44-96ed-69d1ecabbbc8,not_disclosed,male,no,56-65,none,rwandan,n/a
db33f222-4224-4129-90d0-d1486e1199bb,not_disclosed,male,no,46-55,christian,rwandan,n/a
1336e42b-8180-4de7-a02c-f200dd3717ae,not_disclosed,male,no,26-35,muslim,rwandan,n/a
6ce1bff0-6fcb-40b8-8582-ee98c57e239f,not_disclosed,male,no,46-55,christian,rwandan,n/a
0ba4dfb5-ae2c-4b86-9a47-b40eeff1ea38,not_disclosed,male,no,26-35,christian,rwandan,n/a
3317eb13-b636-4c08-8110-a5880b79911c,not_disclosed,male,no,26-35,christian,rwandan,n/a
03702b1a-4da7-4c5a-98b3-205517a482fc,not_disclosed,male,yes,26-35,muslim,rwandan,n/a
0d308233-a575-45a8-b918-befee503d469,not_disclosed,male,no,56-65,christian,rwandan,n/a
fffbeb77-0b05-48ba-9d80-8ae607321790,not_disclosed,male,no,36-45,christian,rwandan,n/a
65b45b43-3784-4f66-8a4e-d7221b9be4e5,not_disclosed,male,no,66+,christian,rwandan,n/a
01060b13-28b8-4b96-8288-568e38982bf3,not_disclosed,female,no,18-25,christian,rwandan,n/a
e5d05173-3f64-411c-ad88-30f69dfc4588,not_disclosed,male,no,36-45,christian,rwandan,n/a
2563ac74-2d6a-45e5-8df4-b6b4c3b1c813,not_disclosed,male,no,36-45,christian,rwandan,n/a
20fbf862-d820-4791-9f2d-c70770621bd7,not_disclosed,female,no,26-35,christian,rwandan,n/a
a971e1cf-94d7-478b-a96e-7a7c6dc52b8f,not_disclosed,female,no,26-35,christian,rwandan,n/a
2ea2d869-7e64-4da0-97ab-2efbedb94bc0,not_disclosed,female,no,56-65,christian,rwandan,n/a
39dc23f0-4c21-4b8c-b847-472778bfa937,not_disclosed,male,no,46-55,christian,rwandan,n/a
62153a9e-67c8-425b-9ed8-0862cf02d255,not_disclosed,male,no,56-65,christian,rwandan,n/a
00c1caba-857d-445c-9cef-5935d49b7164,not_disclosed,male,no,56-65,christian,rwandan,n/a
243e0314-3a26-42a0-adc8-979781d7e360,not_disclosed,male,no,36-45,christian,rwandan,n/a
4cb807ab-92e0-413d-ae1e-cb3fc1a227ce,not_disclosed,male,no,36-45,christian,rwandan,n/a
c2420a34-3cf9-40e2-8b6d-45cd5d32ccb1,not_disclosed,female,no,18-25,christian,rwandan,n/a
6b1b5d18-124b-43cd-bd98-b43bafb29bc8,not_disclosed,male,no,66+,christian,other,n/a
c4ea7bb0-a5df-4c36-9cbb-ea7b23af7479,not_disclosed,male,no,36-45,christian,rwandan,n/a
96c260b4-950a-43ec-86fb-f9d50e237654,not_disclosed,female,no,66+,other,rwandan,n/a
a0622d64-e667-42d1-abdf-a2453f525e3a,not_disclosed,male,no,26-35,christian,rwandan,n/a
b117b5c8-495c-4516-86a8-a123d4acbe4d,not_disclosed,male,no,36-45,christian,rwandan,n/a
ab05bbd3-80c5-4f0d-82c7-ad6343760c06,not_disclosed,male,no,36-45,christian,rwandan,n/a
01ff0e8b-c9ec-44a3-8725-42387d07d2d1,not_disclosed,female,no,66+,christian,rwandan,n/a
3b0b59a6-e7c1-41da-a92f-034ea29d41bb,not_disclosed,female,no,26-35,christian,rwandan,n/a
501f1531-5cb6-4b35-98b4-c128dfcf3028,not_disclosed,male,no,26-35,christian,rwandan,n/a
18d49870-5083-4fa6-a7bc-8acc93348a94,not_disclosed,male,no,18-25,christian,rwandan,n/a
2798a0f4-2b83-4f10-9a8b-d71fa49523e2,not_disclosed,female,no,18-25,christian,rwandan,n/a
44829411-12b9-423b-8132-010a8e4ff81f,not_disclosed,male,no,36-45,christian,rwandan,n/a
29587722-0db1-4eb0-96e2-68d9a1a5cfe3,not_disclosed,male,no,26-35,christian,rwandan,n/a
55c0e83a-c6bf-4c7e-a3d8-eae1e834039c,not_disclosed,male,no,66+,christian,rwandan,n/a
a7466319-4588-4313-8f98-3a2883f6347d,not_disclosed,male,no,66+,christian,rwandan,n/a
a3a31d0d-537b-49d0-b624-e21c81b04049,not_disclosed,male,no,66+,christian,rwandan,n/a
e7e7c5a9-2d3a-40ac-836d-4ab3ee39bef1,not_disclosed,female,no,56-65,christian,rwandan,n/a
976c6a7f-9772-416a-9f2d-8c68fe8b4a24,not_disclosed,male,no,36-45,christian,rwandan,n/a
92404703-348a-4f33-a902-f001632dc0a6,not_disclosed,female,no,36-45,christian,rwandan,n/a
3f56b52c-0ec1-4f0e-898d-fdc117f11b55,not_disclosed,male,no,36-45,christian,rwandan,n/a
e982cdef-a3e2-4d9c-98fd-bcef2f52fe68,not_disclosed,female,no,46-55,christian,rwandan,n/a
0765bb01-ecb3-4393-98e7-50303396fe06,not_disclosed,male,no,26-35,christian,rwandan,n/a
517f8ac2-cded-4b6d-b875-f9873b01e80a,not_disclosed,male,no,26-35,christian,rwandan,n/a
56a34421-2bf4-4a93-adff-fe5f31724219,not_disclosed,male,yes,18-25,other,rwandan,n/a
e328603c-e0eb-4518-97cf-156523ef04b0,not_disclosed,female,yes,66+,christian,rwandan,n/a
5f57f282-7a97-47f0-bc1d-214db1ae27b5,not_disclosed,male,no,46-55,christian,rwandan,n/a
da5307c4-19a8-498f-9219-b9c90099d1ae,not_disclosed,male,no,26-35,christian,rwandan,n/a
56247cab-fef2-41bb-8e1a-c7573ad25f77,not_disclosed,male,no,26-35,none,rwandan,n/a
f3238569-1367-4ab5-85de-8f592c4a77d8,not_disclosed,male,no,36-45,christian,rwandan,n/a
6877e43b-c57f-40b6-ad95-5c3b72decf0f,not_disclosed,male,no,66+,christian,rwandan,n/a
40b4e86b-53ba-4016-b66a-8cf131fc2f61,not_disclosed,male,no,18-25,christian,rwandan,n/a
2e95abe5-77ce-4b45-b950-adfe989f0477,not_disclosed,male,no,66+,other,rwandan,n/a
e526dd5a-fb91-4864-a3d7-da02b159b12b,not_disclosed,male,no,66+,christian,rwandan,n/a
d5d1d98c-d49c-4474-8401-c3f7155454ce,not_disclosed,female,no,36-45,christian,rwandan,n/a
aeef87d8-9c14-4ff1-a3fb-4ac9b72b4257,not_disclosed,female,no,26-35,christian,rwandan,n/a
845d7519-c90f-413f-8d89-b6122ffebe93,not_disclosed,male,no,26-35,other,rwandan,n/a
39aad69f-8e0d-49a7-9a03-e2c902c0da31,not_disclosed,male,no,46-55,christian,rwandan,n/a
75b11024-d55d-4960-9afb-5d1441e8b76a,not_disclosed,male,no,56-65,christian,rwandan,n/a
d2eafffe-681d-483e-beb0-f4d9520c9292,not_disclosed,male,no,36-45,christian,rwandan,n/a
65955885-0413-43c6-8354-ce6ae54cf5b2,not_disclosed,female,no,56-65,christian,rwandan,n/a
6a927c2e-4745-4ac9-b3b4-202c019c4cad,not_disclosed,female,no,46-55,christian,rwandan,n/a
a36d5e4e-bf89-4298-9d7d-70f59624a4a4,not_disclosed,male,no,26-35,christian,rwandan,n/a
630f7453-9bd7-402b-8baf-b49d430a74de,not_disclosed,female,yes,26-35,christian,rwandan,n/a
01a6bab0-449b-4827-83cb-eb2a8c1f7b99,not_disclosed,female,no,66+,muslim,rwandan,n/a
1c82c575-bf65-4dd8-b04e-7ce66438998d,not_disclosed,male,no,56-65,christian,rwandan,n/a
3c938648-b3cd-47c5-b9d0-4d7f57c52816,not_disclosed,male,no,56-65,christian,rwandan,n/a
b2324a61-615c-4116-8368-7fd8d3ca6b9a,not_disclosed,female,no,46-55,muslim,rwandan,n/a
b197d4a7-3f6d-4352-ba6a-f3a9667bba4f,not_disclosed,male,no,36-45,christian,rwandan,n/a
c573d2ca-b99e-4be7-981f-67013727c078,not_disclosed,male,no,56-65,muslim,rwandan,n/a
6e508e63-16a2-4c52-8f20-a979619a7fce,not_disclosed,male,no,36-45,christian,rwandan,n/a
2ca2ccd9-1a42-4ed8-acd1-1b459ef41811,not_disclosed,female,no,26-35,none,rwandan,n/a
525fb10d-fe74-4833-adc7-69687c288062,not_disclosed,male,no,36-45,christian,rwandan,n/a
3b0674a3-1ac3-4d5e-acae-9d3a353f78a8,not_disclosed,male,no,46-55,christian,rwandan,n/a
72e2cc2e-2d9f-4bb2-89f0-a1c8434cda66,not_disclosed,male,no,56-65,christian,rwandan,n/a
3c26c95d-d772-472b-8923-3e0c4c38e31a,not_disclosed,male,no,36-45,christian,rwandan,n/a
578f5c1d-11d9-4425-978d-36b8716542e4,not_disclosed,male,no,36-45,christian,rwandan,n/a
8a487b22-0f52-4499-9c26-f8c4f0e49423,not_disclosed,female,no,46-55,christian,rwandan,n/a
eb5106b3-2b37-4df2-a7c2-bfe65c6000da,not_disclosed,male,no,46-55,christian,rwandan,n/a
76b6613f-924e-4608-9a87-50da81db4374,not_disclosed,female,no,66+,christian,rwandan,n/a
0ca65ca5-ff67-4118-9b4a-120cb4639011,not_disclosed,male,yes,46-55,other,rwandan,n/a
d0c56668-39eb-461a-9179-f32e884cc718,not_disclosed,female,yes,46-55,other,rwandan,n/a
f3c07381-2cd4-4a41-9ff9-642a9c1e07ff,not_disclosed,male,no,36-45,christian,rwandan,n/a
95c96e3a-8b3e-44a6-854d-1fe02bc4ae5f,not_disclosed,female,no,46-55,christian,rwandan,n/a
41dc4b98-a6e7-4a4f-bd1b-e75a3897db33,not_disclosed,female,no,66+,muslim,rwandan,n/a
378664ff-5b30-44b6-98f3-cd1706fd1c36,not_disclosed,female,no,46-55,christian,rwandan,n/a
04cc7db0-158f-4215-a109-68a84b5bc090,not_disclosed,male,no,36-45,christian,rwandan,n/a
ddb4c0b3-dc60-41ff-bb7d-5f4a842d8f3a,not_disclosed,female,no,66+,christian,rwandan,n/a
eed324f8-151b-4c68-a86f-4a37e0b350b6,not_disclosed,male,no,26-35,christian,rwandan,n/a
e3834ba4-c192-441e-b7bc-49e07ae1f5e5,not_disclosed,female,no,18-25,christian,rwandan,n/a
59583c9a-8bc3-4477-afa9-ec8d09d33c33,not_disclosed,male,no,56-65,other,rwandan,n/a
b62a2354-4c3e-4e86-8ff4-d14ab23712fe,not_disclosed,male,no,36-45,christian,rwandan,n/a
8da1b6f2-dd79-46bd-aa39-d55777b57fe3,not_disclosed,female,no,36-45,christian,rwandan,n/a
dede3189-0a61-40da-a9aa-2d3938e4141c,not_disclosed,female,yes,26-35,christian,rwandan,n/a
14430ffc-2d01-4bb3-b2b8-c69200c3cf79,not_disclosed,male,no,26-35,christian,rwandan,n/a
c345b048-0d93-48d7-bc11-868d4a7c577c,not_disclosed,male,no,66+,christian,rwandan,n/a
be29982c-7a9e-4ec8-820f-4dc7d3601f88,not_disclosed,male,no,66+,christian,rwandan,n/a
61d7a5bb-e741-4d3f-b245-94794afee330,not_disclosed,male,no,36-45,christian,rwandan,n/a
303340c4-d11f-4dbe-90b6-1436af06ee29,not_disclosed,male,no,66+,christian,rwandan,n/a
d5da67e9-70a0-4ffa-aab0-c6067612fcd3,not_disclosed,male,no,26-35,christian,rwandan,n/a
3f3ea494-00e5-466a-bc12-7f300745de5d,not_disclosed,female,no,66+,christian,rwandan,n/a
612bf378-927b-4f81-8397-814baae99d5e,not_disclosed,male,no,46-55,christian,rwandan,n/a
8299a8af-cd9c-4805-8852-d127256019ac,not_disclosed,male,no,56-65,christian,rwandan,n/a
d9c700c7-18cf-4d5e-af5e-15e2d55fd404,not_disclosed,female,no,26-35,christian,rwandan,n/a
5e026f46-bef9-44ed-b9ab-644d1345acbf,not_disclosed,male,no,56-65,christian,rwandan,n/a
7dcb2edf-25f5-482c-8636-f5d510a54f38,not_disclosed,male,yes,26-35,christian,rwandan,n/a
1d91f96c-5cc4-4606-a530-5134bae6a266,not_disclosed,male,no,26-35,muslim,rwandan,n/a
0118a1ed-63e5-4680-b8a2-dbbb8c553441,not_disclosed,male,no,26-35,christian,rwandan,n/a
0bba7ac7-955f-4a1c-b0ec-5962c0a6b683,not_disclosed,male,no,66+,christian,rwandan,n/a
555472ec-fefd-4f96-9a08-81ef9acb9dff,not_disclosed,female,no,36-45,christian,rwandan,n/a
bb82a507-d1e7-4ece-9893-008b4c460d75,not_disclosed,female,no,18-25,christian,rwandan,n/a
72541334-7d80-4c87-8368-5e76c305ff17,not_disclosed,male,no,26-35,christian,rwandan,n/a
c89e630a-89fe-418f-b10f-5f07d707aadf,not_disclosed,male,no,46-55,christian,rwandan,n/a
5bf3a95b-037b-473b-8bdd-59447bf96f93,not_disclosed,male,no,66+,christian,rwandan,n/a
731a659a-0496-4f7e-8b4a-be0cc00a954a,not_disclosed,male,no,36-45,christian,rwandan,n/a
0a3a75d1-5c36-4153-bfcb-a1a111da4be4,not_disclosed,male,no,56-65,christian,other,n/a
ac5d2527-4a76-4c26-87c9-02931774d7ad,not_disclosed,male,no,26-35,none,rwandan,n/a
784872dc-d16e-4085-9b74-6326adac8023,not_disclosed,female,no,26-35,christian,rwandan,n/a
ba3c32be-6f67-4376-ab7b-cca6736d6c31,not_disclosed,female,no,56-65,christian,rwandan,n/a
d8006156-9610-4296-91f7-52f6d94b42c5,not_disclosed,male,no,46-55,christian,rwandan,n/a
9e41797e-2c13-4dfe-acde-6905fa3ffc4f,not_disclosed,male,no,46-55,christian,other,n/a
619280c4-86a5-4e95-aed6-f6892a5c43d4,not_disclosed,male,no,18-25,christian,rwandan,n/a
ac2bdd94-881c-49ee-b3f5-3fff4f782b47,not_disclosed,female,no,26-35,muslim,rwandan,n/a
8683b97d-7afd-4527-b42e-8421b528ce0b,not_disclosed,male,no,66+,christian,rwandan,n/a
bfcc942d-88a1-4e90-bb5e-3b19e15b6a37,not_disclosed,male,no,46-55,christian,rwandan,n/a
59fe5e5e-5006-4141-8da4-9ff3f7d3a40c,not_disclosed,male,no,18-25,other,rwandan,n/a
3877a352-31e7-482e-8e2d-bf691f7739e9,not_disclosed,male,no,56-65,christian,rwandan,n/a
35ec59fb-fad9-4e3e-905b-81d54620e05f,not_disclosed,male,no,66+,christian,rwandan,n/a
ca305899-5be7-4a1e-a8bb-4b4ea1ff3efd,not_disclosed,male,no,46-55,christian,rwandan,n/a
a89d7d3e-1b92-4efa-ac70-2a8bf4343b77,not_disclosed,male,no,46-55,christian,rwandan,n/a
da1a9b3b-4429-46ba-8258-0ad3c2f54bc2,not_disclosed,female,no,26-35,christian,rwandan,n/a
33b2e838-f8c5-4f31-8954-20b50bb7aaf4,not_disclosed,male,yes,26-35,christian,rwandan,n/a
f8d25283-bfe7-40b1-a967-cd33d2a65dc1,not_disclosed,male,no,36-45,christian,rwandan,n/a
25626328-4140-43bc-9542-9eb333448aff,not_disclosed,male,no,36-45,christian,rwandan,n/a
73c8d870-adaa-4f7d-8bc8-b744fec307fb,not_disclosed,male,no,46-55,christian,rwandan,n/a
6d39da2b-89be-4f9a-9324-1f501a37d8ba,not_disclosed,male,no,56-65,christian,rwandan,n/a
52297028-453a-42bf-866a-f4907b184a3b,not_disclosed,male,no,36-45,christian,rwandan,n/a
7c919038-0150-4527-a5d1-ea14d3b402ee,not_disclosed,male,no,36-45,christian,rwandan,n/a
5512d9eb-72a2-46e7-b4f2-79f9b6dbf48c,not_disclosed,male,no,46-55,christian,rwandan,n/a
feb31495-6f6d-40e6-b6ae-240984c6169c,not_disclosed,male,no,26-35,christian,rwandan,n/a
17010589-aee3-4757-afce-e62e852a0274,not_disclosed,male,no,18-25,christian,rwandan,n/a
d8c235ef-de22-4d7b-aabf-fa27f7562ebb,not_disclosed,male,no,26-35,none,rwandan,n/a
e6a73d0e-f5fb-4ce9-90e8-ec521a347500,not_disclosed,male,no,46-55,muslim,rwandan,n/a
5da6344c-b83b-4b0e-b394-455dea067bee,not_disclosed,female,no,18-25,christian,rwandan,n/a
a0711d5a-360d-43ec-9ac0-0c1a4b917d24,not_disclosed,male,no,36-45,christian,rwandan,n/a
453798db-4d1f-4f1a-8ab5-68b91838c88e,not_disclosed,male,no,18-25,christian,rwandan,n/a
a1a5ec10-8109-44a0-a9d9-d6c3aa8bc679,not_disclosed,male,no,36-45,christian,rwandan,n/a
c902fa3e-e31b-4877-af15-1846eb35e25f,not_disclosed,male,no,56-65,muslim,rwandan,n/a
dd63597e-b346-4e2e-af49-64fe9bd00ca1,not_disclosed,male,no,36-45,christian,rwandan,n/a
4b668966-a3cf-436d-a64e-8e6ca71a7ab2,not_disclosed,female,no,26-35,christian,rwandan,n/a
e4582b9d-c4f9-4beb-a32b-547ffbbc1039,not_disclosed,male,no,36-45,other,rwandan,n/a
893f1a36-61ad-4380-ab0f-6f5b82af4fc4,not_disclosed,female,no,66+,other,rwandan,n/a
55558ddf-88de-42aa-b04c-aa5718e92d39,not_disclosed,male,yes,46-55,christian,rwandan,n/a
3a555397-d5c4-4c27-97cb-193dca55df81,not_disclosed,male,no,26-35,none,rwandan,n/a
fad8c25a-af9a-4a79-b9e0-ff53984891ed,not_disclosed,female,yes,18-25,christian,rwandan,n/a
497c7812-4d0a-4b9a-9c62-e886a3dd56a5,not_disclosed,male,no,18-25,other,rwandan,n/a
d9a03133-f283-413f-ab53-a274babce0cd,not_disclosed,male,yes,56-65,muslim,rwandan,n/a
befc7ad7-97b6-4760-8c24-fe92d9cc21f9,not_disclosed,female,no,36-45,christian,rwandan,n/a
5c7f8a7f-8540-431d-862d-076bd427515e,not_disclosed,female,no,56-65,christian,rwandan,n/a
0c191654-3a5b-4038-a8a6-06718cf3fef3,not_disclosed,female,no,56-65,christian,rwandan,n/a
68b0e55e-53a4-4403-b7c8-8754fba12e71,not_disclosed,male,no,26-35,christian,rwandan,n/a
1bc7918b-476d-48f5-9df7-6a5fbf388f80,not_disclosed,male,no,56-65,other,rwandan,n/a
cace1837-f6ae-4cac-be14-a4d332aa3fc7,not_disclosed,male,no,26-35,christian,rwandan,n/a
bf4008d2-7cff-4842-996d-e59d0450addb,not_disclosed,male,no,46-55,none,rwandan,n/a
4f01903e-b1fc-44cf-9caa-8b62b5e0feff,not_disclosed,female,no,36-45,none,rwandan,n/a
601ef300-2749-40ee-b36c-b5894acffee5,not_disclosed,female,no,66+,christian,rwandan,n/a
b7a5d2f7-9ad8-4bc7-a748-5aed045f4ebb,not_disclosed,female,no,46-55,christian,rwandan,n/a
126d215b-5757-4847-9ecb-ee1508ca8406,not_disclosed,male,no,46-55,christian,rwandan,n/a
4ac7469f-5686-4479-a9f7-839070c45ee1,not_disclosed,male,no,36-45,christian,rwandan,n/a
2bdadc49-a737-4147-9e65-bb1ca0027281,not_disclosed,male,no,36-45,muslim,rwandan,n/a
80c64ae6-42bb-425b-955c-a93dd248a59c,not_disclosed,female,no,46-55,none,rwandan,n/a
5a20e695-60db-4524-aa9d-4c157d9070e3,not_disclosed,male,no,36-45,muslim,rwandan,n/a
3dfc0fd3-7f4f-4807-abdb-d30e454f1d17,not_disclosed,male,no,26-35,christian,rwandan,n/a
2bd38079-377d-4170-af00-29421486965f,not_disclosed,male,no,26-35,christian,rwandan,n/a
f0c06ed1-68ea-4922-aa1c-a9806c0c0b55,not_disclosed,female,no,26-35,christian,other,n/a
94117c8c-8b27-47b2-a048-62f6d5169cda,not_disclosed,male,yes,56-65,christian,rwandan,n/a
e751ec27-71af-4fa3-a3e4-31afd92f3e4b,not_disclosed,female,no,66+,christian,rwandan,n/a
724d2e64-a654-4681-98b1-0ef02b3d5c5b,not_disclosed,female,yes,46-55,christian,rwandan,n/a
83f0b7eb-2424-4e71-8c4d-8d4dc3d4b73f,not_disclosed,male,no,36-45,christian,rwandan,n/a
29c10785-a5df-42b8-8e70-b6655f607b5f,not_disclosed,female,no,46-55,other,rwandan,n/a
d85b266d-773f-4bba-baa2-1496449008c7,not_disclosed,male,no,46-55,christian,rwandan,n/a
502adf95-87a1-40c6-aad2-1175681b118a,not_disclosed,male,no,46-55,christian,rwandan,n/a
a977bd16-89b4-4631-ad23-7a61ba1d73c5,not_disclosed,female,no,18-25,christian,rwandan,n/a
6f3d1b4e-2c79-46af-9e33-87914bc00bf7,not_disclosed,female,no,26-35,christian,rwandan,n/a
0a5ff400-4731-4e65-8111-38e80c5b50fa,not_disclosed,female,no,66+,christian,rwandan,n/a
f75a68b1-3eb8-460c-af4d-7ecb0e32731d,not_disclosed,female,no,26-35,christian,rwandan,n/a
8258059c-4a7e-4d00-92f8-d56298446146,not_disclosed,male,no,36-45,christian,rwandan,n/a
2f915c9a-6415-48a6-bccf-a525eecba37f,not_disclosed,male,no,46-55,christian,rwandan,n/a
d98ff0b3-35a9-4953-be2f-55424ef5756d,not_disclosed,female,no,18-25,christian,rwandan,n/a
ab80dc55-9df4-4be3-875d-985c798116da,not_disclosed,male,no,56-65,christian,rwandan,n/a
7e1cd532-9d21-4a82-9cb2-74d001bcae75,not_disclosed,female,yes,66+,christian,rwandan,n/a
c8479e0a-6af5-43d9-8afa-2fb15438b4c5,not_disclosed,male,yes,56-65,christian,other,n/a
195432ff-dca5-47ae-8ab3-f5495caf95df,not_disclosed,male,no,66+,christian,rwandan,n/a
83c24062-1b4c-49e7-b99d-fa4aaeaf5dc9,not_disclosed,male,no,26-35,christian,rwandan,n/a
328802d3-4be3-4323-9fba-d2b1beaea32c,not_disclosed,female,no,26-35,christian,rwandan,n/a
3ae25b29-2d64-49c5-8dc7-a5cc086ee9b0,not_disclosed,female,no,56-65,christian,rwandan,n/a
677fc5d0-cc00-452d-8df3-bd41d40e2042,not_disclosed,male,no,36-45,christian,rwandan,n/a
f114f0a8-5ae6-4999-9204-d6831c4ce5d0,not_disclosed,female,no,26-35,christian,rwandan,n/a
eb31bc5d-6562-4f2a-8931-d641c3f2aa99,not_disclosed,male,no,18-25,christian,rwandan,n/a
5db25609-e835-4a3a-892e-ab48e2bcc077,not_disclosed,female,no,66+,christian,rwandan,n/a
bcc87980-f137-4962-8912-ed2202a1ed0a,not_disclosed,male,no,56-65,christian,rwandan,n/a
c138e7c6-ee89-4389-ae3a-d9fd6169384c,not_disclosed,male,no,46-55,christian,rwandan,n/a
2b4dc2c9-6345-491e-b75c-6a44fe0c70ad,not_disclosed,male,no,36-45,christian,rwandan,n/a
3c02ee81-bd7b-40a6-bb87-4be9de9778df,not_disclosed,male,no,46-55,other,rwandan,n/a
c334c178-5df6-448b-bf9c-9fa80ef7661a,not_disclosed,female,yes,46-55,christian,rwandan,n/a
2cb34c90-3631-4c29-990a-d0088471ac4c,not_disclosed,male,no,36-45,christian,rwandan,n/a
4e7a5382-4418-419d-b463-b57b7b494692,not_disclosed,male,no,36-45,christian,rwandan,n/a
6b065065-afa6-4819-8bf0-1996ca449ff5,not_disclosed,male,no,26-35,christian,rwandan,n/a
05267820-0157-4c0b-bcdd-3250e342d7ed,not_disclosed,male,no,36-45,christian,rwandan,n/a
57017327-c4bd-4eb9-8ac0-fbbb52f71759,not_disclosed,male,no,26-35,christian,rwandan,n/a
523252ae-295d-4128-935a-27f463133d69,not_disclosed,female,no,66+,christian,rwandan,n/a
491f138e-4be9-430c-ac6e-d12742db2705,not_disclosed,female,no,26-35,christian,rwandan,n/a
776212dc-621f-4beb-ae4f-4518dd54e47b,not_disclosed,male,no,56-65,christian,rwandan,n/a
e81f3351-11eb-4d1a-9cf8-016855bf3823,not_disclosed,male,no,36-45,christian,rwandan,n/a
d221028f-364e-4254-8550-bd94195d15ca,not_disclosed,male,no,46-55,christian,rwandan,n/a
0642ba6c-efb5-47c7-bb1a-e729e3e55b37,not_disclosed,male,no,56-65,christian,rwandan,n/a
d1593d65-c6ec-40d8-9e8e-4115bfc176be,not_disclosed,male,no,36-45,christian,rwandan,n/a
7ce86511-e1c5-4533-bf95-e330ee1768a3,not_disclosed,male,no,26-35,none,rwandan,n/a
692a862a-f556-452b-ae61-6614b480f93a,not_disclosed,female,no,36-45,other,rwandan,n/a
e165a7b8-f88f-49fe-9f90-a4cab723dc51,not_disclosed,male,no,18-25,christian,rwandan,n/a
df237ba0-599a-48f0-87e4-7e3f6068f6ce,not_disclosed,male,no,36-45,christian,rwandan,n/a
ea59eb4c-00df-4a05-b3a2-9685fa9adabe,not_disclosed,male,no,36-45,christian,rwandan,n/a
91a647a2-be00-472e-9e19-e845c03061a3,not_disclosed,male,no,36-45,christian,rwandan,n/a
d6da00a4-8dc9-4703-bd2f-bb0033fc16d7,not_disclosed,female,no,36-45,christian,rwandan,n/a
89055de1-7caf-46cf-a812-af4ecadf6741,not_disclosed,male,no,26-35,christian,rwandan,n/a
08f51768-00a3-4662-9122-ede7c1ce6811,not_disclosed,female,no,18-25,christian,rwandan,n/a
23bbf413-1dfb-4949-9693-dbb0ae21085c,not_disclosed,male,no,26-35,christian,rwandan,n/a
2ca4cedd-0bbc-49fd-8ab5-ba2a3c945ba1,not_disclosed,male,no,66+,christian,rwandan,n/a
6b780089-463b-45c5-bfa6-c8df081a7b23,not_disclosed,female,no,56-65,christian,rwandan,n/a
d1758b60-ae80-499b-b0d7-2a0dd12e11b0,not_disclosed,female,no,26-35,christian,rwandan,n/a
9d4d79a4-a233-4bb9-88dc-48c7a5d155fc,not_disclosed,male,no,26-35,christian,rwandan,n/a
50881005-215c-4091-a088-d84e5870380a,not_disclosed,male,no,66+,christian,rwandan,n/a
6f0a74ae-e0ce-47cc-ba88-6143bb96409e,not_disclosed,female,no,18-25,christian,rwandan,n/a
fbaa9f17-1e94-49eb-bc44-ca6374a4765d,not_disclosed,male,no,66+,christian,rwandan,n/a
f95ab214-0323-45bd-b275-5c21e66a25fb,not_disclosed,female,no,36-45,christian,rwandan,n/a
4ad2c318-f60f-4238-a119-4985a11e0c83,not_disclosed,male,no,26-35,christian,rwandan,n/a
edba4b7c-ddbd-484a-bd19-a3877e7f56b6,not_disclosed,male,no,66+,other,rwandan,n/a
3c03b95d-2c3b-4d4b-9809-11fbfef61226,not_disclosed,male,no,36-45,christian,rwandan,n/a
efc55fbe-acdf-448a-b9b8-a7d6b1440845,not_disclosed,male,no,26-35,christian,rwandan,n/a
16e67a40-6747-40cb-a85f-4d1d505bcb52,not_disclosed,female,no,66+,christian,rwandan,n/a
fa10772b-607a-4f23-8526-ef3910b33ece,not_disclosed,male,no,46-55,other,rwandan,n/a
6de8ddc5-7b49-4168-9d07-4898d010c498,not_disclosed,male,no,56-65,christian,rwandan,n/a
96f865b8-f8de-4b90-8e55-364336ca8678,not_disclosed,male,no,36-45,none,rwandan,n/a
54fdf8ea-d787-4bee-9eb2-45b4d0742f02,not_disclosed,male,no,46-55,christian,rwandan,n/a
e98d6ac0-979b-4458-9b2e-d20cb0702547,not_disclosed,male,yes,26-35,christian,rwandan,n/a
a17cdf55-c4aa-45f6-8fd2-5368ca0c722d,not_disclosed,male,no,26-35,christian,rwandan,n/a
6b0aeda4-06b8-44b6-8035-14516d6e1d55,not_disclosed,female,no,46-55,muslim,rwandan,n/a
d2eec6cd-bdab-4083-9646-194d9a68ef99,not_disclosed,male,no,56-65,christian,rwandan,n/a
0ea7da6b-d4c6-44b6-b63d-1597e69ed239,not_disclosed,male,no,36-45,christian,rwandan,n/a
6c1f3718-44dc-4371-b8e6-aef9981cb2e7,not_disclosed,male,no,66+,none,rwandan,n/a
0ee96efe-45b1-49b9-ac7e-c4406f362338,not_disclosed,female,no,46-55,christian,rwandan,n/a
6451fef1-2e5f-4cc6-8b27-93800b32ca1f,not_disclosed,male,no,26-35,other,rwandan,n/a
dccb1802-0903-4d7a-80ea-3252e5aacab6,not_disclosed,male,no,56-65,christian,rwandan,n/a
f9d6e4f0-c052-46b7-b2b6-af5d52d8ad1c,not_disclosed,male,no,46-55,christian,rwandan,n/a
2dadd96c-28af-4c7d-9be3-91c66bc3da70,not_disclosed,female,no,66+,christian,rwandan,n/a
d604b280-2477-4f9d-b3f2-5065106d2428,not_disclosed,male,no,18-25,christian,rwandan,n/a
aa173e0c-bb7e-4479-a5ce-ec95b2381a25,not_disclosed,female,yes,46-55,christian,rwandan,n/a
65493539-1614-428c-a0a4-8321e37f68ff,not_disclosed,female,no,46-55,christian,rwandan,n/a
11630aaf-25b1-4b4d-88d8-afeed96d320d,not_disclosed,female,no,18-25,christian,rwandan,n/a
d3d58da6-4de3-400e-b619-eedf6e4e637a,not_disclosed,male,no,56-65,christian,rwandan,n/a
91888208-e005-4d15-9f54-815cbf876fee,not_disclosed,male,no,56-65,none,rwandan,n/a
690f389c-388b-4ea5-aa6c-8ca65f9bf471,not_disclosed,male,no,26-35,christian,rwandan,n/a
b33f16a6-dc4f-4441-9aef-e766fb4abc05,not_disclosed,male,no,66+,christian,rwandan,n/a
73eccdcf-a580-45e2-9352-61c4a7795ada,not_disclosed,male,no,56-65,christian,rwandan,n/a
ea01f112-7d93-481c-ba09-23a2d2851e5a,not_disclosed,male,no,66+,christian,rwandan,n/a
0ce94534-74b1-44c7-b8b9-34e230a84bb7,not_disclosed,male,no,66+,christian,rwandan,n/a
8b990396-81ad-409c-bb90-2becc7935ed5,not_disclosed,male,no,36-45,christian,rwandan,n/a
3c584dc5-ad03-48b4-9dc9-896f7df81b92,not_disclosed,male,no,26-35,christian,rwandan,n/a
77fc6d79-d6da-4c94-9f97-9fa307292ef5,not_disclosed,male,no,36-45,christian,rwandan,n/a
39516b1d-a4eb-49dc-bb25-ca1977af741a,not_disclosed,male,no,56-65,christian,rwandan,n/a
b0d4bdbf-5963-4a59-a9d8-e4293b0334b5,not_disclosed,male,no,36-45,christian,rwandan,n/a
eacb760e-87da-40fa-9480-7b37d3a6d840,not_disclosed,female,no,46-55,christian,rwandan,n/a
5288350a-0170-47c7-89dc-6c42f86f7cd1,not_disclosed,male,no,66+,christian,other,n/a
8e5c80b3-fae1-44f9-9c05-0f890ec0eef8,not_disclosed,female,no,66+,christian,rwandan,n/a
0b9eb73f-a8fe-4861-913a-191b8b68a392,not_disclosed,male,no,36-45,none,rwandan,n/a
04f84c9a-abbf-429f-8f36-20049f146fb8,not_disclosed,male,no,46-55,christian,rwandan,n/a
699f361b-6064-4964-acd8-7787e9036eb7,not_disclosed,male,no,66+,christian,rwandan,n/a
32157048-b483-4eff-9b57-1c886265cad0,not_disclosed,male,no,36-45,christian,rwandan,n/a
3ed03807-6775-408c-b061-7d9253af425e,not_disclosed,female,no,26-35,christian,rwandan,n/a
bf0528ef-0987-4baf-a174-c299509c5fd8,not_disclosed,male,no,26-35,christian,rwandan,n/a
f274845e-1b8d-4f22-b4fd-fbd7470fbc7f,not_disclosed,female,no,66+,christian,rwandan,n/a
8ffa25fd-22a2-4a11-9299-b56cd961a4d8,not_disclosed,male,yes,26-35,christian,rwandan,n/a
444f4308-ff90-4ffe-9622-22d785170d6d,not_disclosed,male,no,56-65,christian,rwandan,n/a
0766b961-3a90-4bcf-b89e-13237758e446,not_disclosed,female,no,56-65,christian,rwandan,n/a
06ebe125-1233-4cea-9861-23d0128824d7,not_disclosed,male,no,46-55,muslim,other,n/a
05dfb596-b88f-41ca-9659-2c49c62c1697,not_disclosed,male,no,66+,muslim,rwandan,n/a
43d3cefd-8ea8-4615-91cb-2e3e67beac47,not_disclosed,male,no,56-65,christian,rwandan,n/a
1abbe05e-6375-48c5-91a6-96bb639618aa,not_disclosed,male,no,18-25,christian,rwandan,n/a
16fa0fd2-e144-4bed-944e-963d2c5e4543,not_disclosed,male,no,66+,christian,rwandan,n/a
674fc5da-4145-4609-8c02-650072d6c6a2,not_disclosed,male,no,36-45,other,rwandan,n/a
c7d3ef76-2857-4790-9046-c34144318cf5,not_disclosed,female,no,26-35,none,rwandan,n/a
cc144da8-0d94-4408-a1c6-c4d154b431b5,not_disclosed,male,no,36-45,christian,rwandan,n/a
0642957a-cd72-43ae-af71-af0e8267f1be,not_disclosed,male,no,26-35,christian,rwandan,n/a
4c99a37a-822c-42a1-864e-0286dd63bbab,not_disclosed,male,no,26-35,christian,rwandan,n/a
0dc00888-4207-4034-ae3b-bb7ffe403249,not_disclosed,male,no,36-45,christian,rwandan,n/a
01970527-5d97-4f4e-8fdd-90a71b0c622a,not_disclosed,male,no,36-45,christian,rwandan,n/a
7693fc6f-f93c-4adf-afc7-ed1815c28258,not_disclosed,male,no,56-65,christian,rwandan,n/a
bab1d350-9b5c-4b4a-9106-72ff86349d4e,not_disclosed,female,no,36-45,muslim,rwandan,n/a
beb5ebf0-d503-419b-a66d-90bdbbb2b6c2,not_disclosed,male,no,66+,christian,rwandan,n/a
ae5504f0-5220-4111-bd05-e3d7d0adcdfd,not_disclosed,male,no,36-45,christian,rwandan,n/a
6f4bb57c-1834-41bc-a227-c094b69e698f,not_disclosed,male,no,66+,christian,rwandan,n/a
3e0813a6-37ac-4d2b-9a7b-69b7f62d0595,not_disclosed,male,no,36-45,muslim,rwandan,n/a
3fb16853-4824-43a0-ab56-0cf865b4cf30,not_disclosed,male,no,36-45,christian,rwandan,n/a
b244a9be-2f78-4a4e-b1aa-e9ffb9f22b0e,not_disclosed,male,no,66+,christian,rwandan,n/a
0f4dfbc1-9df0-40fa-8a18-ff943fbacc05,not_disclosed,female,no,66+,christian,rwandan,n/a
d8302d05-8057-4817-b2ec-5e22ccd7f854,not_disclosed,male,no,46-55,christian,rwandan,n/a
b09e0ce5-1879-4d4c-bd93-87b7b55ca38f,not_disclosed,male,no,46-55,christian,rwandan,n/a
9ac01d3f-e4f0-4510-9279-98a5e3eb7894,not_disclosed,male,no,26-35,christian,rwandan,n/a
338e48d1-fbd9-40cd-8c5b-89eb7f78b441,not_disclosed,male,no,26-35,christian,rwandan,n/a
880b4529-78f7-4ecc-b87b-7961c841fd68,not_disclosed,male,no,26-35,christian,rwandan,n/a
8ef3b7cd-4be8-480b-a095-8a4419d2af98,not_disclosed,male,no,18-25,other,rwandan,n/a
48781ac1-bf94-4d37-bd90-9ac79b317b50,not_disclosed,male,no,66+,christian,rwandan,n/a
07bdd604-84bf-4f4c-8353-a5d5b2582a85,not_disclosed,male,no,26-35,christian,rwandan,n/a
89a1d1fd-1ad8-4034-a6db-af3015986a3a,not_disclosed,male,no,56-65,christian,rwandan,n/a
0915d671-9ec3-4db5-b79f-ec08dbb4c244,not_disclosed,male,no,56-65,christian,rwandan,n/a
4c4504bb-1bf3-4401-afc7-cdd093a48d1e,not_disclosed,male,no,36-45,christian,rwandan,n/a
670a4dce-5f8f-4db2-bf97-9e457b454f24,not_disclosed,male,no,56-65,christian,other,n/a
4f845aa5-5e55-4f4b-a6cf-b9cc2d0d3b6d,not_disclosed,female,no,36-45,christian,rwandan,n/a
8528c51f-0335-4747-9884-290f0c43df68,not_disclosed,male,no,56-65,christian,rwandan,n/a
7ee1cdf7-acea-40c1-ae4e-43aa39dee488,not_disclosed,male,no,36-45,christian,rwandan,n/a
c7ee6de4-f759-4e2b-9832-436edf0f1d9b,not_disclosed,male,no,46-55,christian,rwandan,n/a
53b76d92-95eb-44b7-9b98-5b5119ae7e16,not_disclosed,male,no,26-35,christian,rwandan,n/a
77b58059-8be6-4d42-9415-997df2f4af2b,not_disclosed,male,no,18-25,christian,rwandan,n/a
4d03b6c9-7cfd-4f23-bc2d-595d7dd6ae2f,not_disclosed,female,no,66+,christian,rwandan,n/a
f95f40ab-ab2e-48d6-a90e-691d4ab99c65,not_disclosed,male,no,56-65,christian,rwandan,n/a
4ed280eb-87ee-4d72-a6b1-a1ba314154f3,not_disclosed,male,no,46-55,christian,rwandan,n/a
924c3fa5-c0a5-4e23-b970-e7c4228a587b,not_disclosed,female,yes,36-45,christian,rwandan,n/a
16df532c-f746-4070-9249-22d0da903b0e,not_disclosed,male,no,26-35,christian,rwandan,n/a
f94d83d5-37b4-44f0-a52e-7e4f9d94ae0c,not_disclosed,male,no,36-45,christian,rwandan,n/a
848eb2de-8f1f-452f-9b38-3f8133a01621,not_disclosed,male,yes,56-65,christian,rwandan,n/a
a77b280f-a5b3-424d-99a9-6488e4fc0453,not_disclosed,female,no,46-55,christian,rwandan,n/a
15022675-6c5b-46da-856f-c324cc7f37d3,not_disclosed,male,no,26-35,muslim,rwandan,n/a
c4c64911-b1c3-44ab-b093-3cefee21d366,not_disclosed,male,no,26-35,christian,rwandan,n/a
8d319d6b-e3a6-497a-a78a-cc8d964d1495,not_disclosed,female,no,36-45,christian,rwandan,n/a
0dc8292c-5fee-4baa-b525-7392ad2415df,not_disclosed,female,no,36-45,christian,rwandan,n/a
6f0930cd-6549-4571-93cc-274bfeb695ba,not_disclosed,male,no,36-45,christian,rwandan,n/a
389a35a1-fa9d-4556-95ff-03cfa339632d,not_disclosed,male,no,46-55,christian,rwandan,n/a
5bb892ba-3dc8-406e-a35c-60e8beb2251c,not_disclosed,female,no,66+,christian,rwandan,n/a
14bbb035-cb21-466e-958e-b6b70f08368d,not_disclosed,female,yes,46-55,christian,rwandan,n/a
1ceb86a4-0b8d-4c80-aac6-c7f7913e4281,not_disclosed,male,no,36-45,christian,rwandan,n/a
ff4b9e6d-4eba-4443-812e-8a024d8a48b7,not_disclosed,male,no,36-45,christian,rwandan,n/a
5f27cd0d-793f-4dbf-a0d8-8ac0cca04f2c,not_disclosed,male,no,18-25,christian,rwandan,n/a
926d6071-3c29-4968-a9e0-26b8d6cea4a6,not_disclosed,female,no,36-45,christian,rwandan,n/a
06098582-1700-47c8-a8a2-6bfe7d908136,not_disclosed,female,no,66+,christian,rwandan,n/a
753ef1d9-6f7b-4f02-8b03-5498e661d63e,not_disclosed,male,yes,46-55,christian,rwandan,n/a
c10fd5e0-4a36-466a-82e1-0d4d7aadfe1a,not_disclosed,male,no,36-45,christian,rwandan,n/a
cd8fd384-a3b8-4ac0-8af1-e0982d48db3f,not_disclosed,male,no,36-45,christian,rwandan,n/a
a357bd9b-8363-4691-a675-194e152e7abc,not_disclosed,female,no,66+,christian,rwandan,n/a
fbf9c302-4100-4361-b0d6-6c6a1151f020,not_disclosed,male,yes,66+,christian,rwandan,n/a
81851f05-6a39-451a-95b2-df24c53965fd,not_disclosed,male,no,36-45,christian,rwandan,n/a
481e53c8-9605-4153-9c88-ae6fb2f79d8d,not_disclosed,female,no,56-65,christian,rwandan,n/a
53e492e4-63d8-4d2a-a329-e4ec5f5f031c,not_disclosed,male,no,26-35,other,rwandan,n/a
43eacdfb-30c3-4e43-8a9a-38d2fab6a4a6,not_disclosed,female,no,26-35,christian,rwandan,n/a
f38f82d8-bc68-4acd-9ccd-7f38555b4b84,not_disclosed,male,no,26-35,christian,rwandan,n/a
82445f91-befa-4f49-be4f-fd7ac1154b45,not_disclosed,male,no,66+,none,rwandan,n/a
262d3ca0-4fc9-4fc8-be3c-a1eec93f3cc1,not_disclosed,male,no,36-45,christian,rwandan,n/a
269ded05-a621-4a59-812f-f7c0ace66aa5,not_disclosed,female,no,36-45,christian,rwandan,n/a
b41496e7-9963-489c-9e98-6efb4b6b4ad2,not_disclosed,male,yes,56-65,christian,rwandan,n/a
021afa5d-8595-485a-814b-6980877c89c1,not_disclosed,male,no,56-65,christian,rwandan,n/a
179b90bf-d0d2-402b-b72b-340c7c7481d5,not_disclosed,male,no,36-45,christian,rwandan,n/a
bc739960-c14f-4040-9f0f-2c564b537f5d,not_disclosed,male,no,26-35,christian,rwandan,n/a
e8016095-e35e-4139-90ca-9ca0ea773a45,not_disclosed,male,no,66+,christian,rwandan,n/a
ef723e3b-d352-4bfb-b6bd-e49ad887fd03,not_disclosed,female,no,18-25,christian,rwandan,n/a
1af75878-3703-4ba8-89c7-bfb1477af7df,not_disclosed,male,no,18-25,christian,rwandan,n/a
4ed5b3f8-cab6-4b2f-ab8a-b6b8a624bb63,not_disclosed,male,no,26-35,christian,rwandan,n/a
ba1bde18-ce0c-4207-bbdb-f2d2fdcc0600,not_disclosed,female,no,36-45,christian,rwandan,n/a
805eabea-94e5-4ca6-8281-8518a2c5003e,not_disclosed,female,no,18-25,christian,rwandan,n/a
df7d9357-f1b2-4544-bdb1-a903f6ca9b9b,not_disclosed,female,no,36-45,christian,rwandan,n/a
d011eca9-d467-45ae-882f-c3c87e16b11d,not_disclosed,male,no,18-25,christian,rwandan,n/a
d7267a7b-9c3b-41f8-9c49-bc8494116df8,not_disclosed,male,yes,18-25,christian,rwandan,n/a
a5b296cb-01f4-45f5-9073-0a48514813ef,not_disclosed,male,no,46-55,christian,rwandan,n/a
f55c4d38-6304-4594-a948-86c94aa2a7f9,not_disclosed,male,no,56-65,muslim,rwandan,n/a
08e68b59-1bf8-4695-82f2-58495a8b6491,not_disclosed,male,no,36-45,christian,rwandan,n/a
ceda7a0b-8a18-47c4-9421-e5103f76c81e,not_disclosed,male,no,46-55,christian,rwandan,n/a
8cf31a1f-180c-478e-857a-848a94de4e0e,not_disclosed,male,no,26-35,christian,rwandan,n/a
07d58db5-ce9c-4625-be24-03bd038ccd41,not_disclosed,female,no,36-45,christian,rwandan,n/a
fb98bbcf-6aeb-409b-a857-2be848f7174e,not_disclosed,male,yes,46-55,christian,rwandan,n/a
5ce2bfd4-45df-4814-9c0f-1a285bee56f9,not_disclosed,female,no,56-65,christian,other,n/a
7ecb244b-7e48-49be-a4fb-dc192737fa74,not_disclosed,male,no,46-55,christian,rwandan,n/a
13db89e9-c518-43e5-881b-a089802359f8,not_disclosed,female,no,18-25,christian,rwandan,n/a
a32e4d00-5f5f-457f-81c9-0c77f0be264b,not_disclosed,male,no,56-65,muslim,rwandan,n/a
512d4aae-6b3e-45a9-9d65-325fa4b70c85,not_disclosed,female,no,66+,muslim,rwandan,n/a
cdfadfb5-0748-40bd-8dbe-be7b0f2422bc,not_disclosed,female,no,36-45,christian,rwandan,n/a
8b0e2d6f-d8b8-45c1-8f37-e1661361dad9,not_disclosed,female,no,46-55,christian,rwandan,n/a
65074d8d-bde4-42ec-aa7b-01493cf7279c,not_disclosed,male,no,36-45,christian,rwandan,n/a
e2755f74-d58a-4c76-ba48-fbda88aea6c9,not_disclosed,female,no,36-45,christian,rwandan,n/a
d1c09cef-835f-4d16-a825-fb7677baf6c6,not_disclosed,female,no,56-65,christian,rwandan,n/a
7a5229b4-1a69-49d4-a20b-5ba078fc3d81,not_disclosed,male,no,56-65,christian,rwandan,n/a
a3ac1004-f3a9-4cf4-9fed-9328a3347253,not_disclosed,male,no,56-65,christian,rwandan,n/a
e98b3263-675b-4da5-bf04-60825bf9cf2c,not_disclosed,male,no,46-55,christian,rwandan,n/a
74339f62-980f-4f57-b4bd-81dedb26b0d2,not_disclosed,male,no,46-55,muslim,rwandan,n/a
e3619d4b-236a-49ad-807c-dcd3c988d087,not_disclosed,male,yes,36-45,christian,rwandan,n/a
a3a54f2f-697b-486e-9946-3899821d1ca1,not_disclosed,male,no,26-35,other,rwandan,n/a
fcb03495-5ebe-4f82-985b-5057e6a8a148,not_disclosed,male,no,56-65,other,rwandan,n/a
f7058b70-31ed-4108-9556-4962982494bd,not_disclosed,female,no,36-45,christian,rwandan,n/a
5b987278-b614-42b6-ace5-7a15eb69626b,not_disclosed,male,no,18-25,christian,rwandan,n/a
43f094a7-ce35-41ef-b363-e9654b4191ea,not_disclosed,male,no,66+,christian,rwandan,n/a
20dbf325-8985-4c1c-aa66-f3de7c7c0ccd,not_disclosed,male,no,36-45,muslim,rwandan,n/a
6d3232e1-644f-474a-b9cf-e9d3cb5519e0,not_disclosed,female,no,66+,christian,rwandan,n/a
5766351e-6640-4078-b3de-d4670c15b50d,not_disclosed,male,no,26-35,muslim,rwandan,n/a
2884d25b-2b7c-44d1-8e5b-49a1767c78b6,not_disclosed,female,no,36-45,christian,rwandan,n/a
7bcfa3b4-98e8-46a8-89db-7f6c43f99d5d,not_disclosed,female,no,66+,christian,rwandan,n/a
d033d8d4-bce4-4c03-bf0f-7f1caff1d964,not_disclosed,male,no,56-65,christian,rwandan,n/a
c2093a6b-d68d-4a48-9595-44d3c3deebdc,not_disclosed,female,no,46-55,christian,rwandan,n/a
0556e42a-b8e1-42d2-8cb9-693247a0094d,not_disclosed,male,yes,26-35,christian,other,n/a
46583ddc-ebd1-4f17-8e4c-ee571f989fab,not_disclosed,male,no,46-55,christian,rwandan,n/a
9833e176-1c0d-44c4-b010-42986d33e969,not_disclosed,female,no,36-45,christian,rwandan,n/a
af42ed10-f767-4847-928f-8a360dc0be0e,not_disclosed,male,no,36-45,christian,rwandan,n/a
d4760e8a-2287-4e57-a59f-5e5942aeee7b,not_disclosed,male,no,66+,muslim,rwandan,n/a
4a3bd1fd-a365-4191-8229-f118e5f1a1bb,not_disclosed,female,no,36-45,christian,rwandan,n/a
ea9e27a2-6b7c-4d83-9220-f7f4dfccecd3,not_disclosed,female,no,66+,christian,rwandan,n/a
2019142e-ae7a-4948-9aab-dc1d127cf154,not_disclosed,male,no,36-45,christian,rwandan,n/a
737ac647-5f2f-42e3-9255-99805569876c,not_disclosed,male,no,56-65,christian,rwandan,n/a
f209b914-c72c-483b-9cef-e0b0595c4f96,not_disclosed,male,no,56-65,christian,rwandan,n/a
5804d2a4-d21d-4470-b62a-9877cdc22c6c,not_disclosed,male,no,26-35,christian,rwandan,n/a
742a38b3-3a63-4851-95c6-a280b1132b85,not_disclosed,female,no,26-35,christian,rwandan,n/a
0f422311-da33-4ebf-9bfa-1c43d7f8dfc3,not_disclosed,female,no,26-35,christian,rwandan,n/a
93b2f1c9-520f-4e04-aadf-eeceab5fee22,not_disclosed,male,no,18-25,muslim,rwandan,n/a
6c758f23-1e81-44d8-b5de-92efcc47f8ff,not_disclosed,male,no,26-35,christian,rwandan,n/a
5219d4c1-6d0d-4205-8e6b-8d319b7d98d0,not_disclosed,female,no,36-45,other,rwandan,n/a
3ac09bdd-497b-4ce9-b169-3d3049b77a6d,not_disclosed,female,no,36-45,muslim,rwandan,n/a
6c770512-a78d-4529-bc20-fa47ea4d5e49,not_disclosed,male,no,18-25,christian,rwandan,n/a
c886acc0-003b-470c-94a4-c097fea10f69,not_disclosed,male,no,66+,christian,rwandan,n/a
9eeeb847-9f31-4c02-b4e7-1b21767f7bbb,not_disclosed,female,no,66+,christian,rwandan,n/a
d80254f6-a8d6-4409-9de1-6372fe5b2728,not_disclosed,female,yes,26-35,christian,rwandan,n/a
bc53f19c-3c63-4dba-83ac-8e3518751a34,not_disclosed,male,no,46-55,christian,rwandan,n/a
f6f83a08-1ff7-47ec-a8e5-24a95876ec01,not_disclosed,female,no,46-55,christian,rwandan,n/a
2b9e66c7-a088-4392-8e2e-8444428050e1,not_disclosed,female,no,66+,christian,rwandan,n/a
8d664945-6d6b-4e51-bd70-b446a7686212,not_disclosed,male,no,36-45,christian,rwandan,n/a
9b645614-f5e8-40da-9c64-5a841c36436c,not_disclosed,male,no,36-45,christian,rwandan,n/a
fafea2f5-5376-4d05-a33c-1b6f7625624b,not_disclosed,male,no,56-65,christian,rwandan,n/a
38861d98-cd85-42b8-b329-17d45d160981,not_disclosed,male,no,26-35,christian,other,n/a
1fbd5e01-a5ff-42ea-93bb-0781843bc33d,not_disclosed,male,no,56-65,christian,rwandan,n/a
e858a57f-f89a-4b78-8160-2c5ceff523bb,not_disclosed,male,no,56-65,christian,rwandan,n/a
4da628a2-e8fd-44b2-9df9-28bf7fb2ad60,not_disclosed,male,no,36-45,christian,rwandan,n/a
f234b5ad-a9cf-4c48-852a-3a8546360098,not_disclosed,male,no,66+,christian,rwandan,n/a
6a55db8d-3ab7-4b02-8b10-11b69d69ed5a,not_disclosed,male,no,66+,christian,rwandan,n/a
1c62a4db-eebf-45f0-81fe-6673b9bf715b,not_disclosed,female,no,26-35,christian,rwandan,n/a
6616ce61-014b-4c23-9d86-963921f76523,not_disclosed,male,no,46-55,christian,rwandan,n/a
1ea9a4c3-678d-4db9-861e-023e22178cac,not_disclosed,male,no,36-45,christian,rwandan,n/a
de75853c-059e-4856-9908-d8069ff66956,not_disclosed,female,no,36-45,christian,rwandan,n/a
2f90020a-59d1-4711-89d2-979942950685,not_disclosed,female,no,36-45,christian,rwandan,n/a
1eb74ff2-821b-4ce4-af4b-981e467f87bb,not_disclosed,female,no,46-55,christian,rwandan,n/a
a03b206c-7a49-44e0-9d84-1a45d177bdfc,not_disclosed,male,no,36-45,christian,rwandan,n/a
f8191ce5-6510-4800-a06e-312f24293360,not_disclosed,male,no,56-65,none,rwandan,n/a
ebb56eab-d45a-4d80-b662-1946856a4492,not_disclosed,male,no,56-65,christian,rwandan,n/a
543ed195-9f01-460d-a8f7-739b77fdbca9,not_disclosed,male,no,56-65,christian,rwandan,n/a
78e9ff75-67fa-4e5c-95fe-0937874cfdba,not_disclosed,male,no,56-65,christian,rwandan,n/a
7bc077ff-57a9-4778-b622-fe2c9dc43c13,not_disclosed,male,no,26-35,christian,rwandan,n/a
e9b39e91-97dd-4531-806c-086ed5440ebb,not_disclosed,female,no,26-35,christian,rwandan,n/a
dfcf6c10-d4a6-4544-b6e8-f8adf1280f4c,not_disclosed,male,no,46-55,christian,rwandan,n/a
de9b8db7-688b-4428-828a-7ac7a8ce2072,not_disclosed,male,no,36-45,other,rwandan,n/a
21dabed8-2822-469c-9161-f9b7497ec9eb,not_disclosed,female,no,36-45,christian,rwandan,n/a
6f6cceb1-7a7b-4791-801c-8007d5bfae17,not_disclosed,male,no,36-45,christian,rwandan,n/a
d34c998b-be3f-4984-aa7e-af3015c480d9,not_disclosed,female,no,66+,christian,rwandan,n/a
2cc0365d-8f4e-46b0-90a5-2f0d954500b0,not_disclosed,female,no,36-45,christian,rwandan,n/a
48d5c551-1245-4c3c-80a8-48e501093f52,not_disclosed,female,no,26-35,other,rwandan,n/a
c80b4437-c898-44a5-a107-d7e085405856,not_disclosed,male,no,46-55,christian,rwandan,n/a
be24d8c8-e98e-48a9-8c6a-7519b9ce4270,not_disclosed,female,yes,26-35,christian,rwandan,n/a
9539597a-c78a-45ee-94a5-f568c0c6c0f7,not_disclosed,male,no,26-35,christian,rwandan,n/a
6ced34a4-7b8d-40f9-830c-45b5d60c8fdb,not_disclosed,female,no,18-25,none,rwandan,n/a
d3da0b14-45d3-4c38-91ca-9ac15a1af874,not_disclosed,male,no,36-45,christian,rwandan,n/a
d9b2e734-3b28-457e-a0e0-4d3c86368ca5,not_disclosed,male,no,26-35,christian,rwandan,n/a
33da4c50-4d1d-4480-a4fa-6175f027d035,not_disclosed,female,no,46-55,christian,rwandan,n/a
11e3246e-99ac-47bb-b6d0-fa01e28e85e4,not_disclosed,male,no,46-55,christian,rwandan,n/a
8f7a15ef-83a1-4205-a7d1-e48dcbf65d95,not_disclosed,female,no,56-65,christian,rwandan,n/a
48d34ad3-4bd1-485d-bf02-06de9ceaa20f,not_disclosed,male,no,66+,christian,rwandan,n/a
417c3e7d-3c54-450c-b63a-020ea0cbbd0f,not_disclosed,male,no,66+,christian,rwandan,n/a
2fd17ea3-d80d-4bd8-8ea6-de67bfad53df,not_disclosed,male,no,56-65,christian,rwandan,n/a
e5493a1d-ab68-4234-a593-d3731eefd139,not_disclosed,female,no,26-35,christian,rwandan,n/a
f2b27a08-a1c3-48f3-9854-e42d32a47a09,not_disclosed,male,no,26-35,christian,rwandan,n/a
5e6fc0a2-f102-45ae-b8f7-3e775f6c6e6c,not_disclosed,male,no,46-55,none,rwandan,n/a
593df4b7-644c-42e2-a241-9f718db0a3a8,not_disclosed,male,no,36-45,christian,rwandan,n/a
bd4ee429-5809-4eef-a2e7-8f015147897c,not_disclosed,male,no,26-35,muslim,rwandan,n/a
dc46a355-7b2c-461e-8f49-18cc07d2cbe6,not_disclosed,male,no,36-45,christian,rwandan,n/a
54ea44a8-685b-4319-88a8-57402939bff1,not_disclosed,female,no,66+,christian,rwandan,n/a
733c0900-0239-484f-8ae1-4988fbffa269,not_disclosed,female,no,36-45,christian,rwandan,n/a
d634ba61-e5e6-42d9-af2a-3a3eaff6926d,not_disclosed,male,no,46-55,muslim,rwandan,n/a
5ae265e0-a7eb-44ae-8a9d-54b702d10b31,not_disclosed,female,no,56-65,christian,rwandan,n/a
67e18acf-ac5e-482c-bcd3-fa9a39d3ebf8,not_disclosed,female,no,46-55,none,rwandan,n/a
fcc70fb1-a112-420a-998b-a4c56c3ffad5,not_disclosed,male,no,56-65,christian,rwandan,n/a
fdd95a66-2ac9-45ef-a7e8-164399341be5,not_disclosed,male,no,36-45,christian,rwandan,n/a
5c113aa1-8ee1-4e30-9747-c6d85485891a,not_disclosed,female,no,56-65,christian,rwandan,n/a
7f24d431-ccee-46fd-b4d6-ccc1054645f6,not_disclosed,female,yes,56-65,christian,rwandan,n/a
4b95ce47-9d48-462b-bc36-74c3698bd841,not_disclosed,male,no,36-45,christian,rwandan,n/a
4bba2437-38f0-46ec-8ad2-cc1405bdbb40,not_disclosed,male,no,36-45,christian,rwandan,n/a
5dd00552-d31f-4f95-a528-3097805c9bec,not_disclosed,male,no,36-45,christian,rwandan,n/a
92ab1b66-3ba5-42a5-b186-c07e0c9526a7,not_disclosed,male,no,36-45,christian,rwandan,n/a
ed8d7f10-8c73-430a-a2b5-6372da3abc6e,not_disclosed,male,no,46-55,christian,rwandan,n/a
8941909a-e044-4fd7-b235-a25d8f054c62,not_disclosed,male,no,26-35,christian,rwandan,n/a
5dcbe3c5-b8b4-4522-8b64-43f606434ef2,not_disclosed,female,no,26-35,christian,rwandan,n/a
c4968622-a8b3-4a0e-bddb-4541a0344141,not_disclosed,female,no,26-35,christian,rwandan,n/a
388a33fe-197f-4dc0-a3f8-c6e273076404,not_disclosed,male,no,56-65,christian,rwandan,n/a
ab7d2c93-7568-4d3f-8205-c318fec5febb,not_disclosed,female,no,46-55,christian,rwandan,n/a
94c76570-7c2e-4425-8da6-fb3400cf8e11,not_disclosed,male,no,66+,christian,rwandan,n/a
df63fda2-2187-4c12-9694-6929aa42a923,not_disclosed,female,no,26-35,christian,rwandan,n/a
995f56bc-5793-4bf6-95ac-06ed94488dc4,not_disclosed,male,no,46-55,christian,rwandan,n/a
82fa0a09-5881-4bb4-9d95-d32b85dbdac0,not_disclosed,male,no,66+,christian,rwandan,n/a
2d48f536-086d-4181-ab3d-9f9b58099ad8,not_disclosed,male,no,26-35,muslim,rwandan,n/a
4e942659-c86c-41c2-be00-8a83c9bebf13,not_disclosed,male,no,56-65,christian,rwandan,n/a
33053c7f-e8c7-4df6-a3e2-738c4c1bc51b,not_disclosed,male,no,26-35,christian,rwandan,n/a
c7d45c4c-3931-4fab-a696-faf7035a2b57,not_disclosed,male,no,36-45,christian,rwandan,n/a
1aa49a5c-6d67-49bf-a8c8-783ab18c5dc6,not_disclosed,male,no,56-65,christian,rwandan,n/a
cf392770-8e13-418c-b2f3-9bc2341534e8,not_disclosed,male,no,26-35,christian,rwandan,n/a
c95c44e7-cdf1-4882-b2f6-91f448802970,not_disclosed,male,no,26-35,christian,rwandan,n/a
103538fc-3fba-4dc1-80d8-df3f33c59456,not_disclosed,male,no,66+,christian,rwandan,n/a
2e87a785-5907-491b-9022-18e1afc5b768,not_disclosed,male,no,26-35,christian,rwandan,n/a
bab22954-012b-4c1c-9477-534f97b04969,not_disclosed,male,no,18-25,muslim,rwandan,n/a
1ec9246f-6179-4b80-bddf-e785d40e38bc,not_disclosed,male,no,56-65,christian,rwandan,n/a
17cd8717-4cc1-408b-a0e1-018943089514,not_disclosed,male,no,36-45,christian,rwandan,n/a
9809a53a-e6e4-4907-96ee-f5566f515d7d,not_disclosed,male,no,66+,christian,rwandan,n/a
f36eedf1-d7ec-4338-8790-73bb832ff4af,not_disclosed,male,no,56-65,christian,rwandan,n/a
2a2395c3-e8b5-474c-aabc-9b0f1e1f56d2,not_disclosed,female,no,26-35,muslim,rwandan,n/a
99e08b5e-5a0e-4856-937e-72c288cfcc2b,not_disclosed,male,no,26-35,christian,rwandan,n/a
fcf5de8d-6d88-4b71-b566-a063368f5482,not_disclosed,female,no,46-55,christian,rwandan,n/a
5a0eaf79-5947-4ded-b5cc-feb49599eea1,not_disclosed,male,no,18-25,christian,rwandan,n/a
3f612e95-0dac-4ea9-b3b0-c6c628e2a270,not_disclosed,female,no,46-55,christian,rwandan,n/a
3ac8739b-029f-4d39-9823-cb6eeca559d7,not_disclosed,male,no,36-45,christian,rwandan,n/a
a13113d8-1ef1-4480-8139-f1c54daeb403,not_disclosed,male,no,56-65,other,rwandan,n/a
e5f3f930-f444-4af5-b9b9-3b6eedf8a095,not_disclosed,male,no,56-65,christian,rwandan,n/a
b15db15b-a256-4d3c-b6d1-47d1a9caccb9,not_disclosed,male,no,26-35,christian,rwandan,n/a
69950688-e35c-498d-8a95-cfbd471d9b04,not_disclosed,female,no,26-35,christian,rwandan,n/a
410d62d3-28de-4a96-bb74-b8155269b3a7,not_disclosed,male,no,66+,muslim,rwandan,n/a
fdc6dc87-58c7-4abf-aa0b-114a447b416d,not_disclosed,male,no,26-35,christian,rwandan,n/a
10392d28-b407-4338-8f97-460609eca4e2,not_disclosed,male,no,46-55,christian,rwandan,n/a
aeff59fd-d71e-44b2-8332-57c5927c5fc8,not_disclosed,male,no,26-35,christian,other,n/a
1470fe6c-e000-4734-95c6-b5cd911fc266,not_disclosed,male,no,26-35,christian,rwandan,n/a
decaec5e-f92d-4253-a98d-d21b334ca7e3,not_disclosed,male,no,26-35,christian,rwandan,n/a
aa37d230-050d-4562-8298-c892e6bbc58d,not_disclosed,male,no,66+,christian,rwandan,n/a
080ede75-e880-4c7a-abdf-496f97e17aaa,not_disclosed,female,no,46-55,christian,rwandan,n/a
8389e799-7365-4e69-aa1b-b3efd18b12a4,not_disclosed,female,no,66+,christian,rwandan,n/a
4dc2a8e3-abca-42a8-8cbc-6b895db4d08c,not_disclosed,male,no,56-65,christian,rwandan,n/a
87ca40fc-182c-4ec8-8906-1e683cc378bf,not_disclosed,female,no,56-65,christian,rwandan,n/a
8b569019-fc27-4b5b-ac97-fdfd3b896327,not_disclosed,male,no,26-35,none,other,n/a
9a1c63b0-2ac9-404a-ae9c-431d7c9748a9,not_disclosed,male,no,66+,christian,rwandan,n/a
8264f694-fa9f-455e-a11e-7c58d8db5992,not_disclosed,female,no,46-55,christian,rwandan,n/a
0300b85e-d554-491a-b619-e7d70ad81e43,not_disclosed,male,no,26-35,christian,rwandan,n/a
f2fba670-d20b-4829-9ba5-01c1d416b873,not_disclosed,male,no,18-25,none,rwandan,n/a
b333a175-6668-46d5-8c7d-91b88ee44aba,not_disclosed,male,no,36-45,christian,rwandan,n/a
de35a83c-8766-4679-96e5-2bd94143fef5,not_disclosed,female,no,56-65,christian,rwandan,n/a
718f6ba1-9bbe-4ba6-99f2-3690090a9241,not_disclosed,female,no,26-35,christian,rwandan,n/a
064e8668-b36a-41f7-b638-d5cf2dfa3864,not_disclosed,male,no,26-35,christian,rwandan,n/a
16381d62-efeb-4bca-b601-29ec8fb74881,not_disclosed,female,no,56-65,christian,rwandan,n/a
0d2d5033-a6ef-4bcd-98e9-3221c799a0dc,not_disclosed,female,yes,66+,christian,rwandan,n/a
1247ff69-4849-4212-8fee-e1f9ab771bc9,not_disclosed,male,no,36-45,christian,rwandan,n/a
3a4051ee-798e-42b4-b92d-5228f8d105c6,not_disclosed,female,no,66+,christian,rwandan,n/a
4c5bf3b0-0247-41e3-ac9d-64bfdd089a7a,not_disclosed,male,yes,66+,christian,rwandan,n/a
b9200b19-7849-48b6-a808-af66fc63307e,not_disclosed,female,no,26-35,christian,rwandan,n/a
a0d62162-cee1-4bac-a563-2b3f2ebdb2ab,not_disclosed,male,no,36-45,christian,rwandan,n/a
4652f9d0-cec2-4ec0-9bd0-42e03511ddde,not_disclosed,male,yes,56-65,other,rwandan,n/a
c8fc648a-eee6-4097-9560-810769b6099c,not_disclosed,male,no,26-35,christian,other,n/a
08138bfe-8632-4c65-9eb2-31fcdd80f177,not_disclosed,male,no,46-55,christian,rwandan,n/a
f2587d88-28bd-4fc1-a107-2922498721c8,not_disclosed,male,no,56-65,muslim,rwandan,n/a
488eb7ce-2837-41d0-ae0c-02c46fdecd13,not_disclosed,female,no,26-35,christian,rwandan,n/a
d43561c6-9639-4e3b-a2ee-d5ed7d3f395c,not_disclosed,male,no,26-35,christian,rwandan,n/a
50d9236f-f617-47ba-bd40-f5887ae25f6e,not_disclosed,male,no,66+,christian,rwandan,n/a
6b88cfa4-5d02-4622-a17d-e0095ffc94f7,not_disclosed,male,yes,56-65,christian,rwandan,n/a
f0bd5b25-154d-4c6b-b090-5977c3a85e1c,not_disclosed,male,no,66+,christian,rwandan,n/a
7ccf2643-ffab-4c11-b0a0-679ce054da96,not_disclosed,male,no,26-35,christian,rwandan,n/a
0ef23f7f-6100-4a9a-bb86-5ee2f504b52f,not_disclosed,male,no,36-45,christian,rwandan,n/a
91f767d0-f7ba-4df2-9621-4b4d993a3f8b,not_disclosed,male,no,36-45,other,rwandan,n/a
f9a399ec-c48a-4d74-859d-f4ac5d5c1650,not_disclosed,female,no,26-35,muslim,rwandan,n/a
860b6f02-59f4-48ca-9237-6d968d4c19c6,not_disclosed,female,no,26-35,christian,rwandan,n/a
9715f45c-4895-451d-bfa7-6985708d8b35,not_disclosed,male,no,36-45,other,rwandan,n/a
8bd95aad-579c-461c-8657-9d8130481a57,not_disclosed,male,no,46-55,christian,rwandan,n/a
e7ab64b4-2100-42dd-b4ff-67ef7ec7c1e6,not_disclosed,male,no,36-45,other,rwandan,n/a
1e9278cd-55be-4ad7-b074-a2f949a1c2db,not_disclosed,male,no,18-25,christian,rwandan,n/a
27228ba9-6e4b-4fda-857c-a9e92bac0bf5,not_disclosed,female,no,26-35,christian,rwandan,n/a
0d0af8d3-1a26-4ea0-8662-818a0b003ac7,not_disclosed,male,no,26-35,christian,rwandan,n/a
0f2360ae-446c-458e-adeb-3ed38adc912c,not_disclosed,male,no,18-25,muslim,rwandan,n/a
18500bba-ad2e-4f2a-bb14-14d53d1734a0,not_disclosed,male,no,66+,christian,rwandan,n/a
295d8905-4ff8-46ce-90a3-27cac5228522,not_disclosed,male,no,56-65,christian,rwandan,n/a
ab5f5ec0-cb3d-4bfb-92cd-ea4307d9a406,not_disclosed,male,no,36-45,christian,rwandan,n/a
f7fe0bfb-9cd3-4a5c-a6db-8d29b72a6d4e,not_disclosed,female,no,56-65,christian,rwandan,n/a
45bd5882-f28b-4409-b6d5-657dd9b862f4,not_disclosed,male,no,36-45,christian,rwandan,n/a
c1a139c8-4679-4feb-acc2-ca6f337ee0d5,not_disclosed,female,no,56-65,christian,rwandan,n/a
1f2afba3-b77e-414e-88d9-95bc166831ac,not_disclosed,male,no,56-65,christian,rwandan,n/a
a28460fc-1218-44a3-9f3e-02d160714809,not_disclosed,male,no,46-55,christian,rwandan,n/a
81cdcaee-b5dd-428e-8c97-5b67652c9fa9,not_disclosed,male,no,46-55,christian,rwandan,n/a
a9feecf7-6231-42d0-914a-41af8a475d75,not_disclosed,male,no,26-35,christian,rwandan,n/a
0e128538-baaf-424b-90a1-cedb81e2cc32,not_disclosed,male,no,18-25,christian,rwandan,n/a
a14f72c5-e170-4939-b2a4-7de89e026926,not_disclosed,male,no,26-35,christian,rwandan,n/a
c908a372-b469-4ece-9ad7-df4e809d0209,not_disclosed,male,no,26-35,christian,rwandan,n/a
56047cce-e539-42ac-ada4-26096e461e97,not_disclosed,male,no,18-25,christian,rwandan,n/a
8ba00b66-cdc5-4660-96c2-1fa9bebf9b5c,not_disclosed,female,no,46-55,other,rwandan,n/a
81a7ab6d-88da-4c0a-8d70-b3b888306075,not_disclosed,female,no,26-35,other,rwandan,n/a
e418fc56-ae27-4eff-b505-551c487f6d14,not_disclosed,female,yes,66+,christian,rwandan,n/a
92f6d9c6-973f-4d05-9e3c-b54ffc0c8310,not_disclosed,male,no,36-45,christian,rwandan,n/a
c054733c-4579-4bd4-9b2a-3b87727a7dca,not_disclosed,male,no,36-45,christian,rwandan,n/a
e88a8fe8-a2fe-46aa-8ed1-168ccaf0a8d6,not_disclosed,male,no,66+,christian,rwandan,n/a
b49e45e5-ba2b-43bf-8773-bf3ad14f7737,not_disclosed,female,no,46-55,christian,rwandan,n/a
96b76d96-d9d8-477a-ba63-561b552bdf66,not_disclosed,male,no,56-65,christian,rwandan,n/a
4bc8d817-5460-4fca-9447-211fbf10baca,not_disclosed,male,no,26-35,christian,rwandan,n/a
314903c3-356a-4a0e-ac01-7496992b05bd,not_disclosed,male,no,66+,none,rwandan,n/a
d97345d3-4769-4c71-ab88-aeca02c20071,not_disclosed,female,no,26-35,none,rwandan,n/a
69ae2a22-f636-43cd-82f3-a97c0038d548,not_disclosed,male,no,46-55,christian,rwandan,n/a
99b7b06c-be58-4dbe-bfe4-cf4e8be34881,not_disclosed,male,no,46-55,christian,rwandan,n/a
9398d27a-b8d0-4505-b883-b09be32d574c,not_disclosed,male,no,26-35,christian,rwandan,n/a
e17b7118-7d9a-483d-89ca-41cb4e2725e2,not_disclosed,male,no,26-35,christian,rwandan,n/a
ee7bbb92-b25f-4c0c-a622-b131ff498510,not_disclosed,female,no,18-25,christian,rwandan,n/a
c7af7cb9-d36f-4eb2-be9e-076bb646319a,not_disclosed,male,no,18-25,christian,rwandan,n/a
e3f42eb3-30a1-4a5d-92a3-5d2bbc726f29,not_disclosed,male,no,46-55,christian,rwandan,n/a
9d3e6e3a-80fd-4bb6-bc81-a0d59907f541,not_disclosed,female,no,26-35,christian,rwandan,n/a
22691a85-62b1-47f5-99e9-584ae2d0ac1b,not_disclosed,male,yes,36-45,christian,rwandan,n/a
7b3447ba-a376-49e2-a3b6-1617d7226add,not_disclosed,male,no,46-55,muslim,rwandan,n/a
f8af7ac7-101d-4f6e-91de-23181eff9be8,not_disclosed,female,no,26-35,christian,rwandan,n/a
9ac5bec3-c6b2-491b-aa52-cb5574bc680b,not_disclosed,female,no,26-35,christian,rwandan,n/a
27769949-a5dc-4f6b-9755-c897563086cc,not_disclosed,female,no,26-35,christian,rwandan,n/a
19821355-9d5a-46e9-802f-991a089c99d8,not_disclosed,male,no,66+,christian,rwandan,n/a
514252ea-3c42-4f6f-be08-05592255a572,not_disclosed,male,no,36-45,christian,rwandan,n/a
aa260e5a-699f-424b-9c3f-584fecc87a31,not_disclosed,female,no,46-55,christian,rwandan,n/a
ad1baf40-405f-4121-be91-ac01e5835e04,not_disclosed,male,no,26-35,muslim,rwandan,n/a
98352e32-7820-429e-bec5-8f9c34b1e5b5,not_disclosed,female,no,46-55,christian,rwandan,n/a
6d896af2-ae1d-4651-a6c3-2be375d8cd1b,not_disclosed,male,no,36-45,muslim,rwandan,n/a
0eb8fc0b-d50c-48de-8ac7-23a46bfbbb8a,not_disclosed,female,no,26-35,christian,rwandan,n/a
0dcd825e-b8bb-48ee-b9c8-e19de7da63a2,not_disclosed,male,no,46-55,christian,rwandan,n/a
6c08c2aa-d278-491b-8b48-cf34c13846ab,not_disclosed,female,no,66+,muslim,rwandan,n/a
4c394dd6-a809-4c7a-a01a-844fcfcb39a6,not_disclosed,female,no,26-35,christian,rwandan,n/a
0c0513cd-2c27-40cc-8ba8-b1d51af2c04f,not_disclosed,female,no,56-65,christian,rwandan,n/a
7470c401-4bd6-40d6-897d-59f58eefa0b2,not_disclosed,male,no,36-45,other,rwandan,n/a
6afd73da-9dbf-4e5c-8dbf-761aec8aeb7d,not_disclosed,male,no,18-25,christian,rwandan,n/a
acf7b0b6-70b5-4018-867f-ff800df4cc69,not_disclosed,female,no,26-35,muslim,rwandan,n/a
21aa3853-e1a8-4361-8098-280e18084b66,not_disclosed,male,no,46-55,christian,rwandan,n/a
c68f3053-6893-4211-b9cc-bb7c4dbcfcdd,not_disclosed,male,no,46-55,christian,rwandan,n/a
6b642c31-eea6-43cf-8a6e-fa1a1091b77e,not_disclosed,female,no,26-35,christian,rwandan,n/a
73907f5b-2c28-4cd3-a510-1673e5fd597f,not_disclosed,female,no,36-45,christian,rwandan,n/a
0899e648-985c-4875-b859-916d8bf12002,not_disclosed,male,yes,18-25,none,rwandan,n/a
89147fcd-5837-408c-a56c-501d722eccac,not_disclosed,female,no,56-65,christian,rwandan,n/a
7af96eee-bba4-4b3d-8b81-24bed631eaa1,not_disclosed,male,no,26-35,christian,rwandan,n/a
a8567456-3752-4260-b1ab-a4ef235e406e,not_disclosed,male,no,46-55,christian,rwandan,n/a
403bfc79-9f78-46e7-9365-03f10e3abfd0,not_disclosed,male,no,26-35,christian,rwandan,n/a
70bebfbd-dc11-42af-9655-8df25bb03b66,not_disclosed,female,no,36-45,none,rwandan,n/a
1158d2c4-1851-43bb-be76-233cb4ac8ac5,not_disclosed,male,no,26-35,other,rwandan,n/a
149d331a-7005-4464-9a2b-170b5549f8b2,not_disclosed,female,no,46-55,christian,rwandan,n/a
3996a5a0-33b1-4728-9eff-72e9308015a5,not_disclosed,female,no,66+,christian,rwandan,n/a
ca0cde03-104d-426b-b53c-333374a36aac,not_disclosed,male,no,46-55,christian,rwandan,n/a
a389f5c7-4e70-42cc-8834-a7eebe79086d,not_disclosed,male,no,26-35,christian,rwandan,n/a
d4d92e02-37c7-48e7-aa10-bbb5180121c5,not_disclosed,male,no,66+,christian,other,n/a
035ad8b3-8d8b-47d6-8163-bd4b5b33fc4b,not_disclosed,male,no,46-55,christian,rwandan,n/a
ff044f2b-c7b4-4873-b733-e45ff3749b7b,not_disclosed,female,no,46-55,muslim,rwandan,n/a
b0879262-1f4a-4a0f-a6cc-e758c8c153f2,not_disclosed,male,no,26-35,christian,rwandan,n/a
7c6988da-bf0f-49f0-b49b-b18da57da25a,not_disclosed,male,no,36-45,christian,rwandan,n/a
ba8c85ba-4ed6-4caa-9617-f5e3887e612d,not_disclosed,male,no,66+,christian,rwandan,n/a
8316ce7a-ffbf-4e15-80b0-38c9c9823b37,not_disclosed,female,no,26-35,christian,rwandan,n/a
8d93946d-41e4-40c5-add7-43efb4bf90a7,not_disclosed,male,yes,26-35,christian,rwandan,n/a
be21e16d-8769-42de-98d5-32b49d7ba4e7,not_disclosed,male,no,18-25,other,rwandan,n/a
b12acb62-343a-4286-b566-db22ea2d0db3,not_disclosed,male,no,56-65,christian,rwandan,n/a
62d9ec7f-083c-47f8-ae68-160854b70ee6,not_disclosed,female,no,56-65,christian,rwandan,n/a
2d211ee7-71b8-40a4-acac-05b9565f8d34,not_disclosed,male,no,26-35,other,rwandan,n/a
a5b74a00-5801-45ca-8c2f-8700af42f5ed,not_disclosed,male,no,26-35,christian,rwandan,n/a
32c94ce8-9503-4147-8c1b-0ffb4e1168d4,not_disclosed,female,no,56-65,christian,rwandan,n/a
cf44ae8d-2faf-4d6e-a63a-da4ad7573c57,not_disclosed,female,no,26-35,christian,rwandan,n/a
77e8db5a-6145-4541-8555-fd968d08b39b,not_disclosed,female,no,36-45,other,rwandan,n/a
bc6cc1ff-7fad-4f61-ad2d-c62f2e14a890,not_disclosed,male,no,36-45,muslim,rwandan,n/a
34fb3daf-91c2-4123-af98-cc2fd2227de4,not_disclosed,female,yes,46-55,christian,rwandan,n/a
c8486771-846f-4737-b86b-0b4a0bfac7fa,not_disclosed,male,no,56-65,christian,other,n/a
5704d7ce-020a-4f92-b789-1374d42d86d0,not_disclosed,male,no,46-55,christian,rwandan,n/a
66035762-c63c-4444-8ef7-277754f034cd,not_disclosed,male,no,36-45,christian,rwandan,n/a
4c225c10-b103-46db-b025-2e84d7b69808,not_disclosed,male,no,46-55,christian,rwandan,n/a
a787580d-9391-4875-a257-24c5e7f4ec02,not_disclosed,male,no,36-45,christian,rwandan,n/a
998b1033-26b3-49b7-ae04-296f7e8cdcee,not_disclosed,female,no,26-35,christian,rwandan,n/a
b1891f92-62f4-4832-8e70-e52a9049a6c2,not_disclosed,female,no,46-55,other,rwandan,n/a
07c29aa2-0bd4-457e-bec4-461742758954,not_disclosed,male,no,18-25,christian,rwandan,n/a
c0fbf49b-dbba-485f-b449-16c46457ae67,not_disclosed,male,no,26-35,none,rwandan,n/a
089b5956-2442-4b49-ad0b-519af7ac6a76,not_disclosed,female,no,18-25,christian,rwandan,n/a
ace1a0ee-4c93-4ea1-85b7-f88a17149d8e,not_disclosed,male,no,56-65,christian,rwandan,n/a
9913ae8a-9625-4068-be74-0274e5b53db9,not_disclosed,female,no,26-35,christian,rwandan,n/a
0eccf1ec-e0d1-487a-9537-be7db0e4cdc3,not_disclosed,male,no,26-35,other,rwandan,n/a
882319ad-8be0-4590-a7ca-5b2df9601a36,not_disclosed,male,no,36-45,christian,other,n/a
dba78dcc-5ec4-404b-b933-80280855b99f,not_disclosed,female,no,66+,christian,other,n/a
dbfb31e0-5fa4-41ff-a008-d75069914b29,not_disclosed,male,no,26-35,christian,rwandan,n/a
3b40d142-c1c2-438f-a2bf-09275b0b49dd,not_disclosed,male,no,66+,christian,rwandan,n/a
ddf5d5e4-7ca6-42b8-a72a-5eaaa8746ce9,not_disclosed,female,no,26-35,christian,rwandan,n/a
96e3bd58-aa94-4dec-a09b-dcedc760286e,not_disclosed,female,no,26-35,christian,rwandan,n/a
d7ca27dd-8376-4f9e-b366-29da5067ac47,not_disclosed,male,no,18-25,christian,other,n/a
1d02e4ac-4efb-449f-b7a9-62473717b667,not_disclosed,female,no,26-35,christian,rwandan,n/a
d3748485-fc21-4404-aab8-cf7a50c5fa52,not_disclosed,male,no,66+,christian,rwandan,n/a
0504d03d-f578-42dc-a755-2752fdbecf42,not_disclosed,female,no,46-55,christian,rwandan,n/a
c08469d2-df7c-4bea-b752-504d1dab7a70,not_disclosed,female,no,36-45,none,rwandan,n/a
15e6df87-cc27-44c8-9d46-192f33ffe088,not_disclosed,male,no,26-35,christian,rwandan,n/a
68d7113c-7d7d-453e-9543-30a751def875,not_disclosed,male,no,18-25,christian,rwandan,n/a
9c051370-0d6b-4dbf-8403-fcbbda57485a,not_disclosed,female,no,56-65,christian,rwandan,n/a
278ac609-87fa-4569-8c66-d7be8cc83568,not_disclosed,male,no,36-45,christian,rwandan,n/a
87d735c3-14cd-44a8-a8d4-4cead67db471,not_disclosed,male,no,18-25,christian,rwandan,n/a
0d92dcfb-e1bb-41e5-9b28-4b0d3f2f5dd6,not_disclosed,female,no,46-55,christian,other,n/a
c11b7c96-8be8-4048-ae6f-e4b52655a6ce,not_disclosed,male,no,36-45,christian,rwandan,n/a
3360ad96-adc0-4a8f-b13b-f5a33b8158dc,not_disclosed,male,no,36-45,muslim,rwandan,n/a
c8d54fc4-2317-40eb-b084-025b2500af34,not_disclosed,male,no,36-45,christian,rwandan,n/a
faeb667d-4418-4093-97d0-f337adbe4a8a,not_disclosed,male,no,56-65,none,rwandan,n/a
63f8d386-6e92-436e-bbdb-3e678dbeeaac,not_disclosed,female,no,46-55,christian,rwandan,n/a
62c0cf89-18f0-4bf1-b51b-0a29c35be706,not_disclosed,male,no,46-55,christian,rwandan,n/a
2f5360bd-a88b-45ef-8d03-453e2b2c3eeb,not_disclosed,male,no,66+,christian,rwandan,n/a
ea4db533-8092-4b70-a6fd-966e02701fec,not_disclosed,male,no,56-65,christian,rwandan,n/a
a4fd8ec7-2efa-491f-94cb-43cd854dbcf4,not_disclosed,male,no,26-35,christian,rwandan,n/a
c96772d5-a611-4d5a-9a50-54888904cb17,not_disclosed,male,no,18-25,christian,rwandan,n/a
16d081ab-e73b-43d1-b4a8-494b8b7d534f,not_disclosed,male,no,26-35,christian,rwandan,n/a
0be5fbf8-241a-459d-8d1b-71ceaad00860,not_disclosed,male,no,26-35,christian,rwandan,n/a
8e436798-d08b-4fa2-898d-aa90ab4b88e0,not_disclosed,male,no,26-35,christian,rwandan,n/a
a2ea844f-057d-46d6-9195-adb9146ab027,not_disclosed,male,no,46-55,christian,rwandan,n/a
9da74b53-4d8f-442f-91e7-7215c94effe6,not_disclosed,female,no,46-55,other,rwandan,n/a
32be0a9e-3651-4380-92f6-5d49f7dfd80b,not_disclosed,male,no,66+,muslim,rwandan,n/a
ff780fd6-ed48-44fb-ba28-95e4226cc38f,not_disclosed,male,no,56-65,christian,rwandan,n/a
089cdfa7-aca4-46d7-8538-2e405e307d84,not_disclosed,female,no,26-35,christian,rwandan,n/a
8518bf39-cf88-45f2-8a81-6ca2356d3d61,not_disclosed,male,no,18-25,christian,rwandan,n/a
c753c5a4-c72f-44a2-a4be-25edf2b09076,not_disclosed,male,no,36-45,none,rwandan,n/a
f6b395ec-09a6-4c04-a113-7d1f07ece6ac,not_disclosed,female,no,56-65,christian,rwandan,n/a
815be7a0-f86d-4630-9c2c-cf018cc26790,not_disclosed,male,no,46-55,christian,rwandan,n/a
c2d864d5-dcbe-4dc6-a730-2aa64ebba364,not_disclosed,female,no,66+,christian,rwandan,n/a
ca2a6efc-ca75-4817-8e10-297d2ed6d4fd,not_disclosed,male,no,26-35,christian,rwandan,n/a
46e6ceb2-99d9-40bb-8431-c5f5612e89b4,not_disclosed,male,no,36-45,christian,rwandan,n/a
7ab798fb-ec2b-44d4-aed1-bc90a2260427,not_disclosed,male,no,46-55,christian,rwandan,n/a
b43d499a-c3bc-47a6-87e1-31190d285c6b,not_disclosed,female,no,36-45,christian,rwandan,n/a
0051170b-15bc-4190-8b67-996dc2b66723,not_disclosed,male,yes,56-65,christian,rwandan,n/a
3fc63a91-3dbe-4d5f-a657-3caa8b145878,not_disclosed,male,no,66+,christian,rwandan,n/a
3f536109-01b3-4b8b-96f3-3bef6a092ce8,not_disclosed,male,no,18-25,christian,rwandan,n/a
16576daa-ef81-4c07-80b8-45137bab533c,not_disclosed,male,no,36-45,christian,rwandan,n/a
7a677ee3-f993-4dba-abdd-99d47c3651f6,not_disclosed,female,no,26-35,christian,rwandan,n/a
40ca63ec-8ec7-4b35-870d-ff6289cb4f46,not_disclosed,male,no,46-55,christian,rwandan,n/a
4af52918-3fce-4cb1-849b-b497c6711d1e,not_disclosed,female,no,26-35,christian,rwandan,n/a
d073e5ac-6ec3-451e-966f-0d4f7fcd4714,not_disclosed,male,yes,26-35,christian,rwandan,n/a
b1cc56cb-7a5f-4928-b880-87f50ed7c565,not_disclosed,male,no,56-65,christian,rwandan,n/a
7e8e095e-095f-492b-b51a-865030fd54a3,not_disclosed,male,no,56-65,christian,rwandan,n/a
e0c23c63-0740-49e6-9682-1bac7b2cfc28,not_disclosed,male,no,66+,muslim,rwandan,n/a
9fc479ec-dc82-47a6-a8bf-0ad332000357,not_disclosed,female,no,56-65,christian,rwandan,n/a
6a7cf947-c514-4513-932b-20a64479bec7,not_disclosed,female,no,46-55,christian,rwandan,n/a
2f2af631-897e-43a2-a8d0-f88c2d73b82e,not_disclosed,female,no,18-25,christian,rwandan,n/a
0f32a11c-3473-4bb5-95e3-6d7c1e285c09,not_disclosed,female,no,46-55,christian,rwandan,n/a
c2991aa4-9ed0-47f6-a0b0-1aae1c6afba3,not_disclosed,female,no,56-65,christian,rwandan,n/a
875ea572-9cff-4ec6-b5a5-bfc54366375c,not_disclosed,male,no,36-45,christian,rwandan,n/a
d21c2d7e-7b3d-4187-8f99-a08ba014e7e2,not_disclosed,female,no,36-45,christian,rwandan,n/a
44c5cfc0-3c24-4f55-8846-31df2359d05e,not_disclosed,male,no,36-45,christian,rwandan,n/a
344e5017-dcd7-4d31-bf49-c1c170a29fcf,not_disclosed,male,no,36-45,christian,rwandan,n/a
8dde71e5-4137-496c-ae00-4410c320ad7c,not_disclosed,male,no,46-55,other,rwandan,n/a
37a65109-322b-4d2c-a5e7-5d0547541fc8,not_disclosed,male,no,46-55,christian,rwandan,n/a
3365f477-0dc6-4624-92fd-c5706d316d0a,not_disclosed,male,no,36-45,christian,rwandan,n/a
cfcde677-f351-4417-bb05-c5986f87ddad,not_disclosed,male,no,18-25,christian,rwandan,n/a
a2e1793b-9c4c-4e3e-b4b3-bfea58c48bf3,not_disclosed,female,no,26-35,christian,rwandan,n/a
876d6abd-0574-405b-8c25-319193176ecf,not_disclosed,male,no,36-45,christian,rwandan,n/a
12a9b68e-3c20-4248-8292-46568e3ac629,not_disclosed,male,no,46-55,muslim,rwandan,n/a
1c80d45c-0259-4205-820e-23daf7532fb3,not_disclosed,male,no,26-35,christian,rwandan,n/a
bd0743a4-a0d3-4af9-94e9-ad9cccd2c45c,not_disclosed,female,no,18-25,christian,rwandan,n/a
113e134a-8570-4a7f-869d-fa7d0a4ffc7c,not_disclosed,male,no,56-65,christian,rwandan,n/a
6d462cb3-f33e-4719-8d7e-1c7f1ff4f3cd,not_disclosed,female,no,56-65,christian,rwandan,n/a
dff26264-7201-4fe7-91e2-22d204d6b4f7,not_disclosed,female,no,56-65,christian,rwandan,n/a
f276baef-44e8-452e-b22f-17bcfa974d03,not_disclosed,female,no,26-35,christian,rwandan,n/a
9d1d5158-95e2-4045-b18a-9d0f3acc5979,not_disclosed,male,no,56-65,christian,rwandan,n/a
f2e49399-29f0-4597-b9ed-e994a722a92e,not_disclosed,male,no,26-35,christian,rwandan,n/a
3374289a-e295-4858-9430-8673a2e8243b,not_disclosed,female,no,46-55,other,rwandan,n/a
e79dcb7e-d274-47a7-9869-f966908496bf,not_disclosed,male,no,36-45,christian,rwandan,n/a
7c12e8f0-fb39-4f0b-b546-1e51aa104ea4,not_disclosed,male,no,26-35,christian,rwandan,n/a
b008b4d3-19b6-4c7a-aad5-d918434b8e54,not_disclosed,female,no,18-25,christian,rwandan,n/a
dea253fb-bb72-42d7-97e8-81a8e110f340,not_disclosed,male,no,56-65,christian,rwandan,n/a
07d0e758-b607-42ee-abea-1ebadcd24e09,not_disclosed,female,no,46-55,christian,rwandan,n/a
6a053681-4c2b-4291-918f-2e85bc9ec905,not_disclosed,male,no,46-55,christian,rwandan,n/a
010d0051-aefa-4c5f-93e4-c63899003790,not_disclosed,male,no,18-25,christian,rwandan,n/a
6fc117b0-16ec-4c69-b981-16867f9d1991,not_disclosed,female,no,26-35,christian,rwandan,n/a
13366676-e00d-40d3-835d-357b41e6d9bc,not_disclosed,female,no,26-35,none,rwandan,n/a
6cdd179d-f951-41b2-aa70-57f7e5c67255,not_disclosed,male,no,36-45,christian,rwandan,n/a
9db3ec1e-f772-4bc1-b494-3ae3de256508,not_disclosed,male,no,26-35,christian,other,n/a
11b1534f-e460-401d-8b1e-05b90bc76e15,not_disclosed,male,no,46-55,christian,rwandan,n/a
2de47c62-6849-44b7-ba6b-796eb9722300,not_disclosed,female,no,56-65,christian,rwandan,n/a
86b03cdf-5e3c-4c55-91a3-0cb9c5edefa1,not_disclosed,male,yes,66+,christian,rwandan,n/a
45e95c7c-5c35-4566-ab9c-e3df364723c7,not_disclosed,male,no,26-35,christian,rwandan,n/a
5d7a68c9-13cf-45e6-93b5-6edf40672667,not_disclosed,female,no,56-65,christian,rwandan,n/a
a55979e4-057d-4b2a-a690-ca9cb4085656,not_disclosed,female,no,36-45,christian,rwandan,n/a
f1c794ab-975f-49fa-aaa5-267711817af8,not_disclosed,female,no,46-55,christian,rwandan,n/a
02a1cb57-2882-4a57-8b6b-23415d189fe9,not_disclosed,male,no,26-35,christian,rwandan,n/a
63ae6ca2-0e89-4ec1-8a00-c673ab1f6fc1,not_disclosed,male,no,36-45,christian,rwandan,n/a
c3539ce4-f975-4050-8d51-7f54da08843b,not_disclosed,female,no,46-55,christian,rwandan,n/a
0d862508-5b4b-4f42-8456-19fad3da8580,not_disclosed,male,no,26-35,christian,rwandan,n/a
a8ce2266-ef9f-4aa2-9bc6-03c034962503,not_disclosed,male,no,56-65,christian,rwandan,n/a
9bcff4c5-57eb-47a8-88bf-f59d33ac951a,not_disclosed,male,no,26-35,christian,rwandan,n/a
23869191-a0e2-4ace-b1d3-646e5e87224e,not_disclosed,female,no,46-55,christian,rwandan,n/a
43feef66-2dff-4269-b4c9-60c9590303c6,not_disclosed,female,no,26-35,christian,rwandan,n/a
7bd2029b-ad1a-420c-9c59-19d2c7b14e22,not_disclosed,female,no,56-65,christian,rwandan,n/a
8742f74a-5619-4365-af13-a60531c4daec,not_disclosed,male,no,36-45,christian,rwandan,n/a
08b83aaf-4af0-4e27-8bf8-06797e3608a4,not_disclosed,male,no,56-65,christian,rwandan,n/a
e075d858-b89a-436c-b060-4c9bdd844a2c,not_disclosed,male,no,18-25,christian,rwandan,n/a
fdba4cf9-33cc-403d-add6-e9eeebcb32e1,not_disclosed,female,no,56-65,christian,rwandan,n/a
e201c436-4dbf-48a3-9f41-29740a40d9fb,not_disclosed,male,no,26-35,christian,rwandan,n/a
f007172b-ccf0-4c85-ba08-956be82ad7c6,not_disclosed,female,no,66+,christian,rwandan,n/a
ccd41f83-d002-44fa-babc-607a6e53c297,not_disclosed,male,no,26-35,christian,rwandan,n/a
a28611f1-9974-445c-b55c-ec93282ad568,not_disclosed,male,no,36-45,other,rwandan,n/a
706f1454-22b3-4a15-8ce9-ca6f43f0e5a6,not_disclosed,female,yes,66+,christian,rwandan,n/a
28664434-a7f3-4592-8076-e6ba8c850668,not_disclosed,female,no,26-35,christian,rwandan,n/a
2c44d844-0e3c-4471-ae3e-684164268773,not_disclosed,male,no,26-35,christian,rwandan,n/a
d9ba4c41-97c6-419e-ab50-3d48626c03ae,not_disclosed,male,no,26-35,christian,other,n/a
d96a02ee-5a0a-461d-b2a7-b072ba73f7f6,not_disclosed,female,no,46-55,christian,rwandan,n/a
2c1bceda-517c-4b9d-9e6d-8b8e5dfd27cf,not_disclosed,female,no,36-45,christian,rwandan,n/a
9ddead83-c869-412d-8a38-706fe6812edf,not_disclosed,male,no,56-65,christian,rwandan,n/a
70a82893-4778-4fb0-a408-93582ce797f0,not_disclosed,female,no,56-65,other,rwandan,n/a
074f92f2-5407-4f8a-9213-394c0c180934,not_disclosed,female,no,56-65,christian,rwandan,n/a
1e1f259d-bdba-48bd-91db-314976f45f53,not_disclosed,female,no,56-65,christian,rwandan,n/a
ca7a73c1-7501-430d-a790-825e4d289c7d,not_disclosed,female,no,46-55,christian,rwandan,n/a
6dc39b21-58c3-4bc1-8fed-9df141f4e5e5,not_disclosed,male,no,66+,christian,rwandan,n/a
66da5b83-4c69-4add-8965-fc47d266e03d,not_disclosed,female,no,26-35,christian,rwandan,n/a
117167d6-51d6-470f-a1d9-ae4183f68c42,not_disclosed,male,no,36-45,christian,rwandan,n/a
b95bc5ad-b08e-4cd2-a114-e0ab1a8d7894,not_disclosed,female,no,56-65,christian,rwandan,n/a
d5dbffb2-d8b0-41fa-946b-daf226fa9ba8,not_disclosed,male,no,46-55,christian,rwandan,n/a
dea1b5ad-eb2c-4bc6-8194-0991c8823ee7,not_disclosed,female,yes,36-45,christian,rwandan,n/a
4c2c2c88-2d23-41d9-a0f9-747acbf08431,not_disclosed,male,no,18-25,christian,rwandan,n/a
62826dd9-5679-4750-85f4-3b5d99663c5a,not_disclosed,female,no,56-65,other,other,n/a
777ab7ce-3dd4-4f04-9ba8-9435c98d0625,not_disclosed,female,no,46-55,christian,rwandan,n/a
5a020f4d-13d5-4891-ae94-c25e79741789,not_disclosed,female,no,56-65,christian,rwandan,n/a
a2c39d2d-9674-44c1-ba46-b1817cc354bd,not_disclosed,male,no,56-65,christian,rwandan,n/a
4cc808f5-bc67-4ddf-b11b-a4832c287373,not_disclosed,female,no,66+,christian,rwandan,n/a
334f99e2-dc74-49f7-9158-e0944703d734,not_disclosed,male,no,46-55,christian,rwandan,n/a
13057ec3-de4d-4b48-ac19-b748c816965b,not_disclosed,female,no,46-55,christian,rwandan,n/a
cccef3d1-4a0d-4815-a589-f6b6168ab685,not_disclosed,male,no,56-65,christian,other,n/a
72adb5b8-c41c-4c88-ad57-9a26b525f341,not_disclosed,female,no,26-35,christian,rwandan,n/a
b34acc89-001d-445a-a578-e40075b5aaad,not_disclosed,male,no,46-55,christian,rwandan,n/a
f781e7c0-4040-4361-9e7b-690a13bc51d7,not_disclosed,male,no,46-55,christian,rwandan,n/a
321fd48c-38d0-4a02-aa0d-0259fd549ce2,not_disclosed,male,no,46-55,christian,rwandan,n/a
825d3274-a891-4546-bf72-515848ea71bc,not_disclosed,male,no,46-55,christian,rwandan,n/a
d1f2fe7f-297b-422e-a544-4da84a4be4bc,not_disclosed,female,no,26-35,christian,rwandan,n/a
ffe0c77a-df90-4331-8356-1c17b1c9d80f,not_disclosed,female,no,26-35,christian,rwandan,n/a
a6d192c9-1957-4b02-810c-80ead6a4877a,not_disclosed,male,no,26-35,christian,rwandan,n/a
c9d0c031-def6-4990-886c-88865eaa32d6,not_disclosed,male,no,46-55,christian,rwandan,n/a
c86e9072-24da-4927-9ed2-aa8144d316af,not_disclosed,male,no,66+,none,rwandan,n/a
0c95a71e-fc1e-4e00-842b-be590cdbbe98,not_disclosed,male,no,66+,christian,rwandan,n/a
5e59f40c-116e-40b6-85f0-810d7769adb0,not_disclosed,male,no,46-55,christian,rwandan,n/a
e857b6a7-fec7-4d57-845c-dee7f97c17a0,not_disclosed,female,no,36-45,christian,rwandan,n/a
42393a04-f8e7-4532-88db-018b6cbf5814,not_disclosed,male,no,26-35,christian,other,n/a
3b55ee84-06cc-420a-8173-82ef7b0f93a4,not_disclosed,male,no,66+,christian,rwandan,n/a
3af89e65-009d-4121-bc10-f7d175807bff,not_disclosed,male,yes,56-65,christian,rwandan,n/a
99eb15e6-36d4-4552-8ad1-28a109044991,not_disclosed,female,no,66+,christian,rwandan,n/a
8e4c7954-5678-461f-a880-be44623cef35,not_disclosed,male,no,26-35,christian,rwandan,n/a
d3975f31-aab9-498b-8b08-90a1aac2e2f3,not_disclosed,male,no,36-45,christian,rwandan,n/a
0e834f2d-0cb0-44e5-81b3-16c529cbd68b,not_disclosed,male,no,66+,christian,rwandan,n/a
ba9db36f-2728-4de1-853b-1c5406578190,not_disclosed,female,no,66+,christian,rwandan,n/a
447e4931-6f39-464d-905a-54a1d9d41a03,not_disclosed,male,no,36-45,christian,other,n/a
24eec587-9100-4c04-a3b4-04cf7bda7135,not_disclosed,female,no,56-65,none,rwandan,n/a
e077da1b-86a1-4fa9-9b7e-67ed3a222241,not_disclosed,male,no,36-45,christian,rwandan,n/a
01b20b14-1e0e-4a57-8cad-f950f5aa5e45,not_disclosed,male,no,66+,christian,other,n/a
c3040043-44d1-45f1-b435-eba6ee53aac0,not_disclosed,male,no,36-45,christian,rwandan,n/a
620c0d2e-360c-4b1d-87c1-902c9a490799,not_disclosed,male,no,26-35,christian,rwandan,n/a
e29a4c72-f4f5-4bc6-b1e9-3fa5ce8c55ec,not_disclosed,female,no,46-55,christian,rwandan,n/a
89846fba-d403-4c59-8300-d6518ff38154,not_disclosed,male,no,56-65,christian,rwandan,n/a
4f23531b-fac2-4ff4-a3d3-34356ce1262c,not_disclosed,male,no,66+,christian,rwandan,n/a
fcd440e6-ed8d-412f-a632-9fa9c0ad0115,not_disclosed,female,no,46-55,christian,rwandan,n/a
cf0dd57f-bbdb-47f0-824c-5d5ae3030a38,not_disclosed,female,no,46-55,christian,rwandan,n/a
4cbe843c-0643-4148-a5b4-cee02dff39e1,not_disclosed,male,no,26-35,christian,rwandan,n/a
a369aa0c-9b3a-4899-9307-f990105eae6b,not_disclosed,female,no,18-25,christian,rwandan,n/a
08ad37e3-c6fd-4c8a-b157-7a0cd261bc24,not_disclosed,female,no,56-65,christian,rwandan,n/a
3cf5bd50-3671-48de-9ef3-6b8da9ab1b0f,not_disclosed,male,no,56-65,christian,rwandan,n/a
38bef2a2-20d9-414e-9500-8802cd9084f7,not_disclosed,male,no,36-45,christian,rwandan,n/a
02a418af-9260-432a-a27f-8ebd0872a4c6,not_disclosed,male,no,36-45,christian,rwandan,n/a
4a0da1bb-d854-4693-9f3f-d5d17353df65,not_disclosed,male,no,36-45,christian,rwandan,n/a
56f1f79a-1fe7-4690-b928-bb9e72911c8f,not_disclosed,male,no,66+,muslim,rwandan,n/a
af064c9e-10f5-41d9-afc9-ef44ff5d5da8,not_disclosed,male,no,46-55,christian,rwandan,n/a
eced6582-0684-48f1-9c64-496aad25c18b,not_disclosed,female,no,26-35,christian,rwandan,n/a
040c02b9-d11f-49a7-b2f6-76f3cb42d7fb,not_disclosed,female,no,66+,christian,rwandan,n/a
50796c6e-e90e-4ef5-a30d-4f445989b8f4,not_disclosed,male,no,46-55,muslim,rwandan,n/a
92167900-cc90-4ea6-9c1e-9c094080ab0a,not_disclosed,female,no,46-55,christian,rwandan,n/a
8d609da3-f263-46ab-a1d4-ff6552a02d8f,not_disclosed,male,no,66+,none,rwandan,n/a
78c2f652-863d-49e6-bf28-dd82d7ce31f5,not_disclosed,male,no,26-35,christian,rwandan,n/a
aa442b8e-9254-46de-881e-84f5630b59c0,not_disclosed,male,no,56-65,christian,rwandan,n/a
91419670-00b3-4cc1-a171-822141020480,not_disclosed,male,no,46-55,christian,rwandan,n/a
23acff36-c64e-47c3-9a00-bf280b4c0467,not_disclosed,female,no,56-65,christian,rwandan,n/a
1fef11d4-c667-4221-bc27-a37145ec0c6b,not_disclosed,male,no,36-45,christian,rwandan,n/a
c89007cc-2a13-48d1-8999-2fe7247201b3,not_disclosed,male,no,46-55,christian,rwandan,n/a
b9a79f18-630b-4f39-98af-86d9d4199e1b,not_disclosed,male,no,56-65,christian,rwandan,n/a
142fe8f1-1205-420f-8ef0-ee52db3945da,not_disclosed,female,no,36-45,christian,rwandan,n/a
e45d21d6-62b0-4c39-8d06-77977f95051e,not_disclosed,male,no,46-55,christian,rwandan,n/a
7e2e6245-643b-4e20-b208-b79dd1afaa6b,not_disclosed,male,no,56-65,christian,rwandan,n/a
b54a1b51-388b-40d7-a9b5-eac233272504,not_disclosed,male,no,46-55,christian,rwandan,n/a
f697f010-7097-4107-b93b-c7fb827a81e8,not_disclosed,male,yes,26-35,christian,other,n/a
e3dfd69d-be1d-4634-b552-f1ab66bf8133,not_disclosed,female,no,26-35,christian,rwandan,n/a
899191d9-a615-4449-b56e-d1599ce2a5d0,not_disclosed,female,no,66+,christian,rwandan,n/a
728353c2-f9d3-4649-a19f-4e3f62c77534,not_disclosed,female,no,46-55,christian,other,n/a
5704976a-774a-40b1-98b1-74fa5985a3f1,not_disclosed,male,no,26-35,christian,rwandan,n/a
bf8b2572-a732-43c3-a5fd-d85947698094,not_disclosed,male,yes,66+,christian,rwandan,n/a
17e9e111-b3be-4f63-bd46-efd080768337,not_disclosed,female,no,18-25,christian,rwandan,n/a
18e608ce-1835-4e43-8f48-dde6d4d780d7,not_disclosed,male,no,66+,christian,rwandan,n/a
dcc2691e-6429-4a5d-bceb-15ed0fb1683a,not_disclosed,female,no,56-65,christian,rwandan,n/a
53b54c8e-f80f-41ff-9646-d4fb00fdf3da,not_disclosed,male,no,36-45,christian,rwandan,n/a
97d77b58-2935-460b-8428-e29e09b7a08e,not_disclosed,male,no,36-45,christian,rwandan,n/a
c16355f9-1a53-418b-9c3d-114b978f9cec,not_disclosed,male,no,46-55,christian,rwandan,n/a
4063836a-8e67-41c8-9e3d-f3a44a797ad6,not_disclosed,male,no,46-55,christian,rwandan,n/a
f4335bd3-fe93-4154-83ec-bcf652233a15,not_disclosed,male,no,66+,christian,rwandan,n/a
f9f6827d-2126-4255-a9de-c1d1b0c024ac,not_disclosed,male,yes,26-35,muslim,rwandan,n/a
05af76b1-89da-4671-a8f4-813cf72b3959,not_disclosed,male,no,18-25,christian,rwandan,n/a
668e14bc-e14d-4585-89b6-5e3da438252a,not_disclosed,male,no,66+,christian,rwandan,n/a
60ab34a4-7c09-4cc0-9c1a-965ce6d5b323,not_disclosed,male,no,36-45,christian,rwandan,n/a
a870da29-51a7-44f4-ae7c-6fb20686750d,not_disclosed,male,no,26-35,christian,rwandan,n/a
77934748-a6cd-42cd-a0a2-5c01ba54ed90,not_disclosed,male,no,46-55,christian,other,n/a
a1d0f371-8a96-413f-9c4d-b84f7e7c63fd,not_disclosed,male,no,36-45,christian,rwandan,n/a
97c64d8e-e5d6-4917-9c7b-34d48a195b6e,not_disclosed,male,no,46-55,christian,rwandan,n/a
b7e35a01-4834-4152-b92e-37caf3ee4703,not_disclosed,male,no,46-55,christian,rwandan,n/a
05b1b297-05d7-4928-af0c-e5f43b74d1cb,not_disclosed,male,no,46-55,christian,rwandan,n/a
a76812b9-0849-4980-9fee-947044d68e2b,not_disclosed,female,no,26-35,christian,rwandan,n/a
5d877bd7-2798-4475-8036-aad10c0ddb0c,not_disclosed,male,no,26-35,christian,rwandan,n/a
380834c9-d99f-4043-ab9e-d1151e74381b,not_disclosed,male,no,66+,christian,rwandan,n/a
cf82ff29-7e8a-48e7-97e4-47a50988e398,not_disclosed,male,no,46-55,christian,rwandan,n/a
998adf25-0a3f-4e6a-b52a-e787ba9cf050,not_disclosed,female,no,46-55,christian,rwandan,n/a
c48765f7-653d-4eab-ad65-73942b5ea49b,not_disclosed,male,no,46-55,christian,rwandan,n/a
a132236e-3c02-44e0-b1bf-bf4d6c18f5d7,not_disclosed,female,no,46-55,christian,rwandan,n/a
7dd035b9-20e6-45bd-b33c-ea6af41a1a90,not_disclosed,female,no,46-55,christian,rwandan,n/a
fef8725a-3db0-4db3-a0b6-8ec5cf9b50ad,not_disclosed,male,no,26-35,christian,rwandan,n/a
0b9542a7-724b-41dd-86e4-654c80b2ba74,not_disclosed,male,no,26-35,christian,rwandan,n/a
78a96ec1-2589-4a1c-87f6-c5880edb2728,not_disclosed,male,no,56-65,christian,rwandan,n/a
d780b164-1a54-4147-9541-15f71319f78b,not_disclosed,male,no,66+,christian,rwandan,n/a
84445d10-c955-4188-a08a-27ffe62c53ca,not_disclosed,male,no,46-55,christian,rwandan,n/a
366c8433-0dab-44cc-bf26-74561ac3f4aa,not_disclosed,male,no,56-65,christian,rwandan,n/a
b1c3f42f-5d86-4234-8400-ca6df3e3008a,not_disclosed,female,no,46-55,christian,rwandan,n/a
0bd4143a-0fed-4247-89ba-4b71008b730b,not_disclosed,female,yes,18-25,muslim,rwandan,n/a
6b4da22f-1b71-42c5-967b-ebcc473feb08,not_disclosed,male,no,56-65,christian,rwandan,n/a
2eecda9e-9e6b-4d9d-9706-d6d1cba0257f,not_disclosed,male,no,46-55,none,rwandan,n/a
0db5c524-e12d-4aa7-a7fa-ea576bea7b72,not_disclosed,male,no,26-35,christian,rwandan,n/a
d4487a7d-a9ab-4320-80e9-b2efcf180bd8,not_disclosed,female,no,56-65,christian,rwandan,n/a
2be8e54c-4441-4d53-a093-3234938dd4b5,not_disclosed,female,no,36-45,christian,rwandan,n/a
10972684-3ffc-4dd0-8590-bd507d5f6682,not_disclosed,male,no,36-45,christian,rwandan,n/a
9edf18c4-6527-4a0c-9d89-e459259b8e9d,not_disclosed,female,no,56-65,christian,rwandan,n/a
38fddc3d-f5d0-4ec5-9cd5-d236afb3dc9c,not_disclosed,male,no,26-35,christian,rwandan,n/a
5d79facc-7054-4a1a-945f-fcacb890d655,not_disclosed,male,no,66+,christian,rwandan,n/a
2e9a6ea5-39fe-44d7-8b08-8080347f1255,not_disclosed,male,no,56-65,christian,rwandan,n/a
900bb975-ffc3-4395-b3c6-54e6e046ee07,not_disclosed,male,no,36-45,christian,rwandan,n/a
30fa0d7f-54df-4a0a-9095-b20c98072b3c,not_disclosed,male,no,26-35,muslim,rwandan,n/a
b6f71719-fff0-4480-84d4-981b4882dead,not_disclosed,female,no,26-35,none,rwandan,n/a
07f1b3b5-52d2-4983-9090-660825714adf,not_disclosed,female,no,46-55,christian,rwandan,n/a
cca82415-3b89-4c98-8fc8-f26597c6ed0f,not_disclosed,female,no,56-65,christian,rwandan,n/a
e24ca192-ee43-4a2b-9d82-bc36b28dc7a4,not_disclosed,male,no,18-25,christian,rwandan,n/a
549d54a7-bfd7-41e1-afd3-041e2f482a09,not_disclosed,male,no,66+,other,rwandan,n/a
b6bb3076-6d9b-4c55-bc12-b5003cc8c4c0,not_disclosed,female,no,36-45,christian,rwandan,n/a
9730f408-4288-47f1-822d-05c45a5effb4,not_disclosed,male,yes,66+,christian,rwandan,n/a
8f125b77-b1ef-4d9b-8f1a-a9757fc40585,not_disclosed,male,no,26-35,christian,rwandan,n/a
5679a545-305d-46b1-b2c2-65532f266237,not_disclosed,male,yes,46-55,christian,rwandan,n/a
e1c27303-b5a1-4e7e-8fbe-2575ebd90363,not_disclosed,male,no,46-55,christian,rwandan,n/a
02d3b57a-2770-45e2-8315-c45e18350986,not_disclosed,female,no,26-35,christian,rwandan,n/a
443faef0-d1eb-4efa-be9b-16e792dc0571,not_disclosed,female,no,36-45,christian,rwandan,n/a
d0f2f533-9f88-4603-9bf1-02f4093474f7,not_disclosed,male,no,66+,christian,rwandan,n/a
5a44a651-aab4-48e7-9423-2798a0818ced,not_disclosed,male,no,46-55,none,rwandan,n/a
70fd40ab-7533-484c-8e8a-6c9c1c1c7816,not_disclosed,male,no,36-45,christian,rwandan,n/a
bf6d51c1-5a7f-4441-9724-39511e3d0ad2,not_disclosed,male,no,26-35,christian,rwandan,n/a
2988803d-b571-47f6-9ed0-37111c166133,not_disclosed,female,no,46-55,other,rwandan,n/a
1f0238b3-edd3-4a5c-a925-36c05b891933,not_disclosed,female,no,46-55,christian,rwandan,n/a
c48af031-4ea3-4f37-9579-c26841ffa6c2,not_disclosed,male,no,36-45,christian,rwandan,n/a
b4b2911a-8e92-47de-987b-a59c8fafbd3b,not_disclosed,female,no,66+,other,rwandan,n/a
c4be425a-6a56-42a5-a921-3382a193bce3,not_disclosed,male,no,36-45,christian,rwandan,n/a
7dc11c25-0061-4abc-a622-c1f0b750a33d,not_disclosed,male,no,46-55,muslim,rwandan,n/a
4279dd11-6a80-400d-936d-a1702f61d67e,not_disclosed,male,no,36-45,christian,rwandan,n/a
65c4234d-0b91-4ff3-8222-dae34f8c6e06,not_disclosed,female,no,36-45,christian,rwandan,n/a
5bcbec28-a75f-4330-b607-c34dd20033bd,not_disclosed,male,yes,46-55,christian,rwandan,n/a
552e6525-329a-4df9-8714-95ab1d87ce6f,not_disclosed,female,no,56-65,christian,rwandan,n/a
696ac40e-357e-42f8-92a6-f5f67bdf77b2,not_disclosed,male,no,56-65,christian,rwandan,n/a
bd064669-c76b-4fdd-bf26-a1447ab322c1,not_disclosed,female,no,56-65,christian,rwandan,n/a
ddba5628-bd74-4cb4-b65a-89fab823f8fc,not_disclosed,female,no,56-65,christian,rwandan,n/a
6fb224c5-caab-4ee8-8297-64612e119b58,not_disclosed,female,no,46-55,muslim,rwandan,n/a
be4f7dd7-e4a9-431d-ab46-9e966cd7f2b9,not_disclosed,male,no,46-55,christian,rwandan,n/a
cbd8af20-0254-4576-bda7-4e9788a46b2e,not_disclosed,male,no,56-65,none,rwandan,n/a
3d1f2f92-98d7-4785-b70a-4f08c4adf8ee,not_disclosed,male,no,36-45,christian,rwandan,n/a
3cad0771-67dc-40af-a82a-8399bb68564c,not_disclosed,male,no,26-35,none,rwandan,n/a
d488ca6e-32e4-48b6-acd2-ea804045a3b3,not_disclosed,male,no,26-35,christian,rwandan,n/a
216b9343-cdb6-4bbc-8bdd-7ffdacc42675,not_disclosed,male,no,56-65,christian,rwandan,n/a
24f66a6f-ab8c-4b42-a9dc-95a17f0e921a,not_disclosed,male,no,46-55,christian,rwandan,n/a
18465463-b3ff-4f02-8a83-3a343c8c2a64,not_disclosed,male,yes,18-25,christian,rwandan,n/a
c972ec01-12e3-44c8-a342-3cc05704410d,not_disclosed,female,no,18-25,christian,rwandan,n/a
688abd81-3d60-4a3b-8d1a-70891a16fbe7,not_disclosed,male,no,56-65,christian,rwandan,n/a
8b5ca3a6-c1c2-4a0f-8548-5ea86f85df31,not_disclosed,female,no,26-35,christian,rwandan,n/a
ad188785-53ce-4c8f-a233-9cebca737386,not_disclosed,female,no,36-45,christian,rwandan,n/a
63c31d42-afae-4fab-a73b-7b0c15546992,not_disclosed,male,no,26-35,christian,rwandan,n/a
8c21db1e-08f2-4fff-b5f9-6492cced157c,not_disclosed,female,no,46-55,christian,rwandan,n/a
70904637-8864-4dc1-a6f2-5188161dcd7a,not_disclosed,male,no,46-55,christian,rwandan,n/a
d714e380-ba01-4d44-a90e-f86ff82962a9,not_disclosed,male,no,26-35,christian,rwandan,n/a
0580a5dd-9370-4029-a936-1958e69e8189,not_disclosed,male,no,26-35,christian,rwandan,n/a
3d289bb7-0293-4e61-8caa-358196010dbf,not_disclosed,male,no,46-55,christian,rwandan,n/a
e5889d14-0732-42d2-b996-16a648953dc6,not_disclosed,male,no,36-45,christian,rwandan,n/a
b0722ba9-aa04-4c3e-9301-44d6a3eb5f29,not_disclosed,female,no,66+,christian,rwandan,n/a
5f5ea385-791c-42f9-ae50-d3af03ed93e4,not_disclosed,male,no,18-25,christian,rwandan,n/a
07807ee6-3544-470a-a462-90f6e3ffa244,not_disclosed,male,yes,36-45,christian,rwandan,n/a
f2694626-0b36-4174-a267-5240bf3fabd2,not_disclosed,female,no,66+,christian,rwandan,n/a
5cc7705a-ce99-45eb-b657-88436b7cc620,not_disclosed,female,no,56-65,christian,rwandan,n/a
a51190d3-78b2-4dc9-9871-d9659549d19c,not_disclosed,male,no,56-65,christian,rwandan,n/a
26c9e4f8-32e6-4647-9391-d70834958724,not_disclosed,male,no,18-25,christian,rwandan,n/a
9ee44d21-07ad-48f5-b68c-6c3e49b0cd00,not_disclosed,female,no,46-55,christian,rwandan,n/a
48b58a0e-9dab-4fd1-9025-e32ecccd2244,not_disclosed,male,no,26-35,christian,rwandan,n/a
438a2066-4920-4f23-a094-b21a1f1963e3,not_disclosed,male,no,56-65,christian,rwandan,n/a
4564e630-4772-4567-ac07-b12ce962382b,not_disclosed,male,no,66+,christian,rwandan,n/a
54617815-0667-4523-bc91-fc43a1bc0c3e,not_disclosed,female,no,26-35,other,rwandan,n/a
25d4bbaf-fe37-4806-830b-edfed9a5a7e5,not_disclosed,female,no,66+,christian,rwandan,n/a
6760a50f-9384-4902-99f2-8579b8430b72,not_disclosed,male,no,26-35,christian,rwandan,n/a
2b8a9c7b-e422-4215-9882-8cde4fb1e035,not_disclosed,male,no,26-35,christian,rwandan,n/a
e5bd92fa-500c-47da-9a1e-322cf2c66fee,not_disclosed,male,no,26-35,christian,rwandan,n/a
327d6ac5-3db1-4663-8a70-2431a4c7bc35,not_disclosed,male,no,66+,christian,rwandan,n/a
1fcacb7b-4172-4581-8e01-afb29d5245f0,not_disclosed,male,no,46-55,other,rwandan,n/a
f738384a-66ea-472d-8dd5-180388e11a06,not_disclosed,female,no,36-45,christian,rwandan,n/a
d02d59ca-b9ac-47c3-956a-2a0311e09d5d,not_disclosed,female,no,36-45,muslim,rwandan,n/a
a245e4ef-6c03-449c-b00d-3095e8596835,not_disclosed,male,no,36-45,christian,rwandan,n/a
afd5db49-e537-4c8f-b81c-f706c2e3141d,not_disclosed,male,no,36-45,christian,rwandan,n/a
e9561229-9f91-4ca5-8baf-0b663bd82977,not_disclosed,male,no,66+,christian,rwandan,n/a
5f8be0f2-29dd-4bc2-b427-e9c18f5c7036,not_disclosed,female,no,26-35,christian,rwandan,n/a
80dff539-f4c3-44cb-a738-ccce0a1b695f,not_disclosed,male,no,36-45,christian,rwandan,n/a
43d304ae-f88e-4ed3-9b22-8adf43f57b0b,not_disclosed,male,no,36-45,christian,rwandan,n/a
b443734a-fce1-4dd6-8460-0dbdcf18e037,not_disclosed,male,no,26-35,none,rwandan,n/a
6bf0e06d-caa6-4255-985a-bda55fcd8708,not_disclosed,male,no,46-55,none,rwandan,n/a
d2509052-6afe-4289-a70b-9251176d7e29,not_disclosed,female,no,36-45,christian,rwandan,n/a
787275c3-a729-47eb-8c6c-fedf2cfd5d0f,not_disclosed,male,no,36-45,christian,rwandan,n/a
806c9566-4a71-466e-a83e-15151b427a96,not_disclosed,female,no,46-55,christian,rwandan,n/a
a64f4125-f567-4e7d-8bfc-490971307bbe,not_disclosed,male,no,66+,christian,rwandan,n/a
38d65fa2-9975-42db-b0a1-a756f23e5b8f,not_disclosed,male,no,66+,christian,rwandan,n/a
fdfff71a-7064-4b81-a4d7-f2a399025115,not_disclosed,male,no,26-35,christian,rwandan,n/a
0085053e-a2d3-4c73-821e-f2c6aeeaef73,not_disclosed,female,no,36-45,christian,rwandan,n/a
85f3c441-df80-4a11-8ac2-e5ca76e7909f,not_disclosed,male,no,26-35,christian,rwandan,n/a
42102a58-a2d4-4214-8c6e-e29e7456b353,not_disclosed,male,no,56-65,christian,rwandan,n/a
0e6e33a5-7abe-4e78-b8dc-cb83e6b4be53,not_disclosed,male,no,36-45,christian,rwandan,n/a
de66ec89-df6a-4516-84ee-e94b00498722,not_disclosed,female,no,26-35,christian,rwandan,n/a
6596bfba-ca87-4b9a-9346-29fcb5f9f2c0,not_disclosed,female,no,26-35,christian,rwandan,n/a
5b486314-41af-419f-ba3c-f70842a0288e,not_disclosed,male,no,26-35,christian,rwandan,n/a
0f8dc21c-4ab2-46b2-a6e3-5a9644875379,not_disclosed,male,no,26-35,christian,rwandan,n/a
ec90c3e6-8ed2-42d9-b68c-3e0a13a7472e,not_disclosed,female,no,36-45,christian,rwandan,n/a
0996e314-5542-4c30-8659-bc3b6060d969,not_disclosed,male,yes,18-25,christian,rwandan,n/a
3641e63f-2fe8-4465-b4e2-74c8025fd531,not_disclosed,male,no,66+,christian,rwandan,n/a
0ea541c5-e1c2-46a1-91d9-931562785544,not_disclosed,male,no,26-35,christian,rwandan,n/a
f0c59b80-d822-49cd-a47c-e2e9476f9719,not_disclosed,male,no,56-65,christian,rwandan,n/a
4905bfa2-397f-44aa-919c-57380a8c5390,not_disclosed,male,no,26-35,christian,rwandan,n/a
fa7521c8-78f8-4bed-aed1-32d59f675a0f,not_disclosed,male,no,26-35,christian,rwandan,n/a
2cd6e3de-9833-4d37-90af-5878fce53a79,not_disclosed,male,no,36-45,christian,rwandan,n/a
5d32a9c5-9bcd-42c2-956e-682649ed7024,not_disclosed,male,no,26-35,christian,rwandan,n/a
71e12258-eea5-4ff4-ae74-0cb4371dd7fe,not_disclosed,male,no,36-45,christian,rwandan,n/a
cb639895-bbeb-4ccc-8602-2667fa62ee95,not_disclosed,female,no,66+,christian,rwandan,n/a
aad4a972-9198-42f0-b4c0-e431e2401d50,not_disclosed,male,no,26-35,christian,rwandan,n/a
8ca1bb09-8e9f-4e2a-a90a-ea99ffff6e08,not_disclosed,female,no,46-55,christian,rwandan,n/a
980db47c-190c-4721-862a-2e4b0368b5c8,not_disclosed,male,no,56-65,christian,rwandan,n/a
09da8c6e-5661-4425-a0a3-662dd5dbabe6,not_disclosed,male,no,26-35,christian,rwandan,n/a
4d32fbad-f2f7-4d7e-9f08-1476becb1bd1,not_disclosed,male,no,36-45,christian,rwandan,n/a
4e427970-c889-4881-873c-1786457bb2e2,not_disclosed,female,no,36-45,christian,rwandan,n/a
f0628048-0f98-4920-bace-be42cc7b68e5,not_disclosed,male,no,46-55,christian,rwandan,n/a
a4049b13-869d-4608-b036-074b7b9d7e5a,not_disclosed,female,no,56-65,christian,rwandan,n/a
5ab810cb-dde4-4c03-83f4-2e696b262f00,not_disclosed,male,no,56-65,muslim,rwandan,n/a
16126bcd-1e87-4ebe-8f9c-763910f03fa1,not_disclosed,male,no,46-55,christian,rwandan,n/a
b81dcd24-270c-4105-93c6-7736f232e496,not_disclosed,female,no,26-35,christian,rwandan,n/a
96cb37b5-e970-45e0-a816-c73df874cea8,not_disclosed,male,no,46-55,christian,rwandan,n/a
ec33225a-2fb7-4966-9d9f-91a2fcdd2630,not_disclosed,male,no,66+,christian,rwandan,n/a
09b6e4f2-2d4d-4f8e-a3b1-e6c3343463f5,not_disclosed,male,no,26-35,christian,rwandan,n/a
891ed09d-743b-48bb-9884-1df62ea92c09,not_disclosed,male,no,26-35,christian,rwandan,n/a
69344881-02f8-4576-bf36-395390854124,not_disclosed,male,no,56-65,other,rwandan,n/a
b6ac4467-1293-4949-9b9b-59efeeae8549,not_disclosed,male,no,36-45,christian,rwandan,n/a
316899a9-40ce-47a0-8a55-c5c584c35c2a,not_disclosed,female,no,66+,christian,rwandan,n/a
a758d90d-0b5f-4a60-91c5-ae1b44d85b25,not_disclosed,female,no,26-35,christian,rwandan,n/a
b480bbf6-0662-43fd-991a-03d38210d43c,not_disclosed,male,no,18-25,christian,rwandan,n/a
aefe8dd2-194e-4258-a102-19cf399a3d7e,not_disclosed,male,no,66+,christian,rwandan,n/a
02f7f49b-b7ca-4372-b6bc-019a5f47485e,not_disclosed,female,no,26-35,christian,rwandan,n/a
c70cc8a3-349a-4be6-a828-ca7636e7ac8b,not_disclosed,female,no,36-45,christian,rwandan,n/a
9aa7ef18-8a1f-4b06-af74-7aa750c45d5b,not_disclosed,male,no,46-55,christian,rwandan,n/a
e7231703-fb92-4cd7-8447-98cddeadc1f1,not_disclosed,male,no,36-45,christian,rwandan,n/a
4eb3e916-fb55-493e-a318-64ff46ce2fb5,not_disclosed,male,no,66+,christian,rwandan,n/a
7b5db12d-a9e0-4f21-9df4-410905ddeec0,not_disclosed,male,no,56-65,christian,rwandan,n/a
f2d75777-4ff6-40bc-8afe-32138f58b87c,not_disclosed,male,no,18-25,christian,rwandan,n/a
3cf6fe02-3db0-42d0-94b7-05e611505fbb,not_disclosed,male,no,56-65,christian,rwandan,n/a
b665a0cb-5a72-4dcd-864a-c9ec4e3159b8,not_disclosed,male,no,66+,christian,rwandan,n/a
71a866f2-39d7-434e-b5e3-5566862d8267,not_disclosed,female,no,26-35,christian,rwandan,n/a
a8042434-98ea-47c7-bd67-076302737d03,not_disclosed,male,yes,36-45,christian,rwandan,n/a
1e206316-50ac-4fcb-be63-8b11bbb8129c,not_disclosed,female,no,36-45,muslim,rwandan,n/a
5ec11c0b-c3a5-4d0c-bfec-1a66ed873e61,not_disclosed,male,no,36-45,christian,rwandan,n/a
cfae565a-3d93-4cf6-ba39-c5868da94487,not_disclosed,male,no,26-35,christian,rwandan,n/a
8036e5c0-077e-41e8-9745-572968a7cad4,not_disclosed,female,no,66+,christian,rwandan,n/a
e6b2993f-faf9-46ae-8562-f7526e18cad9,not_disclosed,male,yes,26-35,christian,rwandan,n/a
69fa8992-06e0-450a-8f7d-552d32f4cddc,not_disclosed,male,no,56-65,christian,rwandan,n/a
6801e6e5-968a-4ca0-9f24-4e14abf4d8a8,not_disclosed,male,no,66+,christian,rwandan,n/a
b2ec4c7a-cf56-4d4e-96fc-62a0c46ce168,not_disclosed,male,no,36-45,christian,rwandan,n/a
22d3a4b1-df6e-4cc9-9758-98b9f82b4369,not_disclosed,male,no,18-25,christian,rwandan,n/a
68a9653a-9676-4f1d-871d-52930d65f919,not_disclosed,male,no,66+,christian,rwandan,n/a
548034b9-4b32-404b-add6-c3691a3a01ed,not_disclosed,female,no,66+,christian,rwandan,n/a
595185ce-97cb-4ccf-b1e9-aa1b86e4982f,not_disclosed,male,no,56-65,christian,other,n/a
624fe9ce-f1d7-484d-9f81-2e9a76bea9c6,not_disclosed,male,no,36-45,christian,rwandan,n/a
0b0bad81-60f8-4bdf-abcf-bd3b2aa0d8a3,not_disclosed,male,no,26-35,christian,rwandan,n/a
d6ce8f35-f8a1-4d39-a04f-f09570fc78d0,not_disclosed,male,no,66+,christian,rwandan,n/a
09a84e11-d88f-47ee-a91c-a0d43fa05d3a,not_disclosed,male,no,66+,christian,other,n/a
7a2d91b3-d80e-42cc-92a3-4b31b7692bd2,not_disclosed,male,no,26-35,christian,rwandan,n/a
9cf8ea4e-6929-4ee4-856e-e45d434a4dde,not_disclosed,male,no,56-65,christian,rwandan,n/a
d09484f2-dadd-41e4-87ce-2588d4dd1226,not_disclosed,male,no,66+,christian,rwandan,n/a
6e7e1563-3e85-401e-bdd9-afabd118c8df,not_disclosed,female,no,36-45,christian,rwandan,n/a
af757739-c3df-4b4a-9093-777bb6f0a5cf,not_disclosed,male,no,36-45,christian,rwandan,n/a
491bbe8b-6b43-4e81-a789-0897b50e4b08,not_disclosed,female,no,36-45,other,rwandan,n/a
bae42c81-de53-41d4-9376-87167b7dc2ac,not_disclosed,male,no,36-45,christian,rwandan,n/a
62e995d0-0ad4-4f9d-af1c-25bf004a4666,not_disclosed,male,no,36-45,christian,rwandan,n/a
6c05c787-ef71-456a-8ab9-5426d6314428,not_disclosed,male,no,36-45,christian,rwandan,n/a
2da77764-14bc-40ad-96c3-5a9b41ee06cc,not_disclosed,female,no,56-65,muslim,rwandan,n/a
53b275f1-ccd1-4e97-a8bb-53dab503ab42,not_disclosed,male,no,56-65,christian,rwandan,n/a
eb13698a-0975-41b5-a64b-c109d18a36d6,not_disclosed,female,no,18-25,christian,rwandan,n/a
07befd01-fddb-449e-b392-0db8b9c9b8b2,not_disclosed,male,no,46-55,christian,rwandan,n/a
58b11084-fc6e-4ca5-8d59-b334957a9b53,not_disclosed,male,no,46-55,muslim,rwandan,n/a
27292d47-c3e1-4ea7-901e-1ccb4679942f,not_disclosed,male,no,66+,christian,rwandan,n/a
a8dcee5c-3f30-4e8d-9fbc-d0a9d8146b6a,not_disclosed,male,yes,56-65,christian,rwandan,n/a
92288e25-bfad-4545-93b8-803852a6d35b,not_disclosed,male,no,18-25,christian,rwandan,n/a
600a2f82-d0ba-4250-876f-efc12825c18d,not_disclosed,male,no,18-25,none,rwandan,n/a
7e14d4ae-7b28-4ae3-80bb-c2c3dcc7a7d9,not_disclosed,male,no,26-35,christian,rwandan,n/a
627dc49c-8c5c-4a40-9af5-c9b95653bd49,not_disclosed,female,no,56-65,christian,rwandan,n/a
d2dd068d-8a0f-41ee-9de7-6bb343dc0110,not_disclosed,male,no,26-35,christian,rwandan,n/a
3053fd4e-56a4-41ec-8b59-d7df96ed9c88,not_disclosed,male,no,56-65,none,rwandan,n/a
5d94fba8-9e03-42f8-b26b-2a388e940408,not_disclosed,female,no,46-55,christian,rwandan,n/a
e451a459-ca9a-4c20-9a51-80316df76717,not_disclosed,female,no,46-55,christian,rwandan,n/a
7df6859b-61c0-40bf-88f9-063b34c697f9,not_disclosed,female,no,18-25,christian,rwandan,n/a
95a56e04-52dd-490c-8711-47c4386f5102,not_disclosed,male,no,66+,christian,rwandan,n/a
c4e62955-843c-4178-9949-462150e940ee,not_disclosed,male,no,46-55,christian,rwandan,n/a
12c8753e-3263-426f-9edc-d17f9c8b2d3d,not_disclosed,male,no,26-35,christian,rwandan,n/a
b9d77d23-9658-4739-ae44-6a81a7299259,not_disclosed,male,no,66+,christian,rwandan,n/a
2d5ef6c5-9eee-4fed-bdd7-4ed8c4b10dc6,not_disclosed,female,no,36-45,christian,rwandan,n/a
eed3e7e0-baf3-437d-8ebc-4b06108ce6f6,not_disclosed,female,no,18-25,muslim,rwandan,n/a
dca23372-781d-4df8-a459-65c7a88db0c0,not_disclosed,female,yes,66+,christian,rwandan,n/a
dadca689-0967-4bb8-86e6-86b0968eab02,not_disclosed,male,no,36-45,christian,rwandan,n/a
d15c4a4f-211a-47cf-9803-105df42b53af,not_disclosed,male,no,18-25,christian,rwandan,n/a
42681ac3-f2d8-4566-b924-76fa97846f11,not_disclosed,female,no,36-45,other,rwandan,n/a
3b303154-7d70-4918-9e11-54cb9da17f64,not_disclosed,female,no,46-55,christian,rwandan,n/a
be987f81-be6d-4b9b-afbe-f59159bce2b8,not_disclosed,male,yes,26-35,christian,rwandan,n/a
88bdc7bf-3522-404a-a81e-dde70cc218cb,not_disclosed,female,no,46-55,christian,rwandan,n/a
77113f73-eff5-4e9a-9b13-540e3fed8279,not_disclosed,female,no,56-65,none,rwandan,n/a
0ba82596-a390-47c9-83f7-de5ad724a2b6,not_disclosed,female,no,26-35,christian,rwandan,n/a
43f21e9b-2c93-4ad0-821a-ea9414f1f3c5,not_disclosed,male,no,36-45,christian,rwandan,n/a
e7712523-de97-417d-8a9d-df95d09d99c4,not_disclosed,male,no,46-55,christian,rwandan,n/a
9f7822bf-7d0a-44ac-a2c5-bfaf2200434a,not_disclosed,male,no,26-35,christian,rwandan,n/a
2ab99f3a-3671-49eb-bb4e-6496bad6e250,not_disclosed,female,no,26-35,christian,rwandan,n/a
c978409b-3912-40c0-a75b-9b8984837ccd,not_disclosed,male,no,26-35,christian,rwandan,n/a
22f86062-1051-4312-b55f-b4be9148af9b,not_disclosed,female,no,36-45,christian,rwandan,n/a
fc4a98d5-bd5b-4ecc-8fe6-26e8a90df4b8,not_disclosed,male,no,46-55,christian,rwandan,n/a
23142d37-59c5-4a06-8d19-bd2af6318874,not_disclosed,female,no,26-35,christian,rwandan,n/a
7e244ee6-c07d-48ec-95a2-27fa9403561f,not_disclosed,male,no,66+,christian,rwandan,n/a
e3b9a3ec-f84f-4506-8ac6-e1029f1dd49b,not_disclosed,male,yes,56-65,christian,rwandan,n/a
2facf34f-2c78-4612-9fd6-70f933629ebe,not_disclosed,male,no,26-35,christian,rwandan,n/a
75fc85d9-c278-4d02-9fac-45ff566e3d33,not_disclosed,male,no,36-45,other,rwandan,n/a
1a0f75f2-786e-48ef-8be1-82fe7938a362,not_disclosed,female,yes,18-25,christian,rwandan,n/a
61fee8bd-4ea7-4e03-8ee5-5055948bcfaf,not_disclosed,male,no,66+,christian,rwandan,n/a
dfb8c711-1a52-49a1-a8b9-7b1d09619e4a,not_disclosed,male,no,36-45,christian,rwandan,n/a
eb2837fd-6b0d-4a2f-934c-06145429a513,not_disclosed,male,no,66+,none,rwandan,n/a
6f3bc7cb-badc-44f2-89bf-e61b05a30793,not_disclosed,female,no,66+,christian,rwandan,n/a
d78429f8-232c-4c0d-8ec2-79bfd6da3c44,not_disclosed,male,no,46-55,christian,rwandan,n/a
3086283e-674d-4997-8325-42e68fec1b3a,not_disclosed,female,no,36-45,christian,rwandan,n/a
76251825-ef01-4550-ac7f-18c0d97f5b8a,not_disclosed,male,no,26-35,christian,rwandan,n/a
f0144537-4afe-40d8-b152-ba9eb08f093e,not_disclosed,female,no,26-35,christian,rwandan,n/a
fbc74b11-6dbf-4d04-8941-e4d88467097a,not_disclosed,male,no,66+,christian,rwandan,n/a
f4d076bb-9334-498b-91ff-a2f0d24888c5,not_disclosed,male,yes,56-65,christian,rwandan,n/a
4c9ee62a-c583-4cd5-ad6f-0b0375b7d5d6,not_disclosed,female,no,36-45,christian,rwandan,n/a
95a52056-31fd-409f-9899-49e30967652a,not_disclosed,female,no,46-55,none,rwandan,n/a
bcd4d9b7-908c-491a-a01e-72f900df7e54,not_disclosed,male,no,56-65,muslim,rwandan,n/a
d77727fd-931b-4bf5-8789-18abce099bd7,not_disclosed,male,no,46-55,christian,rwandan,n/a
b50b0832-a3b5-4047-afcf-d30f71597bbb,not_disclosed,female,yes,66+,christian,rwandan,n/a
43d631f2-aefe-40cb-b16a-7acef6dca9e7,not_disclosed,male,no,56-65,christian,rwandan,n/a
8e418bac-2904-4d63-acbf-2cc66d0c8711,not_disclosed,female,no,36-45,christian,rwandan,n/a
437c5f11-94ea-4c79-afe2-d94bc8bf4cd0,not_disclosed,male,no,56-65,christian,rwandan,n/a
d34b49b1-72da-42cc-a9b5-ecafaa9fee29,not_disclosed,male,no,56-65,christian,rwandan,n/a
08b09d72-f94e-4eb7-933f-46685aeb4632,not_disclosed,male,no,26-35,other,rwandan,n/a
2ae09526-95be-47c9-9f52-dfa691b85aab,not_disclosed,male,no,26-35,muslim,rwandan,n/a
e64324e2-bf44-4f0b-bfbc-c2aa3d6a71c1,not_disclosed,male,no,36-45,christian,rwandan,n/a
f2ebf4dc-7aa9-4250-a1ff-5d0cfcaae2a6,not_disclosed,male,no,36-45,christian,rwandan,n/a
6846422c-ef4e-42c2-ae74-4fcc329f7192,not_disclosed,female,no,26-35,christian,rwandan,n/a
26b8efc1-7480-46eb-a7cd-47e0f2c7c663,not_disclosed,female,no,56-65,christian,rwandan,n/a
5a54ecd7-cde7-4712-a401-4d01ce12d2f4,not_disclosed,male,no,36-45,christian,rwandan,n/a
8cebea75-8660-423b-81d6-5b80ce1df269,not_disclosed,female,no,18-25,christian,rwandan,n/a
32f2f4d7-8b0d-4843-9c4b-28f49bc0355e,not_disclosed,male,no,66+,christian,rwandan,n/a
fb646980-4203-4f9d-883c-202ca7390a78,not_disclosed,male,no,66+,christian,rwandan,n/a
978c6e4c-4005-4031-a5fa-c5c04c8552e7,not_disclosed,male,no,56-65,christian,rwandan,n/a
0f712b8a-88b5-483b-b704-2a76cc7a5c48,not_disclosed,female,no,46-55,christian,rwandan,n/a
5fc9b88a-f8eb-4218-823e-e4cfd4edc72e,not_disclosed,male,no,36-45,christian,rwandan,n/a
dcf94014-e91e-4d34-8b34-4b80e701d4b2,not_disclosed,male,no,36-45,christian,rwandan,n/a
466e6bfd-9526-4653-bf3d-c10d0b6c058f,not_disclosed,male,no,56-65,muslim,rwandan,n/a
4b207f55-a99a-49b0-91de-d9863fdc10f3,not_disclosed,male,no,46-55,other,rwandan,n/a
f0d869d8-fc5f-4045-a86a-4db789b73e77,not_disclosed,male,no,56-65,christian,rwandan,n/a
ee4d0c08-ea18-4b21-890a-abb0da4fe02d,not_disclosed,female,yes,36-45,christian,rwandan,n/a
3f0fda49-85f7-4f30-b7f1-4ecf5fbae3c7,not_disclosed,male,no,46-55,christian,rwandan,n/a
8e926dda-f627-4d95-913d-075a76aaed62,not_disclosed,female,no,46-55,christian,rwandan,n/a
4a310800-56eb-46de-b165-85af640d99e5,not_disclosed,female,no,56-65,christian,rwandan,n/a
dd2cc737-0867-4f78-9c1b-b53c4280d410,not_disclosed,male,no,56-65,christian,rwandan,n/a
6a1d7479-9c67-4730-a829-8096de231160,not_disclosed,male,no,66+,christian,rwandan,n/a
3eb280f7-24e9-477d-85a3-9d8b0a3a8fc0,not_disclosed,male,no,18-25,christian,rwandan,n/a
a838fae2-1c4f-4c9d-85cc-49c865c7ef9f,not_disclosed,male,yes,46-55,other,rwandan,n/a
b8584ad6-113e-4725-b075-3a5268232075,not_disclosed,male,no,66+,other,other,n/a
44bab40f-0473-4c39-b4df-960008b7774e,not_disclosed,male,no,36-45,christian,other,n/a
f70bc710-8dba-44fe-984a-1b352cbdf1f4,not_disclosed,female,no,66+,christian,rwandan,n/a
5104ef24-916a-445b-9253-50d623bfeed5,not_disclosed,male,no,66+,christian,rwandan,n/a
416b397c-493b-4bd5-b89e-f59fa9f19aaa,not_disclosed,male,no,56-65,other,rwandan,n/a
b7c04079-7af0-4c07-8668-d6cf51decc34,not_disclosed,female,no,46-55,christian,rwandan,n/a
5795bbbb-8757-454b-b280-51e8f6d954b5,not_disclosed,male,no,36-45,christian,rwandan,n/a
ccb3b53b-7214-4705-80df-cc8a28ab08cc,not_disclosed,male,no,26-35,christian,rwandan,n/a
7c1266f9-5064-4c22-bfd7-e9949ac69b5b,not_disclosed,male,no,66+,christian,rwandan,n/a
01711bb3-a319-43ae-ab0d-1d860e958b5d,not_disclosed,male,no,18-25,christian,rwandan,n/a
226027e5-cda5-4ce4-b5c2-ca6bfdade174,not_disclosed,female,no,66+,christian,rwandan,n/a
3ff15d20-c6a8-4f8e-b56b-c660d46d1133,not_disclosed,male,no,56-65,christian,rwandan,n/a
783f62fd-fb7a-4cf4-86f0-b2373701611f,not_disclosed,female,no,46-55,christian,rwandan,n/a
305d7c81-609b-4ae2-9127-c6375abfcf3d,not_disclosed,male,no,36-45,christian,rwandan,n/a
4c9a980f-0009-403f-9076-576a36c55e25,not_disclosed,female,no,26-35,none,rwandan,n/a
b0ba7002-75b0-4ec0-b764-452c05b2a5f9,not_disclosed,male,no,66+,christian,rwandan,n/a
d80d67a7-b1e5-47a6-a0b0-65e7f275828a,not_disclosed,male,no,46-55,christian,rwandan,n/a
94d77b8e-e7b1-4bcc-a531-9d353994ffdd,not_disclosed,female,no,36-45,christian,rwandan,n/a
5bd8ddde-7211-43a3-9a75-9e0c104b8561,not_disclosed,male,no,66+,christian,rwandan,n/a
10affc42-c889-4ea8-88ee-ce22b3f662f3,not_disclosed,female,yes,56-65,christian,rwandan,n/a
beb3d58e-8d0b-4e79-b7ca-ea08baed5ec2,not_disclosed,male,no,26-35,christian,rwandan,n/a
ba0dae2e-6526-470c-adab-5badb04d8a44,not_disclosed,male,no,36-45,christian,rwandan,n/a
05634bc8-2625-40c1-8e0c-362effed3908,not_disclosed,female,yes,46-55,christian,rwandan,n/a
baf6532a-d09c-49d4-83dd-c725dc05a97a,not_disclosed,male,no,66+,christian,other,n/a
2000eef8-b33a-465c-8d95-8fadb795a565,not_disclosed,male,no,18-25,christian,rwandan,n/a
626bc414-749b-4d36-b6bd-f96e98756551,not_disclosed,female,no,46-55,christian,rwandan,n/a
15ae0f32-3a00-4e8c-9057-d30206cfe17e,not_disclosed,female,no,26-35,christian,rwandan,n/a
b4778757-5b42-4621-a4ce-37ac8a8bdaa0,not_disclosed,female,no,66+,christian,rwandan,n/a
ca70048a-0669-4f35-ba7c-78ac41e64b3b,not_disclosed,male,no,26-35,christian,rwandan,n/a
55f5ce6d-7d6f-4d4e-9863-e054345b5ed5,not_disclosed,female,no,26-35,christian,rwandan,n/a
d54e2ab6-3cba-43a7-9a2c-4a1c53941c5a,not_disclosed,female,no,18-25,christian,rwandan,n/a
f946a21e-a43c-46cb-8d9e-b2d24a350cad,not_disclosed,male,yes,56-65,muslim,rwandan,n/a
c5fc54df-1db3-4e06-8d62-4b25f82ab882,not_disclosed,male,no,18-25,christian,rwandan,n/a
f81bef7b-4b0d-460c-b062-cb53f6ba4056,not_disclosed,male,no,26-35,christian,rwandan,n/a
48744e12-a08e-4ec9-91bf-28efc49bb7b7,not_disclosed,male,no,66+,christian,rwandan,n/a
c7e52452-770c-4159-91c7-4091a4bf6d26,not_disclosed,female,no,56-65,christian,rwandan,n/a
14fce421-6f88-4cf5-926d-282262725863,not_disclosed,male,no,66+,christian,rwandan,n/a
84577ca2-7978-4465-b58a-05ddb8724fc4,not_disclosed,male,no,66+,christian,rwandan,n/a
d5ca0cc8-dca0-4268-a023-dac7fa53abc3,not_disclosed,male,no,66+,muslim,rwandan,n/a
97a0024f-3625-4348-a84a-79c888d65453,not_disclosed,male,no,36-45,none,rwandan,n/a
6cc5c19b-f23e-45f3-ad1c-17b06f45073a,not_disclosed,male,no,46-55,other,rwandan,n/a
61639e26-13fd-4d14-a1f1-09dcdd4c5408,not_disclosed,male,no,56-65,muslim,rwandan,n/a
b570100c-94ea-405f-9e73-c8740e62f2ba,not_disclosed,female,no,56-65,christian,rwandan,n/a
a7bb75ba-18e9-4330-ae7f-07808755b390,not_disclosed,male,no,36-45,christian,rwandan,n/a
0c31ea56-fffc-4413-8a4a-ae7e30beea1c,not_disclosed,male,no,26-35,christian,other,n/a
8cdb270e-c420-4ed6-8812-c2c50701bc6d,not_disclosed,female,no,46-55,christian,rwandan,n/a
2a22ba31-a216-43d4-a73b-944dc66da3f8,not_disclosed,male,no,66+,christian,rwandan,n/a
5500913b-6c48-4a55-b192-67827582e94e,not_disclosed,male,no,26-35,other,rwandan,n/a
2f418013-700e-4656-bb5a-b2f881f6df68,not_disclosed,male,no,18-25,christian,rwandan,n/a
48bdf65a-0b9a-467c-a786-e4c01f18cb2e,not_disclosed,male,no,36-45,christian,rwandan,n/a
1ffe23cd-75ef-4293-9bc9-ee953b2b4923,not_disclosed,male,no,26-35,christian,rwandan,n/a
f7313a93-496e-4583-b343-834fe695fb55,not_disclosed,female,no,46-55,christian,rwandan,n/a
04084e53-fa2a-4e97-8977-7a3e4a23b822,not_disclosed,male,no,46-55,christian,rwandan,n/a
039c1528-c102-4457-9e19-5b63b6cd860f,not_disclosed,male,no,56-65,christian,rwandan,n/a
65727132-2615-48b9-9fc0-1b3ac2dd476c,not_disclosed,male,no,26-35,christian,rwandan,n/a
b8411221-9037-4f08-bc5b-5bd8d649d24b,not_disclosed,male,no,36-45,christian,rwandan,n/a
591d3840-b7bd-4c62-8b01-c3535cf58b43,not_disclosed,female,no,46-55,christian,rwandan,n/a
7a964998-3927-443c-bead-19e0829be218,not_disclosed,male,no,36-45,christian,rwandan,n/a
6a4c3d32-614e-4835-ba6d-08eb1d24f445,not_disclosed,female,no,26-35,christian,other,n/a
a78194f8-00b9-483b-9eaa-9d7fdc4ebbcc,not_disclosed,male,no,26-35,christian,rwandan,n/a
ba6172dc-a209-48c6-9c68-c088b980750f,not_disclosed,male,no,36-45,christian,rwandan,n/a
b64a4699-e274-4346-9ebc-62d50f4045b2,not_disclosed,male,no,26-35,other,rwandan,n/a
001c40ed-24f3-498d-ad33-bb2918fa869b,not_disclosed,female,no,66+,muslim,rwandan,n/a
f30d0705-50c3-4e18-9a99-b21bb46e69cf,not_disclosed,female,no,56-65,christian,rwandan,n/a
5094e18d-bfe9-44f8-ad93-ffc533aad9af,not_disclosed,male,no,66+,christian,rwandan,n/a
76cc09e2-d225-4bc7-8e85-fce1cc282b3a,not_disclosed,female,no,36-45,christian,rwandan,n/a
d671c2a6-79a9-42f0-bb8c-66a42bd99878,not_disclosed,female,no,36-45,christian,rwandan,n/a
d1c175e6-da1c-4412-9ef5-938dd2eb9def,not_disclosed,female,no,36-45,christian,rwandan,n/a
d2791d4d-b97f-43a5-894f-e16554d65dad,not_disclosed,male,no,46-55,christian,rwandan,n/a
42c09c7f-dfa8-42bc-998b-6bd59585bfc7,not_disclosed,male,no,26-35,christian,rwandan,n/a
3f143dc9-1305-4f15-9fe4-0b012f5277c3,not_disclosed,male,no,56-65,christian,rwandan,n/a
a7c7adc1-7d9f-4d08-9d00-aecdf834f326,not_disclosed,male,no,36-45,christian,rwandan,n/a
7356062d-3eef-4826-bded-49950aec885d,not_disclosed,male,no,46-55,other,rwandan,n/a
82e10033-e2b1-4416-96b8-c19983bb110c,not_disclosed,male,no,26-35,christian,rwandan,n/a
1998aba2-6fa9-4e18-8699-4947396badc2,not_disclosed,male,no,18-25,christian,rwandan,n/a
9f782a60-88ab-4d59-8baa-fb00f72360ae,not_disclosed,male,no,66+,christian,rwandan,n/a
9195b6e8-7e24-40ff-9df4-10e04ff6a00a,not_disclosed,female,no,46-55,christian,rwandan,n/a
558266e6-3980-41b9-b3f0-a29159ad4107,not_disclosed,male,no,36-45,christian,rwandan,n/a
213b3c06-d138-4630-b3f4-e53a39cb7be5,not_disclosed,male,no,36-45,christian,rwandan,n/a
62948d04-bb80-4b6e-9de3-d1cfa1f8bfa2,not_disclosed,male,no,56-65,christian,rwandan,n/a
9b952ea8-6315-4be7-a528-87927f371325,not_disclosed,female,no,36-45,christian,rwandan,n/a
5fefa68a-b8ab-4721-a514-0782207a3759,not_disclosed,female,no,26-35,christian,rwandan,n/a
765b48e7-19cf-416d-b3ca-c5b83c4d816b,not_disclosed,male,no,18-25,christian,rwandan,n/a
d4e062d5-37a4-4130-b710-894b8f9672ed,not_disclosed,male,no,56-65,christian,rwandan,n/a
0b74f596-349c-472f-8bfd-02d7210a95db,not_disclosed,male,no,36-45,christian,rwandan,n/a
c2ee3b37-b1f1-4e4b-85c7-ff6f287661be,not_disclosed,male,no,46-55,christian,rwandan,n/a
15ab5f25-9a8a-494e-91dd-c07d1b8858f9,not_disclosed,male,no,56-65,christian,rwandan,n/a
562c0b13-a4d4-4d83-8d64-435e7d37a788,not_disclosed,female,no,26-35,christian,rwandan,n/a
7f134bdc-b4d8-4b46-a720-c29b3b373d23,not_disclosed,female,no,18-25,christian,rwandan,n/a
bcc0ebc9-7928-4578-b573-5e72a0931c60,not_disclosed,female,no,56-65,christian,rwandan,n/a
4b063934-9a16-4b95-b105-d74d00d8268e,not_disclosed,female,no,26-35,christian,rwandan,n/a
15d9e44d-23bc-4b4b-ad56-8dd23a456fab,not_disclosed,male,no,36-45,christian,rwandan,n/a
975f661c-6269-4066-88d7-81640da413ce,not_disclosed,male,no,26-35,muslim,rwandan,n/a
67286d25-dd8d-416d-bdf1-d78e0af7ed82,not_disclosed,male,no,36-45,christian,rwandan,n/a
d32feeb8-41e3-4042-b9bf-adaf4b4e2120,not_disclosed,female,no,66+,none,rwandan,n/a
db3aa887-807a-4554-9622-48df089c6a9a,not_disclosed,male,no,66+,none,rwandan,n/a
85a16774-3bb6-4d1b-b95c-b9491f19d9a4,not_disclosed,male,no,56-65,christian,rwandan,n/a
30416ada-646b-4036-8db1-e3c12e517c5e,not_disclosed,female,no,46-55,christian,rwandan,n/a
35741bff-82a4-4934-b1f3-ef1ff69056b9,not_disclosed,male,no,66+,christian,rwandan,n/a
b1586a8f-c43f-4c51-82c1-45399ca633a7,not_disclosed,male,no,46-55,christian,rwandan,n/a
f5d97c10-9479-4c83-947a-a6674f1cbe11,not_disclosed,female,no,46-55,christian,rwandan,n/a
7b1e558a-a35e-4a6c-959b-214866121505,not_disclosed,male,no,56-65,christian,rwandan,n/a
36878891-589d-43e7-9c5c-bb094f3e099c,not_disclosed,male,no,56-65,christian,rwandan,n/a
c7f51902-d785-4923-8bab-f6680ce3e51b,not_disclosed,male,no,36-45,christian,rwandan,n/a
0e61120e-c2a3-4bc1-9cf0-30aed1189108,not_disclosed,male,no,56-65,christian,rwandan,n/a
cc8fff46-fcb9-4300-88e4-994581a23135,not_disclosed,female,no,26-35,christian,rwandan,n/a
c1abf4f5-064f-4ef9-a38b-4432a07d03a9,not_disclosed,male,no,56-65,christian,rwandan,n/a
7ea79019-45ae-4bf0-a513-bcbda3c0d3e3,not_disclosed,male,no,18-25,christian,rwandan,n/a
cc5be51d-b52d-4aa7-923a-1be06eb377ed,not_disclosed,male,no,36-45,christian,rwandan,n/a
46982083-bd81-4fe8-9311-386f4899ecc7,not_disclosed,male,no,66+,christian,rwandan,n/a
15e9399b-4bd0-46a2-bcd5-817146a1f945,not_disclosed,female,no,36-45,christian,rwandan,n/a
05b06902-44aa-4098-80af-522f5c536a49,not_disclosed,female,no,46-55,christian,rwandan,n/a
70f31fb0-72ec-4a7d-a766-c14bba482bab,not_disclosed,male,no,36-45,christian,rwandan,n/a
7cc2e313-9b54-4733-bb24-d06323c637f8,not_disclosed,male,no,26-35,christian,rwandan,n/a
447a8792-f8a2-4839-b928-82aeb4a761f4,not_disclosed,male,no,26-35,christian,rwandan,n/a
e2639982-83dc-4861-a1b0-23156a933e7a,not_disclosed,male,no,26-35,muslim,rwandan,n/a
4d8f0cae-c5e3-4fe9-8846-90eb0c424f81,not_disclosed,male,no,26-35,christian,rwandan,n/a
d289f378-5c3c-4e35-be89-0203904b94db,not_disclosed,male,no,26-35,other,rwandan,n/a
8ab44dca-863a-4ec6-b61a-57b983a0b825,not_disclosed,male,no,66+,christian,rwandan,n/a
6807d5f7-7044-422e-a7ad-7deca38cda9e,not_disclosed,male,no,46-55,christian,rwandan,n/a
1583a5c5-a78b-4a01-9464-f3943a9c8493,not_disclosed,male,yes,56-65,christian,rwandan,n/a
02c25613-0c3d-4f7b-9aa3-00848f42e85d,not_disclosed,male,no,56-65,christian,rwandan,n/a
f3cb9d66-0c79-4812-ac34-63594645c5de,not_disclosed,male,no,56-65,muslim,other,n/a
403ee065-8128-45b5-9340-ffae123809c1,not_disclosed,male,no,36-45,christian,rwandan,n/a
9094d99c-81a2-4785-b654-6acf29434bd0,not_disclosed,male,no,18-25,none,rwandan,n/a
81b899ec-285f-48e2-9d54-9b244aaac6b7,not_disclosed,male,no,56-65,christian,rwandan,n/a
7f9019db-55e9-401b-bbcb-50d24b1aba3f,not_disclosed,male,no,36-45,christian,rwandan,n/a
bb24164c-c72a-48e2-accb-3d9fec2b2044,not_disclosed,male,no,36-45,christian,rwandan,n/a
8c7b9eea-f625-4e29-826c-7150b0b4b0bd,not_disclosed,male,no,18-25,christian,rwandan,n/a
766affb3-5fe9-441b-9f0d-1bf6a5cd9bde,not_disclosed,male,no,66+,christian,rwandan,n/a
c01a99bf-d64e-4cb4-85db-806a315854f7,not_disclosed,male,no,56-65,christian,rwandan,n/a
cae65f4c-e598-4c0a-9408-d2d3d74aa991,not_disclosed,female,no,26-35,christian,rwandan,n/a
d280a9d1-2662-4706-a428-8ccb115695a8,not_disclosed,male,no,26-35,christian,rwandan,n/a
9b422a5e-644b-4cd0-8096-d51322fc6649,not_disclosed,male,no,26-35,christian,rwandan,n/a
39590f44-a45e-4fe5-b523-3a09ca1f3580,not_disclosed,male,no,18-25,christian,rwandan,n/a
5ddaa70a-8fd8-41da-b517-8a4d4fea7d6c,not_disclosed,female,no,56-65,christian,rwandan,n/a
175ede9a-970b-4732-95df-26e82bd7501c,not_disclosed,female,no,66+,christian,rwandan,n/a
6891d96d-55f2-4f77-a8e1-13887a71010b,not_disclosed,male,no,36-45,christian,rwandan,n/a
72d27402-b5eb-4f62-85ab-f414c95050a0,not_disclosed,male,no,18-25,christian,rwandan,n/a
afcc02f8-63d4-4c44-ae99-079805941448,not_disclosed,male,no,46-55,christian,rwandan,n/a
9c5f1172-9660-4975-a672-ae61d712da22,not_disclosed,male,no,36-45,christian,rwandan,n/a
f58e2c21-7215-4a9a-b9b0-8a52cd49b569,not_disclosed,male,no,66+,christian,rwandan,n/a
c5d76a84-5400-40c8-8c63-2e7e2620eec1,not_disclosed,male,no,26-35,christian,rwandan,n/a
481b03de-bde5-4346-8900-34fbec8bb450,not_disclosed,male,yes,26-35,christian,rwandan,n/a
39d19f3e-687a-4d08-a3ef-6437b29708ee,not_disclosed,male,no,66+,christian,rwandan,n/a
53cc10e7-953b-4b5d-8f1c-1f6be23a03b3,not_disclosed,male,no,46-55,christian,rwandan,n/a
50c79346-9d16-409d-a534-9ff6d030bbe1,not_disclosed,female,no,46-55,christian,rwandan,n/a
c1d28890-65e9-437a-91eb-06a5bb978c84,not_disclosed,male,no,66+,christian,rwandan,n/a
0dd87940-d939-49a3-9710-ccc93edce069,not_disclosed,male,no,46-55,christian,rwandan,n/a
c7cd427d-6651-4c14-a784-96c47074f18d,not_disclosed,male,no,46-55,muslim,rwandan,n/a
661fc082-87cd-4dbc-b1bd-dde74acf9584,not_disclosed,male,no,46-55,christian,rwandan,n/a
570792b3-9ffa-4cba-9bd9-0581cddb9c5c,not_disclosed,female,no,56-65,christian,other,n/a
b38ebbb1-9962-4b08-a468-61880a3b78ae,not_disclosed,male,no,36-45,other,rwandan,n/a
06e8b631-ea5c-4954-a171-3eb6dbb214b5,not_disclosed,male,no,66+,christian,rwandan,n/a
8921510d-7ffe-4fb0-9c0d-f2a53b980d60,not_disclosed,female,no,66+,christian,rwandan,n/a
bd9aa709-f14d-4e90-9a37-6f16feeb1361,not_disclosed,male,no,26-35,christian,rwandan,n/a
5f57ec12-1bcf-4243-89a5-56ef12164f21,not_disclosed,male,no,56-65,christian,rwandan,n/a
c4b02ce0-6e9c-4822-9309-ed3faf67da47,not_disclosed,female,no,26-35,christian,rwandan,n/a
4c8d37dc-2704-4f39-b3a8-2f19482222d0,not_disclosed,male,no,18-25,christian,rwandan,n/a
0d92372d-9c59-4843-9305-532f600d61ef,not_disclosed,female,no,18-25,christian,rwandan,n/a
cb4e3643-2697-42ec-8775-e4c3d8c036c3,not_disclosed,male,no,26-35,christian,rwandan,n/a
aec45fc9-03a8-47d7-b8bc-1cad8227ad14,not_disclosed,male,no,36-45,christian,rwandan,n/a
edfe7a92-4a67-4bd3-8a99-17123c46a1a8,not_disclosed,female,no,56-65,christian,rwandan,n/a
fb8b7fbb-16dc-442d-8e41-4595277a1c6f,not_disclosed,male,no,46-55,none,rwandan,n/a
dd36ee5d-3681-4087-a93a-197db59fde43,not_disclosed,female,no,18-25,christian,rwandan,n/a
b385e809-30df-43be-bc5b-8a245c9a0138,not_disclosed,male,no,56-65,christian,rwandan,n/a
d12d5897-ae47-429e-a727-7a6beab5f532,not_disclosed,female,no,36-45,other,rwandan,n/a
816f5fd1-751c-48eb-b1c6-96dba34ad230,not_disclosed,male,no,46-55,christian,rwandan,n/a
5c6a8f05-c4b7-4659-9f69-c0be0a74152c,not_disclosed,female,no,66+,none,rwandan,n/a
c13123ee-d29d-4487-9f36-6cc6667d765d,not_disclosed,male,no,66+,christian,rwandan,n/a
df71e9c7-2c86-49b8-abbc-56520693c093,not_disclosed,male,no,36-45,christian,rwandan,n/a
98cfc439-7745-4f9d-9237-cbd55bda9dc1,not_disclosed,male,no,18-25,christian,other,n/a
c5075101-3725-4e89-bfc3-011f0227a5d2,not_disclosed,female,no,46-55,christian,rwandan,n/a
cdd7a77f-8d3b-41d5-a44a-d2e3fa9f4f95,not_disclosed,female,no,36-45,christian,rwandan,n/a
11a46dbc-b65f-4e49-9bd8-94b75ecd7bd6,not_disclosed,female,no,36-45,christian,rwandan,n/a
806b634f-1c8f-40d6-bf9f-0c9295b62e43,not_disclosed,male,no,36-45,none,rwandan,n/a
72255447-8e2e-431f-a51d-b1932f38a1fa,not_disclosed,male,no,36-45,christian,rwandan,n/a
744a9df8-ee0b-44a6-99e5-3ca7dfbb56d3,not_disclosed,male,no,46-55,christian,rwandan,n/a
3fa1dcb7-9b0e-401b-be92-a255b983891b,not_disclosed,male,no,18-25,other,rwandan,n/a
3e7c7d49-1c33-49b9-a200-31dea92b5b66,not_disclosed,female,no,26-35,christian,rwandan,n/a
82fd7f9e-f711-4ae6-a19b-371140b4f088,not_disclosed,female,no,26-35,christian,rwandan,n/a
df22457e-96f0-4dc2-81f6-98d9fce9b541,not_disclosed,male,no,26-35,christian,rwandan,n/a
f8006aad-fd7d-47ff-a307-ae6e6ae1fa50,not_disclosed,male,no,26-35,christian,rwandan,n/a
148ef2d8-4659-4f98-818e-2ab7094bb269,not_disclosed,male,no,66+,other,rwandan,n/a
777b156f-337c-4b3f-b28b-c6da7f0cfb4e,not_disclosed,female,no,66+,christian,rwandan,n/a
2e55a82c-6625-4a2c-b00b-d7059f75aa63,not_disclosed,female,no,66+,muslim,rwandan,n/a
593d4040-e8da-4c9d-a7ea-1a2066c249db,not_disclosed,male,no,66+,christian,rwandan,n/a
76f098fb-ecab-44f0-b059-93162744da15,not_disclosed,female,no,56-65,christian,rwandan,n/a
8b94f97d-d849-44cf-990d-98bcd46aad83,not_disclosed,male,no,26-35,christian,rwandan,n/a
c15f254d-9437-40d8-b84c-dba2d29b40ef,not_disclosed,male,no,36-45,muslim,rwandan,n/a
004490c1-4e7b-4ac4-b225-01c32039feb5,not_disclosed,male,yes,46-55,other,rwandan,n/a
cee1b008-357a-4c54-9e81-296828216f18,not_disclosed,male,no,46-55,christian,rwandan,n/a
6d8868e3-07f5-4c76-b069-e8122348bd81,not_disclosed,male,no,66+,muslim,rwandan,n/a
226826a5-dd2c-4d43-9071-068340c5afdd,not_disclosed,male,no,56-65,christian,rwandan,n/a
597b848f-c02f-4e6d-866e-349a2d446036,not_disclosed,male,no,46-55,christian,rwandan,n/a
ee4977ba-2fd6-4d4d-a406-6ded99c7fd95,not_disclosed,male,no,18-25,christian,rwandan,n/a
286ce801-b899-487c-be58-9f47e70858ad,not_disclosed,male,no,46-55,christian,rwandan,n/a
010179d1-2df1-4c68-a626-5b07cb2af84d,not_disclosed,female,no,26-35,christian,rwandan,n/a
7709632f-8f6e-49de-a0d6-50d0a4e38133,not_disclosed,male,no,56-65,christian,rwandan,n/a
8cb53752-b397-4d2a-8e6e-092056641861,not_disclosed,male,no,66+,other,rwandan,n/a
3d068e36-8ce1-411a-aa32-3a1e5e3645ad,not_disclosed,male,no,46-55,christian,rwandan,n/a
4b404689-1f4d-4782-98f0-b32178417ee0,not_disclosed,male,no,46-55,christian,other,n/a
f40d1e14-a2d3-440c-b167-c4e07257dec7,not_disclosed,male,no,36-45,none,rwandan,n/a
e48dc0cb-2cc8-4b6a-8e8d-fa6cff3b33a8,not_disclosed,male,no,36-45,christian,rwandan,n/a
27a01e97-8451-44e0-8a2c-91675adaaef5,not_disclosed,male,no,18-25,christian,rwandan,n/a
fd692247-7853-4a0f-9077-c3543f713f7e,not_disclosed,male,no,66+,muslim,rwandan,n/a
3d37772f-7031-4e46-93a0-6eba75dbabf3,not_disclosed,female,yes,46-55,christian,rwandan,n/a
fd51ab36-1e26-4cd6-9f1f-19ca4cc208a2,not_disclosed,male,no,26-35,christian,rwandan,n/a
ced4cf7c-1722-478b-ad23-6c0c413b3131,not_disclosed,female,yes,46-55,christian,rwandan,n/a
593778f3-2599-4f44-863e-2c55683b8dfd,not_disclosed,female,no,46-55,christian,rwandan,n/a
ae29aff1-bcc6-4ce7-b634-57db9bc4269b,not_disclosed,male,no,36-45,christian,other,n/a
9b8722dd-9147-4de3-b7a3-c485ff530341,not_disclosed,male,no,26-35,christian,rwandan,n/a
2793a7e5-b1be-4ccb-86e3-e1bb908f2a10,not_disclosed,male,no,18-25,christian,other,n/a
e6f81f25-5222-473b-b06b-ef7f96734808,not_disclosed,male,no,18-25,christian,rwandan,n/a
06780976-908d-4a89-ae0e-fb4d788ed0a9,not_disclosed,female,no,66+,christian,rwandan,n/a
2d53d4fb-b308-4e56-8c03-01d6f3df1be2,not_disclosed,female,no,18-25,christian,other,n/a
69c0c5a5-4663-49f9-9827-0d1a2bf05c7b,not_disclosed,male,no,66+,christian,rwandan,n/a
af0c492c-b6b2-473c-8b37-9149bb7ad730,not_disclosed,male,no,18-25,other,rwandan,n/a
9e7d3138-7485-4d05-aedd-0d28ae04039f,not_disclosed,male,no,18-25,christian,rwandan,n/a
ffcf3036-f081-4d07-8344-8e9d0ff7fdba,not_disclosed,male,yes,18-25,christian,rwandan,n/a
c9a8f52f-0b4f-4105-bcd7-7e64b64e302a,not_disclosed,male,no,46-55,other,rwandan,n/a
243d040a-0c2f-44cf-96aa-3fe00e2455a2,not_disclosed,male,no,46-55,christian,rwandan,n/a
779e25a2-5dde-4ea2-a295-a469589ab7e3,not_disclosed,male,no,46-55,christian,rwandan,n/a
22228943-7e61-4dfb-b270-f13f4b2cc056,not_disclosed,male,no,18-25,none,rwandan,n/a
0f7133a8-98d5-4550-8535-d793d89beda6,not_disclosed,male,no,18-25,christian,rwandan,n/a
6c2532e8-c8c9-4ee2-8d2b-70d1be05cee0,not_disclosed,female,no,46-55,christian,rwandan,n/a
f90b2938-3668-4689-9cfc-a60fd0cdbd5e,not_disclosed,male,no,36-45,christian,rwandan,n/a
94d1c8e2-cd69-42a7-aea9-177e674d2e31,not_disclosed,male,no,36-45,christian,rwandan,n/a
15f79532-7a1f-4e16-8b31-b853651cdcc2,not_disclosed,male,no,26-35,christian,rwandan,n/a
07e75ed2-8bf9-4f77-bdeb-3a8b042b9797,not_disclosed,male,no,36-45,christian,rwandan,n/a
c2b92681-69ed-4a66-826e-eb41c00fc17c,not_disclosed,male,no,26-35,christian,rwandan,n/a
01f1fab4-43c4-4e28-91f5-3e4e389e84e8,not_disclosed,male,yes,36-45,christian,rwandan,n/a
aa53802c-9b9f-4547-b3e6-64d44dba3c54,not_disclosed,female,no,26-35,christian,rwandan,n/a
64fef16f-1116-4818-b0de-0d221efe7f80,not_disclosed,male,no,26-35,muslim,rwandan,n/a
c5da0e81-7d3c-4082-88b8-38d179475608,not_disclosed,male,no,36-45,other,rwandan,n/a
24aca95b-926c-4532-b4f1-7091a1c9b16b,not_disclosed,male,no,26-35,muslim,rwandan,n/a
6055aa52-f1c9-49c1-bd5b-23c99c9f773b,not_disclosed,male,no,36-45,christian,rwandan,n/a
14336a53-2420-4ed6-80cb-bcbab5573b8a,not_disclosed,male,no,56-65,christian,rwandan,n/a
1ae6ac12-b7c6-4274-bb6b-bffc20b812e6,not_disclosed,male,no,26-35,christian,rwandan,n/a
2624db92-14e5-4229-a923-133d1281b58c,not_disclosed,male,no,46-55,christian,rwandan,n/a
731a4a78-da29-4fb6-aae9-66502e9516be,not_disclosed,male,no,66+,christian,rwandan,n/a
0343647c-98df-4e57-ac57-d7965b3da2ce,not_disclosed,male,no,26-35,christian,rwandan,n/a
d7bd4611-f7bc-406a-9ce4-8154db28572f,not_disclosed,male,no,56-65,christian,rwandan,n/a
b15faa92-d4db-4bb9-959a-4e7be8743031,not_disclosed,male,no,26-35,christian,rwandan,n/a
518d8019-18ba-4497-b72e-8e0f51b2de20,not_disclosed,female,no,46-55,muslim,rwandan,n/a
31018edb-b30f-4a54-9b63-d14d56266664,not_disclosed,male,no,36-45,christian,rwandan,n/a
017a9d98-0fce-4a40-b9fd-92ff9b888a29,not_disclosed,male,no,66+,christian,rwandan,n/a
bd904989-42ac-4a3b-b2d9-c1ad369411cd,not_disclosed,female,no,56-65,christian,rwandan,n/a
334e895f-0fd6-41b4-bf06-07e99dd262fa,not_disclosed,male,no,26-35,christian,rwandan,n/a
3969c0e6-49e4-437a-b065-9bb699cd1544,not_disclosed,female,no,56-65,christian,rwandan,n/a
a1738257-49e7-4d9d-8e69-b2173861c023,not_disclosed,male,no,26-35,christian,rwandan,n/a
36ff1c61-3993-4cc8-ba2e-8cc83cb047a1,not_disclosed,female,no,26-35,christian,rwandan,n/a
57f9b9ee-0ce5-4192-804a-e6119e46d859,not_disclosed,male,no,46-55,christian,rwandan,n/a
6cf76777-4d95-4c1b-b278-c0f9d4aa787c,not_disclosed,male,yes,66+,none,rwandan,n/a
2bb3554c-585a-4054-8594-42df5da23adc,not_disclosed,male,no,46-55,christian,rwandan,n/a
f18550dd-2206-40ff-8a3d-9d8120ce1c95,not_disclosed,male,no,56-65,muslim,rwandan,n/a
7626ce9e-77ab-4352-8796-980dfa9709ae,not_disclosed,male,no,26-35,christian,rwandan,n/a
a372e0b8-bf2b-447f-951e-a16e97979a88,not_disclosed,male,no,36-45,christian,rwandan,n/a
d4e7f726-8820-40d9-9531-9542b5c807c7,not_disclosed,male,no,46-55,christian,rwandan,n/a
2d74d9b1-f31a-4028-90e2-a9ed3c45be88,not_disclosed,male,no,66+,christian,rwandan,n/a
c6e40742-bcc3-4e87-a851-bfd25e4cc6d8,not_disclosed,female,no,26-35,christian,rwandan,n/a
c065549a-aef4-48c8-81a3-20dbf8ae45f6,not_disclosed,male,no,36-45,christian,rwandan,n/a
b7c0710a-db86-401f-be95-297a1de41b9a,not_disclosed,female,no,26-35,christian,rwandan,n/a
65808c1e-d25d-4573-84be-7f0d6fed7730,not_disclosed,male,no,56-65,christian,rwandan,n/a
0744a14c-2b68-4251-85e3-0c34d22d1bc8,not_disclosed,male,no,66+,christian,rwandan,n/a
b066b217-2c3f-492d-b128-11589b7dfae2,not_disclosed,male,no,26-35,none,rwandan,n/a
13a20020-2f59-4554-9af1-849fda9140d6,not_disclosed,male,no,46-55,christian,rwandan,n/a
f5a9cab3-91cb-40d7-b389-28642cc24e02,not_disclosed,male,no,66+,christian,rwandan,n/a
d3f9d4db-51d1-47fc-aa5f-a017652dad23,not_disclosed,female,yes,56-65,christian,rwandan,n/a
f1e8bee2-53d7-4d6d-b24b-d43c750b97d5,not_disclosed,female,no,56-65,christian,rwandan,n/a
476d1fdb-dde1-4cb0-9e5f-a47ad6a5f38b,not_disclosed,male,no,26-35,christian,rwandan,n/a
f92fccbb-eddf-4b91-b950-84d2302ba6d2,not_disclosed,male,no,46-55,christian,rwandan,n/a
e97e8c30-387e-42ce-9c3f-6de8522316fe,not_disclosed,male,yes,46-55,christian,rwandan,n/a
b7f65a73-6b59-41e1-9131-0d307cf90936,not_disclosed,male,no,26-35,christian,rwandan,n/a
6d06b8a5-b3aa-4105-b926-d773fa55e53e,not_disclosed,male,no,26-35,christian,rwandan,n/a
5229eb2f-7df1-43fe-9c18-8189aa3fd757,not_disclosed,male,no,26-35,christian,rwandan,n/a
0e11c3a6-9247-4b15-8c41-1f0e0c2af392,not_disclosed,male,no,26-35,christian,rwandan,n/a
e1340914-1135-4388-bb1b-c43fbd06eab5,not_disclosed,female,no,46-55,christian,rwandan,n/a
676cff0e-157e-4b57-b1e6-ddc8f6c808c1,not_disclosed,female,no,18-25,none,rwandan,n/a
aae005ab-0a02-455d-a2ac-e0795036641a,not_disclosed,male,no,36-45,christian,rwandan,n/a
ca51d2f1-ae7d-4bd4-bc87-636a6458a9bb,not_disclosed,male,no,18-25,none,rwandan,n/a
f48e1e58-6d2c-43c9-abbe-a8475928f4b6,not_disclosed,male,no,26-35,other,rwandan,n/a
d93cef18-2e2b-4d4c-b7e4-ee5f72a1b8b8,not_disclosed,male,no,66+,christian,rwandan,n/a
3d5601d3-61f3-46e5-b520-c76a3f4ba33d,not_disclosed,female,no,36-45,christian,rwandan,n/a
6c0520b5-7469-4af4-b526-94e7a10fe2ec,not_disclosed,male,no,46-55,christian,rwandan,n/a
3de532fa-ec1b-4e5c-945d-132697e8ea47,not_disclosed,female,yes,26-35,christian,rwandan,n/a
bd58ebe6-2683-4e9e-96d6-4d12db1fe87d,not_disclosed,male,no,26-35,christian,rwandan,n/a
16fcb26d-3393-4baa-9bee-29505d4b2869,not_disclosed,male,no,46-55,christian,rwandan,n/a
0a4dd91c-8215-49a0-94d8-ab8fced76429,not_disclosed,male,no,56-65,christian,rwandan,n/a
fc9f1d79-bf07-44db-81e2-bdb48f9e527d,not_disclosed,female,no,56-65,christian,rwandan,n/a
305a7631-adc8-4b0b-8237-f590a7f0a525,not_disclosed,female,no,18-25,christian,rwandan,n/a
4b0051a6-550c-47c9-be1e-0e025211a543,not_disclosed,male,no,36-45,christian,rwandan,n/a
12d5debe-f3f8-467f-95c5-d1481e247a91,not_disclosed,male,no,46-55,christian,rwandan,n/a
73d330a8-3bcb-4a05-9919-7f0fe58d45ef,not_disclosed,male,no,56-65,christian,rwandan,n/a
bc1aee64-0ae5-4a98-9b69-d5f6943a4b78,not_disclosed,male,no,36-45,christian,other,n/a
b13b5790-ba4b-4be5-8a4a-fbe281a42ba4,not_disclosed,male,no,36-45,muslim,rwandan,n/a
1cf6affe-4635-42a5-8611-e4dc8cb37cce,not_disclosed,female,no,36-45,muslim,rwandan,n/a
8543f08c-8fd8-4ac0-b452-c3e37a76f7f3,not_disclosed,female,no,36-45,christian,rwandan,n/a
29b2e41c-4d22-4e40-ab0c-1c6d46a96b0e,not_disclosed,male,no,56-65,christian,rwandan,n/a
8d849976-ef6c-4d10-8653-8f3ece4a3cd0,not_disclosed,male,no,18-25,christian,rwandan,n/a
329e9701-05ad-413c-9474-3473aa465bbd,not_disclosed,male,no,56-65,other,rwandan,n/a
32bc1794-b275-46f0-8911-4fd1a44ebe7c,not_disclosed,male,no,26-35,christian,rwandan,n/a
75191458-2555-49ca-8f8c-8698a4c923b0,not_disclosed,male,no,56-65,christian,rwandan,n/a
f758843c-cad4-42e1-9e53-2f5b4b1abb28,not_disclosed,male,no,56-65,christian,rwandan,n/a
43249cd1-6050-4569-8fc8-f0636a8346c5,not_disclosed,female,no,56-65,christian,rwandan,n/a
064da616-92b6-4734-9478-c79dd5e5efd0,not_disclosed,female,no,18-25,christian,other,n/a
19561a7b-831f-4827-a329-c526b6775852,not_disclosed,male,no,46-55,christian,rwandan,n/a
6c202dee-968d-4418-b302-d59e70daf535,not_disclosed,female,no,66+,christian,rwandan,n/a
c8cd98f2-58dd-4d93-91ef-2250c1edaef7,not_disclosed,female,no,18-25,christian,other,n/a
8301941f-2983-4936-bee5-7dfc3bd3299b,not_disclosed,male,no,46-55,christian,rwandan,n/a
fd0e7c0d-2403-41d3-add2-0ca057c010c1,not_disclosed,male,no,46-55,christian,rwandan,n/a
1f4de924-cf66-4c69-9601-6ea3121c11b9,not_disclosed,female,no,46-55,christian,rwandan,n/a
538970b1-c02d-4c56-a70b-0a05268e929a,not_disclosed,male,yes,46-55,christian,rwandan,n/a
100c6735-220e-4351-845d-b301a8631647,not_disclosed,female,no,56-65,christian,rwandan,n/a
a28bcbb5-7275-4a15-b448-03eef4b63e91,not_disclosed,male,no,18-25,christian,rwandan,n/a
df3e8918-2c12-4412-a5f3-916a4fdfef72,not_disclosed,female,no,46-55,christian,rwandan,n/a
f5c6c72b-6882-49c4-8358-20f71644fb4c,not_disclosed,female,no,26-35,christian,rwandan,n/a
553f5239-efbf-45d7-ba05-ef4cb3db14e3,not_disclosed,male,no,36-45,christian,rwandan,n/a
db9a30a5-2c21-42da-ac51-07720c7dd726,not_disclosed,male,no,46-55,christian,rwandan,n/a
52526a47-6ad1-4f6d-88d0-4b4f6d6ce016,not_disclosed,female,yes,66+,christian,rwandan,n/a
0aa1b66e-f777-4435-afe2-3f6bbb09c88f,not_disclosed,male,no,26-35,muslim,rwandan,n/a
94d6712d-8635-451e-b2f7-16baec2ef464,not_disclosed,female,no,18-25,other,rwandan,n/a
cd541bcb-38b4-4e57-b445-bbf0886e4ff6,not_disclosed,female,no,36-45,none,rwandan,n/a
60d2a8fc-8871-452e-9286-7464edcf01f8,not_disclosed,male,no,36-45,christian,rwandan,n/a
5530a9b3-bb0a-4aac-b541-c232728d4274,not_disclosed,male,no,18-25,christian,rwandan,n/a
016294ab-7e12-4e21-8079-b695c6a3216f,not_disclosed,male,no,56-65,christian,rwandan,n/a
f4e84d8f-9331-4bd5-b92f-cde6d9f46721,not_disclosed,male,no,26-35,christian,rwandan,n/a
593703fb-fcef-43ac-8d4d-e29cc9d5ba99,not_disclosed,male,yes,18-25,christian,rwandan,n/a
6731e086-ca89-447e-9cbf-396006b602f7,not_disclosed,male,no,18-25,christian,rwandan,n/a
af2503ed-93d2-4c4b-9f3c-05f9bf8dc515,not_disclosed,male,no,36-45,christian,rwandan,n/a
5ca30d0d-262a-4986-a203-d69d76a7b2a2,not_disclosed,male,no,36-45,christian,rwandan,n/a
040a8352-3882-4ea4-92f5-e020e8967841,not_disclosed,female,no,66+,christian,rwandan,n/a
e3e75f62-17f8-48bb-9bd4-a0c5a12c4c5c,not_disclosed,female,no,36-45,christian,rwandan,n/a
55bd20bf-eb99-4155-bc67-bf4462819f71,not_disclosed,female,no,26-35,christian,rwandan,n/a
bccd2c45-2a5c-45e1-a35d-08fb9e2583c1,not_disclosed,female,no,18-25,christian,rwandan,n/a
3f33e907-148e-4461-978d-e9b98b03f3e0,not_disclosed,male,no,36-45,christian,rwandan,n/a
0f2964fd-7066-4c0a-8def-33b3d977e9c1,not_disclosed,female,no,46-55,christian,rwandan,n/a
e45c9ca5-e4ef-4437-bac7-78c381b43432,not_disclosed,male,no,46-55,other,rwandan,n/a
768daa06-01c0-4c09-9d1e-9e68c1c8f5da,not_disclosed,female,no,56-65,christian,rwandan,n/a
fc5848b1-f1d0-4207-b08d-32949631012e,not_disclosed,male,no,26-35,christian,rwandan,n/a
45c05575-d815-4d5a-ab2b-f68d018a8bd4,not_disclosed,male,no,36-45,christian,rwandan,n/a
511e8be8-cfce-4d75-9914-37317404b860,not_disclosed,male,no,26-35,christian,rwandan,n/a
84c60d0a-6bcd-465f-bf85-88ed1f92c405,not_disclosed,male,no,26-35,christian,rwandan,n/a
0d4a6ecf-34b3-4718-be33-758de7b104a1,not_disclosed,male,no,66+,christian,rwandan,n/a
8c586eba-6eed-4a83-9524-dc920af33306,not_disclosed,male,yes,66+,christian,rwandan,n/a
bc9ae53d-098d-4993-b39d-f453b7cf1ccd,not_disclosed,male,no,46-55,muslim,rwandan,n/a
abcc3093-1c5f-42a2-8d58-f6dfb1f7e885,not_disclosed,male,no,36-45,christian,other,n/a
097657f0-8465-4b57-bb27-789b1f1e8ebf,not_disclosed,male,no,46-55,christian,rwandan,n/a
b4def9e8-4319-4350-85bb-eab86dc0570e,not_disclosed,female,no,56-65,christian,rwandan,n/a
8a7ff4b3-a6d1-4711-af33-26818036a89f,not_disclosed,female,no,36-45,christian,rwandan,n/a
c3b5e7d9-5484-4a47-98a0-c724416fce90,not_disclosed,female,no,36-45,christian,rwandan,n/a
73269c43-6f3e-4387-a18b-9b23f93e5bd7,not_disclosed,male,no,36-45,christian,rwandan,n/a
0b40d3af-bd4d-4d97-b4fe-30989abb463d,not_disclosed,male,no,36-45,christian,rwandan,n/a
b7b1a9b6-bf3f-4513-9064-c4c63ce73869,not_disclosed,male,no,36-45,christian,rwandan,n/a
17655416-a347-4206-8287-ee0319ec4159,not_disclosed,female,no,36-45,christian,rwandan,n/a
989f2f89-e9f1-49ab-9fda-9a921a1439fb,not_disclosed,female,no,46-55,christian,rwandan,n/a
3273397f-d084-4679-896c-e8432d35e359,not_disclosed,female,no,26-35,christian,rwandan,n/a
f3163e52-4c38-4f02-a8dc-f47b616cad67,not_disclosed,male,no,36-45,christian,rwandan,n/a
bdabfa68-3c6a-4581-94d4-36c060c34710,not_disclosed,male,no,26-35,christian,rwandan,n/a
8661fb64-59a6-4e87-ac92-7b7825b7d0e7,not_disclosed,male,no,66+,christian,rwandan,n/a
ae9919b5-141d-433d-8c2a-11911c893129,not_disclosed,male,no,46-55,muslim,rwandan,n/a
81d57d9b-12f5-49ac-a03e-bf7acb6c58bc,not_disclosed,male,no,46-55,christian,rwandan,n/a
8fb9de06-ef87-420f-b7a6-db3da5ea5a6f,not_disclosed,male,no,26-35,christian,other,n/a
d86d4bcc-61a0-4b8e-9c21-1010ae0a7829,not_disclosed,female,no,66+,christian,rwandan,n/a
ab83b209-2353-4a28-9462-d673fccd1c2e,not_disclosed,male,no,26-35,christian,rwandan,n/a
895bf4dc-f3a8-4c47-ba10-acc72ee21657,not_disclosed,male,no,56-65,muslim,rwandan,n/a
76d73c2f-4f65-4a19-a4ef-3d8c9e1c4782,not_disclosed,male,no,56-65,christian,rwandan,n/a
aa3d511d-3538-4977-b553-5ef84e3ccae8,not_disclosed,female,no,26-35,christian,rwandan,n/a
11c795db-6d43-406e-8c19-ec5f060b6b5b,not_disclosed,male,no,46-55,christian,other,n/a
2ab0dd0b-7055-494d-be32-74026a90ec23,not_disclosed,male,no,56-65,christian,rwandan,n/a
29d24928-62f0-426a-9f96-da760fc2ad91,not_disclosed,male,no,46-55,other,rwandan,n/a
8683d1e4-d00a-4bb0-afdd-c06c13becb70,not_disclosed,male,no,56-65,christian,rwandan,n/a
78aace27-292e-4402-b23a-1245c1b5d827,not_disclosed,female,no,66+,christian,rwandan,n/a
6b66486f-e585-4152-8a1b-e0d74506fa93,not_disclosed,female,no,26-35,none,rwandan,n/a
0684da5f-a37b-4e65-bd77-5740d61db134,not_disclosed,female,no,46-55,christian,rwandan,n/a
bdae1436-360a-4a49-87b2-e4554adf4ef3,not_disclosed,male,no,18-25,christian,rwandan,n/a
ae3409cc-15ef-4b55-9a48-9c45c5a0fb3e,not_disclosed,male,no,66+,christian,rwandan,n/a
0ea5558a-e9b1-41cc-8c7a-19452a645ba2,not_disclosed,male,no,56-65,christian,rwandan,n/a
b4cc72f9-e85e-491c-b96e-fbfedbef0c85,not_disclosed,female,no,46-55,christian,rwandan,n/a
c0bd6c00-11e8-4706-908a-ee2039bc549c,not_disclosed,female,no,26-35,christian,rwandan,n/a
14434812-9a04-4d62-9e01-9cde38d2b6c7,not_disclosed,male,no,56-65,none,rwandan,n/a
11a395ad-392e-4f0e-a986-fee7a8c0b60c,not_disclosed,male,yes,36-45,christian,rwandan,n/a
23748568-404f-4649-9105-0c0b82026090,not_disclosed,female,no,46-55,muslim,rwandan,n/a
7b4c13c1-380c-47a7-ac56-facd3e79e529,not_disclosed,male,no,66+,muslim,rwandan,n/a
433204ba-c459-4d04-be42-ea57a1a46120,not_disclosed,male,no,36-45,christian,rwandan,n/a
5f4e1ffd-4dc5-4054-b807-efa03f06506c,not_disclosed,male,no,26-35,christian,rwandan,n/a
8d1bedf2-65f0-4574-956c-cc06d5efb2ba,not_disclosed,female,no,46-55,christian,rwandan,n/a
8eb4b29d-f3aa-4ed9-9713-9490f3ceaf96,not_disclosed,male,no,56-65,muslim,rwandan,n/a
2c37c699-d8e1-46cb-b8b0-0eafc5fd08d1,not_disclosed,male,no,46-55,christian,rwandan,n/a
2f101e7e-5c31-433d-8eb0-316e355bb8f6,not_disclosed,female,no,66+,christian,rwandan,n/a
584c3107-ec26-4484-847b-249bf0f85066,not_disclosed,female,yes,18-25,christian,rwandan,n/a
9d41f59d-8c77-4250-944a-bf9e5414eb54,not_disclosed,male,no,66+,muslim,rwandan,n/a
ecae2e3d-e14c-4333-922f-01fd7c3d3547,not_disclosed,male,no,56-65,christian,rwandan,n/a
3646d6bc-f290-4826-a9df-777380e0508d,not_disclosed,male,no,36-45,muslim,rwandan,n/a
07c8cff7-ce3b-4f4c-909e-e06c5fa7fb3e,not_disclosed,female,no,46-55,christian,rwandan,n/a
6da4b610-3ee0-4a46-a21f-c6c1259ccafe,not_disclosed,male,no,26-35,christian,rwandan,n/a
76396838-aa93-4aed-a8fe-16324314d5e2,not_disclosed,male,no,18-25,christian,rwandan,n/a
05bbd4b2-dc90-48bf-b8b4-0751f2489259,not_disclosed,male,no,46-55,christian,rwandan,n/a
fb30373c-416c-4148-9ae4-0d9c9242249f,not_disclosed,male,no,26-35,christian,rwandan,n/a
0b5c80e0-04b5-46a3-970d-c39fd070aeb1,not_disclosed,male,no,46-55,christian,rwandan,n/a
58e55b23-d683-4f4f-8825-523790dd3351,not_disclosed,male,no,36-45,christian,rwandan,n/a
2cd3fda7-6f1a-4e73-97e7-68b1dd1bd26b,not_disclosed,female,no,26-35,christian,rwandan,n/a
38fbdb9d-4415-470b-9016-a159571e01eb,not_disclosed,male,no,18-25,christian,rwandan,n/a
b9e66523-ef88-48b5-bbec-04d17bf052a0,not_disclosed,female,no,36-45,christian,rwandan,n/a
24bafa69-272f-4c63-bdbe-a306d871c2d1,not_disclosed,male,no,18-25,christian,rwandan,n/a
6ac68546-16c1-47a5-9581-43fb41119b80,not_disclosed,male,no,46-55,christian,rwandan,n/a
ffc90bbf-7157-45dc-844e-e4a654718c7e,not_disclosed,male,no,36-45,christian,other,n/a
053cf644-ad8a-4e34-b128-f5a75d94bf50,not_disclosed,male,no,26-35,christian,rwandan,n/a
b71549c7-d40c-424a-816d-e97f471c575c,not_disclosed,female,no,66+,christian,rwandan,n/a
3df1e1ce-6878-40da-8485-25dd9ca62db4,not_disclosed,male,no,26-35,christian,rwandan,n/a
271182af-58d9-452d-953f-da94f59b7e0d,not_disclosed,female,no,66+,christian,rwandan,n/a
c743e05e-0bcb-4243-8973-59ec8e00e948,not_disclosed,male,no,18-25,christian,rwandan,n/a
dd0eea04-e1f7-4186-9af4-dc5f41a3c136,not_disclosed,female,no,26-35,muslim,rwandan,n/a
c6beeab6-27a4-404a-bc7b-edc1e0685498,not_disclosed,male,no,46-55,muslim,rwandan,n/a
41268752-7a82-4b64-93b9-f7eca80dbd2d,not_disclosed,male,no,36-45,christian,rwandan,n/a
2c0c8b17-6753-4052-a3b9-71a050320ac7,not_disclosed,male,no,46-55,christian,rwandan,n/a
8d27eb52-5439-4c5c-acea-38905d4799da,not_disclosed,male,no,26-35,christian,rwandan,n/a
a61deac3-6b85-44a6-b499-af502e53d923,not_disclosed,male,no,66+,christian,rwandan,n/a
4009322c-638a-48a4-a2f7-093f0fd89aac,not_disclosed,male,no,56-65,christian,rwandan,n/a
fb03d188-50be-4cff-b013-90e5f5d7ef92,not_disclosed,male,no,26-35,christian,rwandan,n/a
dd551555-cc89-4748-8a62-6c6d86e7c9e8,not_disclosed,female,no,36-45,muslim,rwandan,n/a
17312d70-ab97-4e26-a81f-70cfccfee89d,not_disclosed,male,no,26-35,christian,rwandan,n/a
82f1c2cf-c88d-4d49-8734-d2533f87e943,not_disclosed,male,no,36-45,christian,rwandan,n/a
63213878-d4f7-4e5a-82fb-e665e1020999,not_disclosed,male,no,26-35,christian,rwandan,n/a
9c1ab5a9-4708-42d3-9b18-ca1a6b07f000,not_disclosed,male,no,66+,christian,rwandan,n/a
3cca0a20-6db0-49bc-9a11-97e7d8886d9f,not_disclosed,female,no,26-35,christian,rwandan,n/a
2174fb43-29df-4eb1-be6b-acb4500cee35,not_disclosed,male,no,46-55,christian,other,n/a
9c0da7ac-4931-4ffc-988a-53a311ba478e,not_disclosed,male,no,46-55,muslim,rwandan,n/a
1ac504d5-28d9-422c-91c4-166ed627b341,not_disclosed,male,no,56-65,christian,rwandan,n/a
6284c85b-6404-41bb-9e75-9b699883575f,not_disclosed,male,no,36-45,christian,rwandan,n/a
c3a00f73-8553-41bb-9e57-48884d721ec5,not_disclosed,female,no,46-55,christian,rwandan,n/a
26534011-60a9-4659-b223-7898cbcc3dd6,not_disclosed,male,no,46-55,christian,rwandan,n/a
d19cc0ae-56db-4d32-a2b8-7687fc79d1c8,not_disclosed,male,no,46-55,christian,rwandan,n/a
fd9051b9-fd3b-4cbc-9e75-b56a547f0f09,not_disclosed,male,no,18-25,christian,other,n/a
5db913e9-3153-4e01-83ed-e499900b8601,not_disclosed,male,no,36-45,christian,rwandan,n/a
71ab46c5-225b-463c-b93e-d2660f39db43,not_disclosed,male,no,66+,christian,rwandan,n/a
6fb59185-6293-47e1-8bf5-417b3fb5bca0,not_disclosed,male,no,66+,christian,rwandan,n/a
b000bd61-936e-44ba-8809-d9c34d7d3747,not_disclosed,female,no,56-65,christian,rwandan,n/a
6548e3a6-9f85-4ea2-9e06-d788b72971f6,not_disclosed,male,no,66+,christian,rwandan,n/a
f2c74b58-43be-496e-8aac-1398a88d4c29,not_disclosed,male,no,18-25,muslim,rwandan,n/a
8349f56c-e71d-44f0-87fe-40de22e6778b,not_disclosed,male,no,56-65,christian,rwandan,n/a
fb269be0-3dee-4b77-8dc4-1b448c255605,not_disclosed,male,no,46-55,christian,rwandan,n/a
82192f1a-b89b-4e9a-a3df-8a6849dfc615,not_disclosed,male,no,46-55,christian,rwandan,n/a
a6084cd1-878a-4b17-9435-836b97f78679,not_disclosed,male,no,56-65,christian,rwandan,n/a
ad8651c2-14c4-4452-939f-0ab7b4b3e4f0,not_disclosed,female,no,36-45,christian,rwandan,n/a
7f20f1de-5415-4221-bda3-6c092a162d0a,not_disclosed,male,no,46-55,christian,rwandan,n/a
9f596b9c-563f-4221-af72-e14bb28736ea,not_disclosed,male,no,66+,muslim,rwandan,n/a
44712782-175d-44ea-8d55-fb029991c68b,not_disclosed,male,yes,46-55,none,rwandan,n/a
93d9bf90-75be-4761-b670-ac9175488b09,not_disclosed,male,no,46-55,muslim,rwandan,n/a
c0afbcfc-ea4c-4319-8f52-512a22a0b024,not_disclosed,female,no,56-65,christian,rwandan,n/a
c3e67bb6-8144-4f55-8ea5-76adce88953a,not_disclosed,female,no,66+,christian,rwandan,n/a
7cba74dd-6f15-4d26-9bfc-abf1f40ab17a,not_disclosed,male,no,46-55,christian,rwandan,n/a
471f90fe-587b-4da6-818c-ff48d4ace616,not_disclosed,male,no,66+,christian,rwandan,n/a
43bf37ee-43f7-49f5-90cd-4f5661a5fd17,not_disclosed,female,no,36-45,other,rwandan,n/a
5d9d017a-c339-43a4-8960-2f4a12581cee,not_disclosed,male,no,18-25,christian,rwandan,n/a
e360b262-6bc4-49ca-8335-d99838f3065b,not_disclosed,male,no,46-55,christian,rwandan,n/a
59c62d64-e734-474c-ac6a-351d9856b7b1,not_disclosed,male,no,56-65,christian,rwandan,n/a
0ccc2362-3a34-432d-99f5-930af53e7f2b,not_disclosed,female,no,56-65,christian,rwandan,n/a
e06080d7-b3cd-4c1e-951a-665c3c36eb5b,not_disclosed,male,no,26-35,christian,rwandan,n/a
fb32238e-e44e-4b5a-b35d-e3cd6ee26484,not_disclosed,male,no,26-35,christian,rwandan,n/a
6d548326-ca0c-4cba-a048-5218c1ae1203,not_disclosed,male,no,66+,christian,rwandan,n/a
b0a9b7a0-2da7-4de1-99cd-497681e8e72d,not_disclosed,male,no,26-35,none,rwandan,n/a
b1a1229a-967f-439b-8058-773cd43a730e,not_disclosed,female,no,56-65,christian,rwandan,n/a
842a1fd5-5d5a-4d24-9d39-e3e22836371a,not_disclosed,male,no,36-45,christian,rwandan,n/a
59ef2af5-9a79-4bb6-bb95-7ee3b220714e,not_disclosed,male,yes,66+,christian,rwandan,n/a
b9ab864e-3621-4185-a958-3d0cac28c6a3,not_disclosed,male,no,26-35,christian,rwandan,n/a
bc0d46da-4370-4e18-a41e-fd7895e9e2e1,not_disclosed,male,no,66+,christian,other,n/a
e62f4cbd-acd3-4919-a21c-ca43c736415a,not_disclosed,male,no,26-35,none,rwandan,n/a
cb75c6d0-cdc4-4985-823e-e7ff19b2bd75,not_disclosed,female,no,36-45,none,rwandan,n/a
21de0848-be7e-49dd-ac13-0b8613476790,not_disclosed,female,no,36-45,christian,rwandan,n/a
73107ff7-018f-4dfa-8a87-bca1d0ed72e4,not_disclosed,male,no,66+,christian,rwandan,n/a
23c5cb7a-5d4c-4637-a7a0-0c7730f6e75c,not_disclosed,female,yes,56-65,christian,other,n/a
6a182297-69fb-4dcd-ad31-f9deb88c30f9,not_disclosed,female,no,26-35,christian,rwandan,n/a
a7cb6015-6191-48db-a923-46ca447fd551,not_disclosed,female,no,26-35,christian,rwandan,n/a
f9d83e35-dec7-4cf8-ba7e-6c5f0e0c135d,not_disclosed,male,no,18-25,christian,rwandan,n/a
4bd0a9d5-c426-4d6d-8235-195d29f8eb34,not_disclosed,male,no,66+,christian,rwandan,n/a
85eeaec7-4d8e-402a-97b2-5c150cebb3f3,not_disclosed,female,no,36-45,christian,rwandan,n/a
6950650f-f1d8-4075-b8b1-782456f17536,not_disclosed,female,no,56-65,christian,other,n/a
a7c9679f-d4a7-4602-98a2-68400a199ca7,not_disclosed,male,no,18-25,christian,rwandan,n/a
7d8e6c11-c95a-4ac1-ab31-69a5cc948b8c,not_disclosed,male,no,26-35,christian,rwandan,n/a
f8adcc79-0f32-46a4-9bcd-48ae2262c949,not_disclosed,female,no,26-35,christian,rwandan,n/a
92e78b8d-2ef1-464f-b478-91e1a0ae8e13,not_disclosed,female,no,66+,christian,rwandan,n/a
b3847be2-5f7d-4aba-9f13-fc0d9c4284cc,not_disclosed,female,no,36-45,christian,rwandan,n/a
4efaa424-a51b-4d4c-b40a-81bfe231d89c,not_disclosed,male,no,26-35,christian,rwandan,n/a
473f6204-ca6b-4fc8-90d1-629c6c71ab9b,not_disclosed,male,no,46-55,christian,rwandan,n/a
6567b939-1e71-48c1-8a0a-b02ad335a916,not_disclosed,female,no,18-25,christian,rwandan,n/a
ab2fe562-bc84-4a2a-9e97-468669e77c02,not_disclosed,male,yes,66+,muslim,rwandan,n/a
fe34d6bd-5866-4a48-974f-a2c8ec57d997,not_disclosed,male,no,26-35,christian,rwandan,n/a
b20555fc-2dd0-49ff-adfa-f2ac7e6216d9,not_disclosed,male,no,46-55,christian,rwandan,n/a
00cf2528-3b24-47e6-b9ce-c4773df8d36c,not_disclosed,male,no,26-35,christian,rwandan,n/a
0bbba262-3c49-4347-9a3b-cc0c642f3314,not_disclosed,male,no,18-25,christian,rwandan,n/a
66a28318-2293-4694-b27f-c0060af88749,not_disclosed,male,no,46-55,none,rwandan,n/a
e716babe-56d6-4b83-bb9c-d7f32b9055a2,not_disclosed,female,yes,26-35,christian,rwandan,n/a
0aed82d3-8d26-49d9-9e72-f09c643255bd,not_disclosed,male,no,66+,christian,rwandan,n/a
4c1c3f37-de36-4dca-9f05-c7b90cdfacf7,not_disclosed,male,no,66+,christian,rwandan,n/a
b322f683-6c04-476d-86e4-d035bd9d7642,not_disclosed,male,no,66+,christian,rwandan,n/a
4581e45a-9ae2-4ba6-883c-435721deb2fe,not_disclosed,male,no,26-35,christian,rwandan,n/a
531fec0b-5a2b-4c64-bf53-6e4f697cf916,not_disclosed,female,no,46-55,christian,rwandan,n/a
8dad5c16-c446-48b7-866d-61c162507536,not_disclosed,female,no,46-55,christian,rwandan,n/a
f001d42c-fa0b-4a25-abe9-17da96b18f6f,not_disclosed,female,no,46-55,christian,rwandan,n/a
0ac9b76e-3322-473b-8d90-42d221b7cbe2,not_disclosed,female,no,36-45,christian,rwandan,n/a
32cb05ec-5dd7-4d81-8edd-a53b37f8e3de,not_disclosed,male,no,66+,christian,rwandan,n/a
2df5a13b-f63f-4166-ac83-73d166987032,not_disclosed,female,no,46-55,christian,rwandan,n/a
76c35b81-2aef-480a-9a81-9ea7d1c4a1ea,not_disclosed,male,no,66+,christian,rwandan,n/a
0dc105f3-5f12-4cab-a0bf-d0b5f1afb684,not_disclosed,female,no,18-25,christian,other,n/a
f24b7488-00c9-445a-b304-532aaa5ebc64,not_disclosed,female,no,66+,christian,rwandan,n/a
8f6a53dd-5b86-4d45-ab4b-6bbb7fb2ff01,not_disclosed,female,no,26-35,christian,rwandan,n/a
ee339d7d-f0fb-437d-afbd-db990e08fc41,not_disclosed,male,no,56-65,christian,rwandan,n/a
abfb2487-d3d1-4672-b3f4-0a880b14408b,not_disclosed,male,no,66+,christian,rwandan,n/a
6b4205f6-73af-4119-b01a-cd181ae589a4,not_disclosed,female,no,26-35,christian,rwandan,n/a
6757ea85-31fb-43e8-9ee5-3b7bbb1a11b7,not_disclosed,female,no,26-35,christian,rwandan,n/a
d97afb3b-c34d-4fc6-9aa8-7c39714161e0,not_disclosed,male,no,46-55,christian,rwandan,n/a
182cf626-2643-41b0-9e64-3f79de5d7c70,not_disclosed,male,no,66+,christian,rwandan,n/a
088a2478-261c-4652-8259-36975aa15170,not_disclosed,female,no,26-35,christian,rwandan,n/a
63977e84-50af-42c3-8448-9959e7a70cd1,not_disclosed,male,no,46-55,christian,rwandan,n/a
7bda6329-8947-41e1-bd67-c0cc53bb193a,not_disclosed,male,no,26-35,none,rwandan,n/a
1e6ee46b-dd50-4eb1-ae14-b10963953fed,not_disclosed,female,no,66+,christian,rwandan,n/a
61f57b67-90a4-4295-8a12-3befde38e7ea,not_disclosed,female,no,36-45,christian,other,n/a
41884b98-3886-4f81-9e60-3380db0c4e9c,not_disclosed,male,no,18-25,none,rwandan,n/a
34391ba6-26c0-4e25-8989-7f8c823ae00b,not_disclosed,female,no,26-35,christian,rwandan,n/a
24180ccf-2631-4a9a-a459-376d9da0c4c1,not_disclosed,female,no,66+,none,rwandan,n/a
37c1e932-387c-4a18-af5e-e1917f2084fc,not_disclosed,male,no,36-45,christian,rwandan,n/a
e25226c7-3030-49f0-996f-ce18b9f33f40,not_disclosed,female,no,18-25,muslim,rwandan,n/a
c0069fdf-c347-4c8e-ae96-a6a8cb6e4938,not_disclosed,male,no,26-35,christian,rwandan,n/a
d343f178-c81f-436d-9c4f-8effe8f79f9b,not_disclosed,male,no,46-55,muslim,other,n/a
1827453c-9680-4cdb-9e47-c32319f5e31d,not_disclosed,male,no,66+,christian,rwandan,n/a
c0597043-fe02-43b1-86d7-236d65cf7838,not_disclosed,female,no,66+,christian,rwandan,n/a
2275ce9a-0828-41f1-a047-2c08c8f855e1,not_disclosed,female,no,36-45,christian,rwandan,n/a
8f59b807-f7ac-4c43-9800-a45d402d6c9e,not_disclosed,female,no,26-35,christian,rwandan,n/a
629da892-0ab9-466f-894e-fbe382876396,not_disclosed,male,no,26-35,christian,rwandan,n/a
d73aeec1-bcd1-471c-abee-612a56fece27,not_disclosed,female,no,36-45,christian,rwandan,n/a
60f42b79-fb9f-4a63-801d-d121a34f6783,not_disclosed,female,no,18-25,christian,rwandan,n/a
d587b473-eff8-4cf8-bacb-e8fdb802df8d,not_disclosed,female,no,46-55,none,rwandan,n/a
41107519-b0f5-4b0b-afac-ef2c466162d0,not_disclosed,female,no,46-55,christian,rwandan,n/a
061edc11-c5b3-4afe-a203-3092d657acdd,not_disclosed,male,no,46-55,christian,rwandan,n/a
92b30084-9901-44ae-819b-b7935f1e1f79,not_disclosed,male,no,56-65,christian,rwandan,n/a
f2716fa7-0b5e-46fe-93e5-ff0e82f6180b,not_disclosed,male,yes,36-45,christian,rwandan,n/a
909de811-207b-41cf-acb2-97743b052024,not_disclosed,female,no,36-45,christian,rwandan,n/a
f3341e60-77ba-4262-9fee-336f83c4360c,not_disclosed,male,no,46-55,christian,rwandan,n/a
720a7794-ae3a-496f-8995-655f8dc3249b,not_disclosed,male,no,26-35,christian,rwandan,n/a
76f9788f-8f23-4d31-80e9-5fe4da9782bd,not_disclosed,female,no,36-45,christian,rwandan,n/a
3b667ee3-429b-437b-ae18-108a8b7225a7,not_disclosed,male,no,66+,christian,rwandan,n/a
85d90869-b2ac-46d6-852d-00df39c39892,not_disclosed,male,no,66+,christian,rwandan,n/a
e821d2c7-df08-4a01-b419-67a98d8f8d16,not_disclosed,male,no,18-25,christian,rwandan,n/a
cb590f09-7f0f-4e30-9e84-67c95d6fc575,not_disclosed,male,no,46-55,other,rwandan,n/a
788a1f95-0c70-45c9-a02c-73c1a5762911,not_disclosed,male,no,46-55,christian,rwandan,n/a
7d4c1309-59de-4e86-86b0-16a03c8b3b73,not_disclosed,male,yes,66+,christian,rwandan,n/a
56dbf75e-bd3c-44de-b22a-b9bf76d60a9f,not_disclosed,male,no,46-55,other,rwandan,n/a
9b43559b-b7a2-45e5-af88-4ad132b5e4ee,not_disclosed,male,no,66+,muslim,rwandan,n/a
89babcf8-3352-44f8-805a-d9293228ed5b,not_disclosed,male,no,46-55,christian,rwandan,n/a
11738b14-dade-40fb-8271-03e248878b8d,not_disclosed,male,no,66+,christian,rwandan,n/a
820335cf-378f-4448-a152-37fbbc0ba0cb,not_disclosed,male,no,36-45,christian,other,n/a
d5c11000-7f56-418f-9ddf-4a5ab9426327,not_disclosed,male,no,26-35,christian,rwandan,n/a
d6cd7674-7b5b-4408-82e1-537d2a611ef5,not_disclosed,male,no,46-55,christian,rwandan,n/a
d5137ef0-fc7f-4a6f-ad0e-343181460023,not_disclosed,male,no,36-45,christian,rwandan,n/a
a0060858-5e81-4411-a9f1-e16f02cd737f,not_disclosed,male,no,66+,christian,rwandan,n/a
9b498337-4bb8-4b94-95ae-0d9b38f4180e,not_disclosed,male,no,26-35,other,rwandan,n/a
d1c2a03f-68e7-4c6a-af35-2d08ff2db1da,not_disclosed,male,no,36-45,christian,rwandan,n/a
d48b355d-76fb-4aa1-81d2-11d14c755aa7,not_disclosed,female,no,26-35,muslim,rwandan,n/a
910b16d6-e705-4673-b3c8-e3a6856318c6,not_disclosed,female,no,26-35,christian,rwandan,n/a
a9006ceb-1269-4189-8d33-2cf3e65eeab3,not_disclosed,female,no,46-55,christian,rwandan,n/a
5adada35-bbf1-45f0-82b3-406f0fc7a6b6,not_disclosed,male,no,36-45,other,other,n/a
80cc737c-dd09-4f9b-ba3d-12fb1389b29b,not_disclosed,male,no,18-25,christian,rwandan,n/a
eb3497c5-2292-438f-aa74-61e7e44a44f0,not_disclosed,male,no,36-45,christian,rwandan,n/a
fdc5a368-ff70-4aa5-b7dd-5ceb31241647,not_disclosed,male,no,26-35,christian,rwandan,n/a
adb84122-2c05-4eac-a270-26455977fba3,not_disclosed,male,no,26-35,christian,rwandan,n/a
439be8fd-0132-4a9c-b96d-ea496443c84d,not_disclosed,male,no,66+,none,rwandan,n/a
62e675fb-e7e2-4af5-8585-66c32daf6e4e,not_disclosed,male,no,26-35,christian,other,n/a
b87fc04e-9603-45d7-ab13-c83723508c87,not_disclosed,male,no,46-55,other,rwandan,n/a
f5d96da4-cab4-4705-b26b-ec87ebce7075,not_disclosed,male,no,46-55,christian,other,n/a
bc049582-3954-45b5-b450-7ae40704d17f,not_disclosed,female,yes,56-65,muslim,other,n/a
efcc0b6f-250e-48f9-bd45-9b17691e0ffc,not_disclosed,male,no,46-55,none,rwandan,n/a
2bcf90d0-1636-49c5-bd5b-00e7e62dc2e6,not_disclosed,male,no,66+,christian,rwandan,n/a
2351a009-a19e-48d6-9fc3-5296917a5287,not_disclosed,female,no,18-25,christian,rwandan,n/a
2fcc49d9-368b-4414-a9e2-f88a227163d5,not_disclosed,male,no,26-35,christian,rwandan,n/a
5a44c415-cf17-4ceb-a6f6-3219111d9d66,not_disclosed,male,no,56-65,other,rwandan,n/a
0abd3dff-b667-42e6-831a-3de77254ad10,not_disclosed,male,no,46-55,christian,rwandan,n/a
e2f8039e-1b72-465c-8fac-1b3b268d24f2,not_disclosed,male,no,36-45,christian,rwandan,n/a
87afba89-4ebb-4a5d-b4cd-53364578854c,not_disclosed,female,no,46-55,christian,rwandan,n/a
27a8e506-5bc4-421d-b9da-7985859de4c4,not_disclosed,female,no,26-35,christian,rwandan,n/a
a2900463-0f88-4561-a124-bce20bf80b7b,not_disclosed,male,no,18-25,christian,rwandan,n/a
918bbfcc-1b24-4c04-8ea2-8d8d000aa6cf,not_disclosed,male,no,46-55,christian,rwandan,n/a
ee1ab9ca-37ad-475d-ab03-d5dfb4ab250e,not_disclosed,male,yes,26-35,christian,rwandan,n/a
186cdbee-6d15-43ea-b2ca-40da57a326f2,not_disclosed,male,no,36-45,other,rwandan,n/a
eecd3e54-a37d-4555-9106-fe07db91c1e8,not_disclosed,male,no,36-45,christian,rwandan,n/a
e0f958a4-104e-4a10-8710-997e0680e345,not_disclosed,male,no,56-65,christian,rwandan,n/a
47ea1f6d-836f-48b2-9dc8-139c4a852a19,not_disclosed,male,no,36-45,christian,rwandan,n/a
c1de7a9d-e698-44ad-a49d-42906fce558d,not_disclosed,male,no,46-55,christian,rwandan,n/a
749d7903-09ad-41ce-9cee-3361a51a376d,not_disclosed,male,no,26-35,christian,other,n/a
33376808-e02a-4cc4-b028-1c0605c7a5b9,not_disclosed,male,no,36-45,christian,rwandan,n/a
0f18dd0f-972a-49cf-aee5-0677c2a4cdfc,not_disclosed,male,no,36-45,christian,rwandan,n/a
f209b7af-f34e-48ec-aeea-3c189ec9214d,not_disclosed,male,no,26-35,christian,rwandan,n/a
24cb3af0-2f43-4781-a27d-f8c30cfaf23c,not_disclosed,male,no,26-35,christian,rwandan,n/a
2f49132c-d9b6-4f2e-ae12-6d2c94c006e4,not_disclosed,female,no,26-35,christian,rwandan,n/a
d77761cd-443d-4e73-bb9b-8fb52436b254,not_disclosed,female,no,26-35,christian,other,n/a
9d9a054a-d7c6-44cc-ab7d-d39372853fad,not_disclosed,female,no,18-25,christian,other,n/a
a38d5b8f-5b10-49d8-acb8-f2702e81f692,not_disclosed,male,no,26-35,other,rwandan,n/a
33e8a4eb-c477-4a54-a79e-6922b23e5755,not_disclosed,male,no,36-45,christian,rwandan,n/a
5ad2e329-dcd3-4db3-b4b5-4a0c418d2b70,not_disclosed,male,no,66+,other,rwandan,n/a
20ec3f8b-b99c-47ec-9e8e-dcc74a4b2edf,not_disclosed,female,no,46-55,christian,rwandan,n/a
f9ccdbcc-2b73-4ae1-8b6b-3adf87b04170,not_disclosed,male,no,56-65,christian,rwandan,n/a
f3a822a9-1375-4235-b6d3-3b6df2446865,not_disclosed,male,no,26-35,christian,rwandan,n/a
2fe490b2-4f3f-4011-adf0-0d8ff297c0ca,not_disclosed,male,no,66+,christian,rwandan,n/a
705429ba-ce45-4f05-b7ee-74a9c2904a38,not_disclosed,male,no,36-45,christian,rwandan,n/a
17b798a0-69a7-4c27-93e0-d79a6146e878,not_disclosed,male,no,66+,christian,other,n/a
47801101-e7d9-4865-ac70-9c0ececc6d1d,not_disclosed,female,no,18-25,christian,rwandan,n/a
a657c53a-8b76-4b82-8d4f-454654613172,not_disclosed,male,no,46-55,christian,rwandan,n/a
5e4e9f26-4140-4e8e-9a5b-c4e8e7be22c7,not_disclosed,female,no,36-45,christian,rwandan,n/a
da5505f0-085e-44de-b540-2ca438402f1b,not_disclosed,male,yes,56-65,christian,rwandan,n/a
8667805f-5500-4791-8f70-6464f2bc3569,not_disclosed,female,no,56-65,christian,rwandan,n/a
c6c32dbc-cf7d-4ec0-9aba-bbe17e947130,not_disclosed,male,no,26-35,christian,rwandan,n/a
70c57841-6197-4b7f-85e9-cd393bd899aa,not_disclosed,female,yes,26-35,christian,rwandan,n/a
6e691f19-015a-45b9-90ad-f8b8aea97a59,not_disclosed,female,no,36-45,christian,rwandan,n/a
2257cd5b-70aa-48f0-badf-87d8a90f0629,not_disclosed,female,no,46-55,christian,rwandan,n/a
31d9a062-293a-4988-b3d3-b7911406def6,not_disclosed,male,no,56-65,christian,other,n/a
12a34cd2-873e-4e4f-a586-b5dadbfc823c,not_disclosed,female,no,26-35,christian,rwandan,n/a
2acf5809-1463-48f0-b4af-1448e4eecaf6,not_disclosed,male,no,18-25,christian,other,n/a
a9580fe0-1ebd-4aa8-b36c-3413f13827a2,not_disclosed,female,no,56-65,muslim,rwandan,n/a
319fff62-13db-4508-b004-7477ad57f0a1,not_disclosed,female,no,36-45,christian,rwandan,n/a
408a7e05-6513-4883-bc2a-f58362986719,not_disclosed,male,no,66+,other,rwandan,n/a
c81c499a-53bd-4c92-8ccd-804fdfb1b8c2,not_disclosed,male,no,56-65,christian,rwandan,n/a
f0ff7143-df80-4772-8440-a14d1f613fef,not_disclosed,female,no,26-35,christian,rwandan,n/a
9ed9c0cc-2b26-42ad-a716-ff6f2c0907dc,not_disclosed,male,no,66+,muslim,rwandan,n/a
ef7fea3a-6ddf-4f31-847c-721d59359561,not_disclosed,female,no,26-35,christian,rwandan,n/a
2c9bcf89-2578-41e4-a0e3-60e5a180c2e2,not_disclosed,male,yes,36-45,none,rwandan,n/a
3f0c8d4f-3ef4-4531-8f8e-439c977edd31,not_disclosed,male,no,56-65,christian,rwandan,n/a
4a59bf0e-0233-4cb4-8c30-1dcee128e329,not_disclosed,male,no,66+,christian,rwandan,n/a
03894562-eefc-4c54-83f3-aecaa9a742fb,not_disclosed,female,no,46-55,christian,rwandan,n/a
f6a6b957-dfa6-4bb6-bebb-b9cdd1742740,not_disclosed,male,no,36-45,christian,rwandan,n/a
43bcb3aa-c4d3-4ba9-bdd9-738cd3e0c250,not_disclosed,male,no,66+,christian,rwandan,n/a
0b53c222-fffa-4ea8-a308-4e2bb1e54ed8,not_disclosed,male,no,36-45,christian,rwandan,n/a
7b7805c0-f807-4a84-99ef-90be300a8e36,not_disclosed,male,no,18-25,christian,rwandan,n/a
0822004e-91c4-434d-b74c-3e33e0f1b9ba,not_disclosed,female,no,26-35,christian,rwandan,n/a
fee319c9-fcee-4e2c-bcce-fa335f85e544,not_disclosed,male,no,26-35,christian,rwandan,n/a
08b19a0b-d56d-498d-82bc-a80e0e1a217d,not_disclosed,female,no,66+,christian,rwandan,n/a
22f97812-fe16-4419-89ba-ebd2e3839e83,not_disclosed,male,no,26-35,christian,rwandan,n/a
8795c956-613b-4ece-9856-3567322e96dc,not_disclosed,male,no,36-45,christian,rwandan,n/a
378b74ae-1ab2-400a-b00b-11206e95ccf7,not_disclosed,male,no,46-55,christian,rwandan,n/a
8bf05749-258f-4a81-9615-c790e623475e,not_disclosed,male,no,36-45,christian,rwandan,n/a
7aab0e31-311c-4768-a8de-b431e0ee4519,not_disclosed,female,no,18-25,christian,rwandan,n/a
c3c464e7-7fe1-483c-aea4-6cc9d5c25f64,not_disclosed,male,no,66+,christian,rwandan,n/a
d9290da9-b3ae-487a-a37d-9b12b309606b,not_disclosed,male,yes,36-45,christian,rwandan,n/a
947e7c9c-977d-46f4-b78a-8f2406a25b7c,not_disclosed,male,yes,66+,christian,rwandan,n/a
c0179819-4e75-4cfd-8367-55c3ebebbc1b,not_disclosed,male,no,36-45,christian,rwandan,n/a
1e1dab9d-535b-4e9f-9ec7-33f4777adb7c,not_disclosed,male,no,66+,christian,rwandan,n/a
fb2ff6ac-67ad-46a2-88ef-35c3641a16da,not_disclosed,male,no,26-35,christian,rwandan,n/a
27a0ce75-a91e-41de-b563-6e2107e78784,not_disclosed,male,no,26-35,christian,rwandan,n/a
6cc4987f-a919-468b-a1ae-a4b54cfaee95,not_disclosed,male,no,46-55,christian,rwandan,n/a
2b6ccc0f-b4ac-4d52-b765-e365ebe328a6,not_disclosed,female,no,66+,christian,rwandan,n/a
526ffc8b-7e7a-421f-ac4a-d1354ef5cb0d,not_disclosed,male,no,36-45,christian,rwandan,n/a
e63a468a-6848-43ca-ad4b-d6f47793de84,not_disclosed,female,no,26-35,christian,rwandan,n/a
c2fdb43c-aa4a-46c8-bb0a-b490e4458983,not_disclosed,male,no,56-65,none,rwandan,n/a
4d6636a4-2e43-48ee-bac2-adc0ed72cce6,not_disclosed,male,no,26-35,christian,rwandan,n/a
4a773a3d-afff-42e8-813a-f40a2d5a7638,not_disclosed,male,no,26-35,muslim,rwandan,n/a
a68020ad-0e67-41f3-98f6-1fc3c76febd7,not_disclosed,male,no,36-45,christian,other,n/a
d8c99c35-1806-484b-8d2c-d4afa8e5129a,not_disclosed,male,no,26-35,muslim,rwandan,n/a
3febb75c-368c-42f2-9c4b-609c6d476c52,not_disclosed,female,no,66+,christian,rwandan,n/a
e4b8896b-e016-4f0e-9e05-9e01a939997e,not_disclosed,male,no,36-45,christian,rwandan,n/a
d9c23338-aa6a-4b54-9935-4333492a455c,not_disclosed,female,no,36-45,christian,rwandan,n/a
2462b9b7-9a1b-4e55-b63e-f149ab7bfab8,not_disclosed,male,no,36-45,christian,rwandan,n/a
9ff95657-f479-4d4f-aa93-038ff4bd18cb,not_disclosed,male,no,18-25,christian,rwandan,n/a
af67dae7-90cf-4644-b352-a8657780536e,not_disclosed,male,no,36-45,christian,rwandan,n/a
5ace27d8-1a2f-4c59-a94a-e26ab7bec73c,not_disclosed,male,no,36-45,christian,rwandan,n/a
218167a6-e0d3-4e95-b77d-f682ebae7bac,not_disclosed,male,no,46-55,other,rwandan,n/a
e5c953d4-5508-4458-82b6-c4dee1fe86c8,not_disclosed,female,no,66+,christian,rwandan,n/a
88a1defc-efde-4b7b-a9c8-d20a5f716094,not_disclosed,male,no,18-25,christian,rwandan,n/a
5f98ecd1-bf41-4fe0-b5db-b8978c2bd8d5,not_disclosed,male,no,26-35,christian,rwandan,n/a
79333e2c-cf1a-4bbd-9fc7-0fc4930245ee,not_disclosed,female,no,26-35,christian,rwandan,n/a
05fb9ebf-5ff7-49a9-95cc-2d2400d289cb,not_disclosed,male,no,26-35,christian,rwandan,n/a
50db366d-75e9-482d-b301-de47c2ccd28e,not_disclosed,female,no,36-45,christian,rwandan,n/a
1f1ce023-58f0-47f6-819b-61c5f4ebb173,not_disclosed,male,yes,36-45,christian,rwandan,n/a
9e31f9b2-4efe-403b-ae03-63baf8f0ee0c,not_disclosed,female,no,26-35,none,rwandan,n/a
e6730c68-8c79-4379-ad1f-cab46f42d1b0,not_disclosed,male,no,26-35,christian,rwandan,n/a
5940b8a3-6832-4f98-bf6b-7c33f8e5506f,not_disclosed,female,no,26-35,christian,other,n/a
ac20a895-744a-455c-aea9-7a6e60145f63,not_disclosed,female,no,56-65,christian,rwandan,n/a
7b4a032c-d7af-4026-9d02-c3be5d00d4b4,not_disclosed,female,no,36-45,christian,rwandan,n/a
ebcdd64a-c96e-4e28-a204-88f825e9d4ba,not_disclosed,female,no,46-55,christian,rwandan,n/a
2587a64c-a182-4b75-a803-41e805ae5d60,not_disclosed,male,no,66+,christian,other,n/a
a1fcf9ad-d900-4d70-8710-5351948f2592,not_disclosed,male,no,46-55,christian,rwandan,n/a
fbfc495b-f0c7-4041-a4bc-150fbcb02f9b,not_disclosed,female,no,56-65,christian,rwandan,n/a
d6ce4d88-a0f4-4043-8f84-37ab11896375,not_disclosed,female,no,18-25,christian,rwandan,n/a
f687880d-4cff-4e3f-b1ae-e7bdd3fe539f,not_disclosed,male,no,56-65,christian,rwandan,n/a
2d4695ac-1e0a-4cc8-9e0d-aa0884a222b3,not_disclosed,male,no,46-55,christian,rwandan,n/a
